{
  "mae_non_fe_test": 0.2900649254911818,
  "r2_non_fe_test": 0.8179796997483076,
  "mae_fe_test": 0.22189011854426838,
  "r2_fe_test": 0.8381679368176508,
  "run_time_sec": 5.335955619812012,
  "sequence": [
    "N0",
    "N2",
    "N1",
    "N4",
    "N6",
    "N8",
    "N9"
  ],
  "timestamp": "2025-10-07 00:37:15",
  "execution_times": {
    "N0": 0.26274657249450684,
    "N2": 0.07885265350341797,
    "N1": 0.030231475830078125,
    "N4": 0.013080835342407227,
    "N6": 0.008892536163330078,
    "N8": 4.938717365264893,
    "N9": 0.0005676746368408203
  },
  "total_execution_time": 5.333089113235474
}