{
  "mae_non_fe_test": 0.2935781463131775,
  "r2_non_fe_test": 0.7837206271930679,
  "mae_fe_test": 0.18966423859062223,
  "r2_fe_test": 0.8376874476239293,
  "run_time_sec": 2.8023056983947754,
  "sequence": [
    "N0",
    "N2",
    "N4",
    "N7",
    "N8",
    "N9"
  ],
  "timestamp": "2025-10-07 01:09:20",
  "execution_times": {
    "N0": 0.5007121562957764,
    "N2": 0.07990169525146484,
    "N4": 0.018354177474975586,
    "N7": 0.04522085189819336,
    "N8": 2.154336929321289,
    "N9": 0.0008146762847900391
  },
  "total_execution_time": 2.7993404865264893
}