{
  "mae_non_fe_test": 0.2654803844780125,
  "r2_non_fe_test": 0.8233542770507589,
  "mae_fe_test": 0.21832753192160134,
  "r2_fe_test": 0.8202218845991882,
  "run_time_sec": 13.397443056106567,
  "sequence": [
    "N0",
    "N2",
    "N1",
    "N8",
    "N9"
  ],
  "timestamp": "2025-10-07 00:24:55",
  "execution_times": {
    "N0": 0.23432302474975586,
    "N2": 0.09978222846984863,
    "N1": 0.10640144348144531,
    "N8": 12.955241203308105,
    "N9": 3.0994415283203125e-06
  },
  "total_execution_time": 13.395750999450684
}