{
  "mae_non_fe_test": 0.4866445244867021,
  "r2_non_fe_test": 0.5035908071001381,
  "mae_fe_test": 0.21518610946188227,
  "r2_fe_test": 0.8145674425782613,
  "run_time_sec": 1.0815930366516113,
  "sequence": [
    "N0",
    "N2",
    "N1",
    "N7",
    "N6",
    "N3",
    "N4",
    "N8",
    "N9"
  ],
  "timestamp": "2025-10-07 00:51:54",
  "execution_times": {
    "N0": 0.23841142654418945,
    "N2": 0.07847142219543457,
    "N1": 0.02859044075012207,
    "N7": 0.007031440734863281,
    "N6": 0.012308597564697266,
    "N3": 0.0023148059844970703,
    "N4": 0.002534627914428711,
    "N8": 0.7076411247253418,
    "N9": 0.0007774829864501953
  },
  "total_execution_time": 1.0780813694000244
}