{
  "mae_non_fe_test": 0.2764933251638621,
  "r2_non_fe_test": 0.8267630596166543,
  "mae_fe_test": 0.22855262423559608,
  "r2_fe_test": 0.8393864042936929,
  "run_time_sec": 2.1053218841552734,
  "sequence": [
    "N0",
    "N2",
    "N1",
    "N6",
    "N7",
    "N3",
    "N4",
    "N5",
    "N8",
    "N9"
  ],
  "timestamp": "2025-10-07 00:55:27",
  "execution_times": {
    "N0": 0.33271002769470215,
    "N2": 0.08777284622192383,
    "N1": 0.06527066230773926,
    "N6": 0.011378288269042969,
    "N7": 0.011006832122802734,
    "N3": 0.010162353515625,
    "N4": 0.015308141708374023,
    "N5": 0.0006721019744873047,
    "N8": 1.5632388591766357,
    "N9": 0.0008287429809570312
  },
  "total_execution_time": 2.09834885597229
}