{
  "mae_non_fe_test": 0.7175612367738792,
  "r2_non_fe_test": -0.04848330046625482,
  "mae_fe_test": 0.5325011798821188,
  "r2_fe_test": 0.24592852809554022,
  "run_time_sec": 0.8378720283508301,
  "sequence": [
    "N0",
    "N2",
    "N5",
    "N4",
    "N1",
    "N3",
    "N6",
    "N8",
    "N9"
  ],
  "timestamp": "2025-10-07 00:51:37",
  "execution_times": {
    "N0": 0.22568297386169434,
    "N2": 0.06801629066467285,
    "N5": 0.0005707740783691406,
    "N4": 0.014742851257324219,
    "N1": 0.03918862342834473,
    "N3": 0.0006577968597412109,
    "N6": 0.010732412338256836,
    "N8": 0.4743947982788086,
    "N9": 0.0006396770477294922
  },
  "total_execution_time": 0.8346261978149414
}