{
  "mae_non_fe_test": 0.2887926056458172,
  "r2_non_fe_test": 0.8158638852496563,
  "mae_fe_test": 0.28736934068709036,
  "r2_fe_test": 0.7784752139748082,
  "run_time_sec": 0.9986975193023682,
  "sequence": [
    "N0",
    "N2",
    "N1",
    "N4",
    "N6",
    "N5",
    "N3",
    "N7",
    "N8",
    "N9"
  ],
  "timestamp": "2025-10-07 00:44:15",
  "execution_times": {
    "N0": 0.2780468463897705,
    "N2": 0.1018669605255127,
    "N1": 0.028605937957763672,
    "N4": 0.013783693313598633,
    "N6": 0.006735324859619141,
    "N5": 0.000885009765625,
    "N3": 0.02079916000366211,
    "N7": 0.023148059844970703,
    "N8": 0.5181550979614258,
    "N9": 0.0008523464202880859
  },
  "total_execution_time": 0.9928784370422363
}