{
  "mae_non_fe_test": 0.2655244641523734,
  "r2_non_fe_test": 0.8508779410963698,
  "mae_fe_test": 0.26595345091142186,
  "r2_fe_test": 0.7807126529237698,
  "run_time_sec": 11.120787858963013,
  "sequence": [
    "N0",
    "N2",
    "N1",
    "N8",
    "N9"
  ],
  "timestamp": "2025-10-07 00:55:49",
  "execution_times": {
    "N0": 0.26779961585998535,
    "N2": 0.07899355888366699,
    "N1": 0.06031036376953125,
    "N8": 10.711127996444702,
    "N9": 0.0005147457122802734
  },
  "total_execution_time": 11.118746280670166
}