{
  "mae_non_fe_test": 0.27040021430865857,
  "r2_non_fe_test": 0.8162355797218785,
  "mae_fe_test": 0.2631230518657727,
  "r2_fe_test": 0.7897867141348123,
  "run_time_sec": 2.3605003356933594,
  "sequence": [
    "N0",
    "N2",
    "N3",
    "N1",
    "N8",
    "N9"
  ],
  "timestamp": "2025-10-07 00:54:46",
  "execution_times": {
    "N0": 0.5447018146514893,
    "N2": 0.15552425384521484,
    "N3": 0.06791377067565918,
    "N1": 0.02423858642578125,
    "N8": 1.5627481937408447,
    "N9": 0.0009503364562988281
  },
  "total_execution_time": 2.356076955795288
}