{
  "mae_non_fe_test": 0.275022819428098,
  "r2_non_fe_test": 0.8274172428672687,
  "mae_fe_test": 0.20560839211397874,
  "r2_fe_test": 0.820610724681794,
  "run_time_sec": 1.3999099731445312,
  "sequence": [
    "N0",
    "N2",
    "N4",
    "N3",
    "N8",
    "N9"
  ],
  "timestamp": "2025-10-07 00:55:14",
  "execution_times": {
    "N0": 0.28050684928894043,
    "N2": 0.07849621772766113,
    "N4": 0.019144058227539062,
    "N3": 0.0006146430969238281,
    "N8": 1.0163931846618652,
    "N9": 0.0007770061492919922
  },
  "total_execution_time": 1.3959319591522217
}