{
  "mae_non_fe_test": 0.2703922480285605,
  "r2_non_fe_test": 0.8361520119690988,
  "mae_fe_test": 0.18809693908465774,
  "r2_fe_test": 0.8643180317004784,
  "run_time_sec": 2.048565149307251,
  "sequence": [
    "N0",
    "N2",
    "N4",
    "N3",
    "N1",
    "N6",
    "N8",
    "N9"
  ],
  "timestamp": "2025-10-07 00:21:23",
  "execution_times": {
    "N0": 0.3559877872467041,
    "N2": 0.08701229095458984,
    "N4": 0.02142333984375,
    "N3": 0.013669729232788086,
    "N1": 0.055831193923950195,
    "N6": 0.011504650115966797,
    "N8": 1.4978446960449219,
    "N9": 4.76837158203125e-06
  },
  "total_execution_time": 2.043278455734253
}