{
  "mae_non_fe_test": 0.26811353737547533,
  "r2_non_fe_test": 0.833260923650486,
  "mae_fe_test": 0.30870601609721654,
  "r2_fe_test": 0.7387380837117239,
  "run_time_sec": 6.80156683921814,
  "sequence": [
    "N0",
    "N2",
    "N1",
    "N6",
    "N7",
    "N8",
    "N9"
  ],
  "timestamp": "2025-10-07 00:10:14",
  "execution_times": {
    "N0": 0.2692704200744629,
    "N2": 0.0663151741027832,
    "N1": 0.03119635581970215,
    "N6": 0.00625157356262207,
    "N7": 0.00612187385559082,
    "N8": 6.4200758934021,
    "N9": 3.337860107421875e-06
  },
  "total_execution_time": 6.799234628677368
}