{
  "mae_non_fe_test": 0.2809640010946804,
  "r2_non_fe_test": 0.8226047943545111,
  "mae_fe_test": 0.28116514027111633,
  "r2_fe_test": 0.7782518909977791,
  "run_time_sec": 2.1282052993774414,
  "sequence": [
    "N0",
    "N2",
    "N7",
    "N1",
    "N8",
    "N9"
  ],
  "timestamp": "2025-10-07 00:44:17",
  "execution_times": {
    "N0": 0.3265039920806885,
    "N2": 0.08903145790100098,
    "N7": 0.02144646644592285,
    "N1": 0.00996851921081543,
    "N8": 1.6755707263946533,
    "N9": 0.001127481460571289
  },
  "total_execution_time": 2.1236486434936523
}