{
  "mae_non_fe_test": 0.2767251844789143,
  "r2_non_fe_test": 0.8233725079626044,
  "mae_fe_test": 0.2198390958369466,
  "r2_fe_test": 0.8474323075150428,
  "run_time_sec": 1.5418221950531006,
  "sequence": [
    "N0",
    "N2",
    "N4",
    "N1",
    "N7",
    "N6",
    "N5",
    "N3",
    "N8",
    "N9"
  ],
  "timestamp": "2025-10-12 00:46:17",
  "execution_times": {
    "N0": 0.32190704345703125,
    "N2": 0.08887887001037598,
    "N4": 0.016150474548339844,
    "N1": 0.011088848114013672,
    "N7": 0.0076503753662109375,
    "N6": 0.006605625152587891,
    "N5": 0.0007143020629882812,
    "N3": 0.03164958953857422,
    "N8": 1.0505437850952148,
    "N9": 0.000985860824584961
  },
  "total_execution_time": 1.5361747741699219
}