{
  "mae_non_fe_test": 0.2735608028559471,
  "r2_non_fe_test": 0.8209382116553434,
  "mae_fe_test": 0.2355638056552508,
  "r2_fe_test": 0.8181471538727737,
  "run_time_sec": 17.345107793807983,
  "sequence": [
    "N0",
    "N2",
    "N8",
    "N9"
  ],
  "timestamp": "2025-10-12 00:45:58",
  "execution_times": {
    "N0": 0.29848623275756836,
    "N2": 0.10627937316894531,
    "N8": 16.937339544296265,
    "N9": 0.0007207393646240234
  },
  "total_execution_time": 17.342825889587402
}