{
  "mae_non_fe_test": 0.2867836897716998,
  "r2_non_fe_test": 0.8295365559479349,
  "mae_fe_test": 0.19267383273127206,
  "r2_fe_test": 0.8512485620479804,
  "run_time_sec": 0.9324862957000732,
  "sequence": [
    "N0",
    "N2",
    "N8",
    "N9"
  ],
  "timestamp": "2025-10-07 00:07:55",
  "execution_times": {
    "N0": 0.2505810260772705,
    "N2": 0.06628584861755371,
    "N8": 0.6120023727416992,
    "N9": 5.4836273193359375e-06
  },
  "total_execution_time": 0.9288747310638428
}