{
  "mae_non_fe_test": 0.2718613684520851,
  "r2_non_fe_test": 0.8193124092550435,
  "mae_fe_test": 0.22105135798563527,
  "r2_fe_test": 0.8079212559356315,
  "run_time_sec": 11.10962963104248,
  "sequence": [
    "N0",
    "N2",
    "N4",
    "N8",
    "N9"
  ],
  "timestamp": "2025-10-07 00:56:01",
  "execution_times": {
    "N0": 0.2651512622833252,
    "N2": 0.0859231948852539,
    "N4": 0.020758628845214844,
    "N8": 10.73511028289795,
    "N9": 0.0006260871887207031
  },
  "total_execution_time": 11.107569456100464
}