{
  "mae_non_fe_test": 0.2676765698277107,
  "r2_non_fe_test": 0.8521029205492372,
  "mae_fe_test": 0.2337483387409971,
  "r2_fe_test": 0.7980246553688317,
  "run_time_sec": 10.930845499038696,
  "sequence": [
    "N0",
    "N2",
    "N8",
    "N9"
  ],
  "timestamp": "2025-10-07 01:08:32",
  "execution_times": {
    "N0": 0.24106431007385254,
    "N2": 0.07657337188720703,
    "N8": 10.610904455184937,
    "N9": 0.0005190372467041016
  },
  "total_execution_time": 10.9290611743927
}