{
  "mae_non_fe_test": 0.25852649045896764,
  "r2_non_fe_test": 0.8453331652787991,
  "mae_fe_test": 0.21162982350936044,
  "r2_fe_test": 0.8340784261588966,
  "run_time_sec": 12.665093660354614,
  "sequence": [
    "N0",
    "N2",
    "N8",
    "N9"
  ],
  "timestamp": "2025-10-07 00:45:46",
  "execution_times": {
    "N0": 0.34801459312438965,
    "N2": 0.09188389778137207,
    "N8": 12.22323751449585,
    "N9": 0.0003962516784667969
  },
  "total_execution_time": 12.663532257080078
}