{
  "mae_non_fe_test": 0.29046807263688035,
  "r2_non_fe_test": 0.8256248540583888,
  "mae_fe_test": 0.22545572368025843,
  "r2_fe_test": 0.8388850227130231,
  "run_time_sec": 1.7173497676849365,
  "sequence": [
    "N0",
    "N2",
    "N8",
    "N9"
  ],
  "timestamp": "2025-10-07 00:48:27",
  "execution_times": {
    "N0": 0.37296390533447266,
    "N2": 0.0880422592163086,
    "N8": 1.2511961460113525,
    "N9": 0.0007081031799316406
  },
  "total_execution_time": 1.7129104137420654
}