{
  "mae_non_fe_test": 0.301111738295779,
  "r2_non_fe_test": 0.8172574481370082,
  "mae_fe_test": 0.22226560417400829,
  "r2_fe_test": 0.8408352351655423,
  "run_time_sec": 0.9281535148620605,
  "sequence": [
    "N0",
    "N2",
    "N1",
    "N6",
    "N3",
    "N5",
    "N8",
    "N9"
  ],
  "timestamp": "2025-10-07 00:51:57",
  "execution_times": {
    "N0": 0.38133835792541504,
    "N2": 0.09829258918762207,
    "N1": 0.03027796745300293,
    "N6": 0.00824284553527832,
    "N3": 0.008594036102294922,
    "N5": 0.0009105205535888672,
    "N8": 0.3941984176635742,
    "N9": 0.0010230541229248047
  },
  "total_execution_time": 0.9228777885437012
}