{
  "mae_non_fe_test": 0.4073013933541713,
  "r2_non_fe_test": 0.6816629576866561,
  "mae_fe_test": 0.24954040820729972,
  "r2_fe_test": 0.7951886601193778,
  "run_time_sec": 1.2883656024932861,
  "sequence": [
    "N0",
    "N2",
    "N1",
    "N5",
    "N3",
    "N4",
    "N6",
    "N8",
    "N9"
  ],
  "timestamp": "2025-10-07 00:57:15",
  "execution_times": {
    "N0": 0.22163867950439453,
    "N2": 0.07121396064758301,
    "N1": 0.023667097091674805,
    "N5": 0.0005054473876953125,
    "N3": 0.00048279762268066406,
    "N4": 0.013510942459106445,
    "N6": 0.007287025451660156,
    "N8": 0.9460525512695312,
    "N9": 0.0007433891296386719
  },
  "total_execution_time": 1.2851018905639648
}