{
  "mae_non_fe_test": 0.2710248178501866,
  "r2_non_fe_test": 0.8335622080004293,
  "mae_fe_test": 0.21151258595651418,
  "r2_fe_test": 0.8248284029497162,
  "run_time_sec": 8.848457336425781,
  "sequence": [
    "N0",
    "N2",
    "N1",
    "N8",
    "N9"
  ],
  "timestamp": "2025-10-07 01:11:06",
  "execution_times": {
    "N0": 0.3528733253479004,
    "N2": 0.058450937271118164,
    "N1": 0.04723763465881348,
    "N8": 8.387928485870361,
    "N9": 0.00040793418884277344
  },
  "total_execution_time": 8.846898317337036
}