{
  "mae_non_fe_test": 0.29697887141767604,
  "r2_non_fe_test": 0.8139772932595672,
  "mae_fe_test": 0.2003963288833797,
  "r2_fe_test": 0.8321955780294803,
  "run_time_sec": 1.8508074283599854,
  "sequence": [
    "N0",
    "N2",
    "N8",
    "N9"
  ],
  "timestamp": "2025-10-07 00:24:30",
  "execution_times": {
    "N0": 0.2165968418121338,
    "N2": 0.057823896408081055,
    "N8": 1.5741398334503174,
    "N9": 3.814697265625e-06
  },
  "total_execution_time": 1.8485643863677979
}