{
  "mae_non_fe_test": 0.25049774491868376,
  "r2_non_fe_test": 0.8398642269107512,
  "mae_fe_test": 0.1841042772694252,
  "r2_fe_test": 0.8478921572075071,
  "run_time_sec": 3.61470890045166,
  "sequence": [
    "N0",
    "N0",
    "N2",
    "N1",
    "N3",
    "N6",
    "N7"
  ],
  "timestamp": "2025-09-01 09:44:36",
  "execution_times": {
    "N0": 0.2943241596221924,
    "N2": 0.2518737316131592,
    "N1": 0.02786564826965332,
    "N3": 0.04009675979614258,
    "N6": 0.00835108757019043,
    "N7": 0.007660865783691406,
    "N8": 2.9801130294799805,
    "N9": 6.67572021484375e-06
  },
  "total_execution_time": 3.6102919578552246
}