{
  "mae_non_fe_test": 0.25993437921656304,
  "r2_non_fe_test": 0.8391210316605973,
  "mae_fe_test": 0.251224153922671,
  "r2_fe_test": 0.8002613133238086,
  "run_time_sec": 1.726792573928833,
  "sequence": [
    "N0",
    "N2",
    "N3",
    "N8",
    "N9"
  ],
  "timestamp": "2025-10-07 00:19:49",
  "execution_times": {
    "N0": 0.20642948150634766,
    "N2": 0.05840635299682617,
    "N3": 5.4836273193359375e-06,
    "N8": 1.4578852653503418,
    "N9": 4.76837158203125e-06
  },
  "total_execution_time": 1.722731351852417
}