{
  "mae_non_fe_test": 0.28667200429415074,
  "r2_non_fe_test": 0.8180559341118749,
  "mae_fe_test": 0.1993912375365507,
  "r2_fe_test": 0.8429351412280984,
  "run_time_sec": 1.94516921043396,
  "sequence": [
    "N0",
    "N2",
    "N1",
    "N6",
    "N8",
    "N9"
  ],
  "timestamp": "2025-10-07 00:14:50",
  "execution_times": {
    "N0": 0.48903489112854004,
    "N2": 0.06926822662353516,
    "N1": 0.036292076110839844,
    "N6": 0.006968259811401367,
    "N8": 1.3404920101165771,
    "N9": 5.245208740234375e-06
  },
  "total_execution_time": 1.9420607089996338
}