{
  "mae_non_fe_test": null,
  "r2_non_fe_test": null,
  "mae_fe_test": null,
  "r2_fe_test": null,
  "run_time_sec": 0.31605005264282227,
  "sequence": [
    "N0",
    "N2",
    "N8",
    "N9"
  ],
  "timestamp": "2025-10-07 00:21:20",
  "execution_times": {
    "N0": 0.24216222763061523,
    "N2": 0.06776881217956543,
    "N8": 0.005891084671020508,
    "N9": 2.6226043701171875e-06
  },
  "total_execution_time": 0.3158247470855713,
  "error": "The 'y_pred' parameter of mean_absolute_error must be an array-like. Got None instead."
}