{
  "mae_non_fe_test": 0.2642142587246541,
  "r2_non_fe_test": 0.8454120154639915,
  "mae_fe_test": 0.26530320770954297,
  "r2_fe_test": 0.7662908711152079,
  "run_time_sec": 10.618075847625732,
  "sequence": [
    "N0",
    "N2",
    "N3",
    "N5",
    "N7",
    "N1",
    "N4",
    "N8",
    "N9"
  ],
  "timestamp": "2025-10-07 01:08:56",
  "execution_times": {
    "N0": 0.22540783882141113,
    "N2": 0.06821274757385254,
    "N3": 0.04163098335266113,
    "N5": 0.00042939186096191406,
    "N7": 0.01061558723449707,
    "N1": 0.03610420227050781,
    "N4": 0.015045166015625,
    "N8": 10.21712064743042,
    "N9": 0.00043201446533203125
  },
  "total_execution_time": 10.614998579025269
}