{
  "mae_non_fe_test": null,
  "r2_non_fe_test": null,
  "mae_fe_test": null,
  "r2_fe_test": null,
  "run_time_sec": 0.383056640625,
  "sequence": [
    "N0",
    "N2",
    "N4",
    "N7",
    "N8",
    "N9"
  ],
  "timestamp": "2025-10-07 00:22:55",
  "execution_times": {
    "N0": 0.25106072425842285,
    "N2": 0.08037614822387695,
    "N4": 0.01918768882751465,
    "N7": 0.026656627655029297,
    "N8": 0.004752159118652344,
    "N9": 1.430511474609375e-05
  },
  "total_execution_time": 0.3820476531982422,
  "error": "The 'y_pred' parameter of mean_absolute_error must be an array-like. Got None instead."
}