{
  "mae_non_fe_test": 0.2722532388849,
  "r2_non_fe_test": 0.8446400476595779,
  "mae_fe_test": 0.17900173267794328,
  "r2_fe_test": 0.8594144548937042,
  "run_time_sec": 10.509580373764038,
  "sequence": [
    "N0",
    "N2",
    "N7",
    "N3",
    "N4",
    "N1",
    "N8",
    "N9"
  ],
  "timestamp": "2025-10-07 00:13:40",
  "execution_times": {
    "N0": 0.2721529006958008,
    "N2": 0.06818795204162598,
    "N7": 0.019152164459228516,
    "N3": 0.04309344291687012,
    "N4": 0.012262105941772461,
    "N1": 0.049269676208496094,
    "N8": 10.04262924194336,
    "N9": 4.76837158203125e-06
  },
  "total_execution_time": 10.506752252578735
}