{
  "mae_non_fe_test": 0.27790046301109617,
  "r2_non_fe_test": 0.8310633517633096,
  "mae_fe_test": 0.19552133276782158,
  "r2_fe_test": 0.845893379034979,
  "run_time_sec": 9.9313645362854,
  "sequence": [
    "N0",
    "N2",
    "N5",
    "N7",
    "N1",
    "N4",
    "N3",
    "N8",
    "N9"
  ],
  "timestamp": "2025-10-07 00:58:37",
  "execution_times": {
    "N0": 0.2625091075897217,
    "N2": 0.06917667388916016,
    "N5": 0.00044536590576171875,
    "N7": 0.017296791076660156,
    "N1": 0.007860898971557617,
    "N4": 0.012104511260986328,
    "N3": 0.0408017635345459,
    "N8": 9.517516851425171,
    "N9": 0.0005855560302734375
  },
  "total_execution_time": 9.928297519683838
}