{
  "mae_non_fe_test": 0.7288805717141589,
  "r2_non_fe_test": -0.03747074021821262,
  "mae_fe_test": 0.5974409380132071,
  "r2_fe_test": 0.07880924455894,
  "run_time_sec": 0.888298749923706,
  "sequence": [
    "N0",
    "N2",
    "N5",
    "N4",
    "N1",
    "N6",
    "N7",
    "N8",
    "N9"
  ],
  "timestamp": "2025-10-07 00:52:50",
  "execution_times": {
    "N0": 0.20679640769958496,
    "N2": 0.06871390342712402,
    "N5": 0.0005540847778320312,
    "N4": 0.01769089698791504,
    "N1": 0.04184722900390625,
    "N6": 0.011074304580688477,
    "N7": 0.0029976367950439453,
    "N8": 0.5355441570281982,
    "N9": 0.0005245208740234375
  },
  "total_execution_time": 0.8857431411743164
}