{
  "mae_non_fe_test": 0.29761595169083205,
  "r2_non_fe_test": 0.8117959737590911,
  "mae_fe_test": 0.20668464000767645,
  "r2_fe_test": 0.8281942489480673,
  "run_time_sec": 2.0928823947906494,
  "sequence": [
    "N0",
    "N2",
    "N7",
    "N1",
    "N5",
    "N4",
    "N8",
    "N9"
  ],
  "timestamp": "2025-10-07 01:06:52",
  "execution_times": {
    "N0": 0.2768526077270508,
    "N2": 0.08608484268188477,
    "N7": 0.056505680084228516,
    "N1": 0.012136459350585938,
    "N5": 0.0006005764007568359,
    "N4": 0.013010263442993164,
    "N8": 1.6440961360931396,
    "N9": 0.0006697177886962891
  },
  "total_execution_time": 2.089956283569336
}