{
  "mae_non_fe_test": 0.28061121948529383,
  "r2_non_fe_test": 0.8216712769696206,
  "mae_fe_test": 0.1999739761960503,
  "r2_fe_test": 0.8342273712092141,
  "run_time_sec": 2.644407033920288,
  "sequence": [
    "N0",
    "N2",
    "N8",
    "N9"
  ],
  "timestamp": "2025-10-07 00:05:04",
  "execution_times": {
    "N0": 0.40201282501220703,
    "N2": 0.08941125869750977,
    "N8": 2.150541305541992,
    "N9": 5.0067901611328125e-06
  },
  "total_execution_time": 2.64197039604187
}