{
  "mae_non_fe_test": 0.2792420855021328,
  "r2_non_fe_test": 0.8367128380171401,
  "mae_fe_test": 0.21742389722681355,
  "r2_fe_test": 0.8308824715030427,
  "run_time_sec": 1.5935883522033691,
  "sequence": [
    "N0",
    "N2",
    "N8",
    "N9"
  ],
  "timestamp": "2025-10-07 00:15:17",
  "execution_times": {
    "N0": 0.266507625579834,
    "N2": 0.0744163990020752,
    "N8": 1.248680830001831,
    "N9": 5.245208740234375e-06
  },
  "total_execution_time": 1.5896100997924805
}