{
  "mae_non_fe_test": 0.4418329955163057,
  "r2_non_fe_test": 0.6029847544851004,
  "mae_fe_test": 0.33190496712694895,
  "r2_fe_test": 0.4761010855975788,
  "run_time_sec": 0.8530378341674805,
  "sequence": [
    "N0",
    "N2",
    "N4",
    "N5",
    "N7",
    "N6",
    "N8",
    "N9"
  ],
  "timestamp": "2025-10-07 01:11:28",
  "execution_times": {
    "N0": 0.23102378845214844,
    "N2": 0.07407331466674805,
    "N4": 0.018825292587280273,
    "N5": 0.0004868507385253906,
    "N7": 0.014393806457519531,
    "N6": 0.013288736343383789,
    "N8": 0.49738240242004395,
    "N9": 0.0006589889526367188
  },
  "total_execution_time": 0.8501331806182861
}