{
  "mae_non_fe_test": 0.27024847603225394,
  "r2_non_fe_test": 0.8298014233281675,
  "mae_fe_test": 0.23348290391305768,
  "r2_fe_test": 0.7993887884213484,
  "run_time_sec": 11.440002918243408,
  "sequence": [
    "N0",
    "N2",
    "N4",
    "N8",
    "N9"
  ],
  "timestamp": "2025-10-07 00:51:36",
  "execution_times": {
    "N0": 0.2892444133758545,
    "N2": 0.09574651718139648,
    "N4": 0.022356748580932617,
    "N8": 11.03039002418518,
    "N9": 0.000469207763671875
  },
  "total_execution_time": 11.438206911087036
}