{
  "mae_non_fe_test": 0.3127810631174003,
  "r2_non_fe_test": 0.7602992859637837,
  "mae_fe_test": 0.19098054985863586,
  "r2_fe_test": 0.8439164036658241,
  "run_time_sec": 1.494795799255371,
  "sequence": [
    "N0",
    "N2",
    "N1",
    "N6",
    "N8",
    "N9"
  ],
  "timestamp": "2025-10-07 00:23:23",
  "execution_times": {
    "N0": 0.24514508247375488,
    "N2": 0.07318758964538574,
    "N1": 0.05501866340637207,
    "N6": 0.009176254272460938,
    "N8": 1.1094868183135986,
    "N9": 3.337860107421875e-06
  },
  "total_execution_time": 1.4920177459716797
}