{
  "mae_non_fe_test": 0.2801526980289587,
  "r2_non_fe_test": 0.8031899607224492,
  "mae_fe_test": 0.21897379687073967,
  "r2_fe_test": 0.8336634354227564,
  "run_time_sec": 1.3252029418945312,
  "sequence": [
    "N0",
    "N2",
    "N7",
    "N4",
    "N1",
    "N8",
    "N9"
  ],
  "timestamp": "2025-10-07 00:12:47",
  "execution_times": {
    "N0": 0.22997760772705078,
    "N2": 0.06855630874633789,
    "N7": 0.05447244644165039,
    "N4": 0.012421846389770508,
    "N1": 0.04694318771362305,
    "N8": 0.9074957370758057,
    "N9": 7.62939453125e-06
  },
  "total_execution_time": 1.3198747634887695
}