{
  "mae_non_fe_test": 0.2800640369729678,
  "r2_non_fe_test": 0.8306989950834979,
  "mae_fe_test": 0.21898974300557925,
  "r2_fe_test": 0.831152051401997,
  "run_time_sec": 1.7130882740020752,
  "sequence": [
    "N0",
    "N2",
    "N8",
    "N9"
  ],
  "timestamp": "2025-10-07 00:44:41",
  "execution_times": {
    "N0": 0.2966008186340332,
    "N2": 0.09945392608642578,
    "N8": 1.309889316558838,
    "N9": 0.0010738372802734375
  },
  "total_execution_time": 1.7070178985595703
}