{
  "mae_non_fe_test": 0.2679476118177524,
  "r2_non_fe_test": 0.831380583410994,
  "mae_fe_test": 0.18416911717569168,
  "r2_fe_test": 0.844778984331078,
  "run_time_sec": 2.936650276184082,
  "sequence": [
    "N0",
    "N2",
    "N7",
    "N8",
    "N9"
  ],
  "timestamp": "2025-10-07 01:07:01",
  "execution_times": {
    "N0": 0.28795909881591797,
    "N2": 0.07171273231506348,
    "N7": 0.017562150955200195,
    "N8": 2.5548510551452637,
    "N9": 0.0008966922760009766
  },
  "total_execution_time": 2.9329817295074463
}