{
  "mae_non_fe_test": null,
  "r2_non_fe_test": null,
  "mae_fe_test": null,
  "r2_fe_test": null,
  "run_time_sec": 0.27605414390563965,
  "sequence": [
    "N0",
    "N2",
    "N8",
    "N9"
  ],
  "timestamp": "2025-10-07 00:25:18",
  "execution_times": {
    "N0": 0.20872020721435547,
    "N2": 0.06169486045837402,
    "N8": 0.005354404449462891,
    "N9": 7.62939453125e-06
  },
  "total_execution_time": 0.27577710151672363,
  "error": "The 'y_pred' parameter of mean_absolute_error must be an array-like. Got None instead."
}