{
  "mae_non_fe_test": 0.2887294084330518,
  "r2_non_fe_test": 0.829572150481823,
  "mae_fe_test": 0.2091387621848698,
  "r2_fe_test": 0.8313322016626271,
  "run_time_sec": 7.0506415367126465,
  "sequence": [
    "N0",
    "N2",
    "N3",
    "N8",
    "N9"
  ],
  "timestamp": "2025-10-07 00:55:22",
  "execution_times": {
    "N0": 0.5440278053283691,
    "N2": 0.07993674278259277,
    "N3": 0.012241363525390625,
    "N8": 6.411757469177246,
    "N9": 0.000598907470703125
  },
  "total_execution_time": 7.048562288284302
}