{
  "mae_non_fe_test": 0.31127415845757567,
  "r2_non_fe_test": 0.7943864293909864,
  "mae_fe_test": 0.20685379996561395,
  "r2_fe_test": 0.8416070025574265,
  "run_time_sec": 1.3144474029541016,
  "sequence": [
    "N0",
    "N2",
    "N7",
    "N3",
    "N5",
    "N4",
    "N1",
    "N6",
    "N8",
    "N9"
  ],
  "timestamp": "2025-10-07 00:53:58",
  "execution_times": {
    "N0": 0.18937277793884277,
    "N2": 0.06175565719604492,
    "N7": 0.0202333927154541,
    "N3": 0.008876323699951172,
    "N5": 0.0004489421844482422,
    "N4": 0.01146245002746582,
    "N1": 0.009968042373657227,
    "N6": 0.005659580230712891,
    "N8": 1.0022947788238525,
    "N9": 0.0007045269012451172
  },
  "total_execution_time": 1.3107764720916748
}