{
  "mae_non_fe_test": 0.27061630089094235,
  "r2_non_fe_test": 0.8280775035517377,
  "mae_fe_test": 0.1909925626880071,
  "r2_fe_test": 0.8418179617710547,
  "run_time_sec": 2.549626350402832,
  "sequence": [
    "N0",
    "N2",
    "N7",
    "N8",
    "N9"
  ],
  "timestamp": "2025-10-07 00:25:53",
  "execution_times": {
    "N0": 0.181718111038208,
    "N2": 0.05397152900695801,
    "N7": 0.03939247131347656,
    "N8": 2.2723026275634766,
    "N9": 3.814697265625e-06
  },
  "total_execution_time": 2.5473885536193848
}