{
  "mae_non_fe_test": null,
  "r2_non_fe_test": null,
  "mae_fe_test": null,
  "r2_fe_test": null,
  "run_time_sec": 0.3145716190338135,
  "sequence": [
    "N0",
    "N2",
    "N4",
    "N7",
    "N8",
    "N9"
  ],
  "timestamp": "2025-10-07 00:23:34",
  "execution_times": {
    "N0": 0.23386144638061523,
    "N2": 0.05868339538574219,
    "N4": 0.01151728630065918,
    "N7": 0.0075054168701171875,
    "N8": 0.0024292469024658203,
    "N9": 2.6226043701171875e-06
  },
  "total_execution_time": 0.3139994144439697,
  "error": "The 'y_pred' parameter of mean_absolute_error must be an array-like. Got None instead."
}