{
  "mae_non_fe_test": 0.27061630089094235,
  "r2_non_fe_test": 0.8280775035517377,
  "mae_fe_test": 0.1909925626880071,
  "r2_fe_test": 0.8418179617710546,
  "run_time_sec": 2.864070177078247,
  "sequence": [
    "N0",
    "N2",
    "N7",
    "N8",
    "N9"
  ],
  "timestamp": "2025-10-07 00:11:09",
  "execution_times": {
    "N0": 0.23888874053955078,
    "N2": 0.06473278999328613,
    "N7": 0.04757380485534668,
    "N8": 2.5104362964630127,
    "N9": 3.337860107421875e-06
  },
  "total_execution_time": 2.8616349697113037
}