{
  "mae_non_fe_test": 0.31046515702960464,
  "r2_non_fe_test": 0.7745960171982491,
  "mae_fe_test": 0.19018225378856396,
  "r2_fe_test": 0.8362054038743525,
  "run_time_sec": 2.1071505546569824,
  "sequence": [
    "N0",
    "N2",
    "N4",
    "N3",
    "N5",
    "N8",
    "N9"
  ],
  "timestamp": "2025-10-07 00:46:09",
  "execution_times": {
    "N0": 0.32062435150146484,
    "N2": 0.09641885757446289,
    "N4": 0.0191342830657959,
    "N3": 0.01671600341796875,
    "N5": 0.0008683204650878906,
    "N8": 1.6493310928344727,
    "N9": 0.0006189346313476562
  },
  "total_execution_time": 2.1037118434906006
}