{
  "mae_non_fe_test": 0.3141675871473714,
  "r2_non_fe_test": 0.8020251210394388,
  "mae_fe_test": 0.19867192600161926,
  "r2_fe_test": 0.8305172211623771,
  "run_time_sec": 1.8589036464691162,
  "sequence": [
    "N0",
    "N2",
    "N1",
    "N8",
    "N9"
  ],
  "timestamp": "2025-10-07 00:36:15",
  "execution_times": {
    "N0": 0.37519001960754395,
    "N2": 0.10877823829650879,
    "N1": 0.027304649353027344,
    "N8": 1.3442859649658203,
    "N9": 0.0007529258728027344
  },
  "total_execution_time": 1.8563117980957031
}