{
  "mae_non_fe_test": 0.2977366433366867,
  "r2_non_fe_test": 0.8094474020644892,
  "mae_fe_test": 0.19241434590345147,
  "r2_fe_test": 0.8369477476772464,
  "run_time_sec": 1.8999996185302734,
  "sequence": [
    "N0",
    "N2",
    "N1",
    "N7",
    "N8",
    "N9"
  ],
  "timestamp": "2025-10-07 00:12:53",
  "execution_times": {
    "N0": 0.2619929313659668,
    "N2": 0.06515121459960938,
    "N1": 0.03115558624267578,
    "N7": 0.03788304328918457,
    "N8": 1.5010876655578613,
    "N9": 4.5299530029296875e-06
  },
  "total_execution_time": 1.8972749710083008
}