{
  "mae_non_fe_test": 0.2599396037611263,
  "r2_non_fe_test": 0.8319534602701762,
  "mae_fe_test": 0.2193425659836753,
  "r2_fe_test": 0.8377231516507947,
  "run_time_sec": 16.518426418304443,
  "sequence": [
    "N0",
    "N2",
    "N1",
    "N8",
    "N9"
  ],
  "timestamp": "2025-10-07 00:09:14",
  "execution_times": {
    "N0": 0.24576377868652344,
    "N2": 0.0644984245300293,
    "N1": 0.09283566474914551,
    "N8": 16.113449335098267,
    "N9": 1.621246337890625e-05
  },
  "total_execution_time": 16.516563415527344
}