{
  "mae_non_fe_test": 0.2925311839393439,
  "r2_non_fe_test": 0.8173013532885776,
  "mae_fe_test": 0.24302847904491753,
  "r2_fe_test": 0.8095989033246308,
  "run_time_sec": 1.7793149948120117,
  "sequence": [
    "N0",
    "N2",
    "N8",
    "N9"
  ],
  "timestamp": "2025-10-07 00:35:13",
  "execution_times": {
    "N0": 0.22866296768188477,
    "N2": 0.24360942840576172,
    "N8": 1.301875352859497,
    "N9": 0.0008745193481445312
  },
  "total_execution_time": 1.775022268295288
}