{
  "mae_non_fe_test": 0.2800640369729678,
  "r2_non_fe_test": 0.8306989950834979,
  "mae_fe_test": 0.21898974300557925,
  "r2_fe_test": 0.831152051401997,
  "run_time_sec": 1.5237655639648438,
  "sequence": [
    "N0",
    "N2",
    "N8",
    "N9"
  ],
  "timestamp": "2025-10-07 01:09:23",
  "execution_times": {
    "N0": 0.2727847099304199,
    "N2": 0.07657861709594727,
    "N8": 1.1694037914276123,
    "N9": 0.0008108615875244141
  },
  "total_execution_time": 1.519577980041504
}