{
  "mae_non_fe_test": 0.29713127712569504,
  "r2_non_fe_test": 0.813744314110466,
  "mae_fe_test": 0.19964610093386026,
  "r2_fe_test": 0.8325685215653359,
  "run_time_sec": 2.132606029510498,
  "sequence": [
    "N0",
    "N2",
    "N8",
    "N9"
  ],
  "timestamp": "2025-10-07 00:12:51",
  "execution_times": {
    "N0": 0.27138376235961914,
    "N2": 0.0691688060760498,
    "N8": 1.789534091949463,
    "N9": 5.4836273193359375e-06
  },
  "total_execution_time": 2.130092144012451
}