{
  "mae_non_fe_test": 0.28707564819018294,
  "r2_non_fe_test": 0.8251489530517622,
  "mae_fe_test": 0.2674067961505286,
  "r2_fe_test": 0.8005706959131327,
  "run_time_sec": 6.203341484069824,
  "sequence": [
    "N0",
    "N2",
    "N1",
    "N7",
    "N3",
    "N6",
    "N8",
    "N9"
  ],
  "timestamp": "2025-10-07 00:09:43",
  "execution_times": {
    "N0": 0.7955811023712158,
    "N2": 0.09810566902160645,
    "N1": 0.04355359077453613,
    "N7": 0.009546995162963867,
    "N3": 0.015499591827392578,
    "N6": 0.007427692413330078,
    "N8": 5.230602264404297,
    "N9": 4.291534423828125e-06
  },
  "total_execution_time": 6.200321197509766
}