{
  "mae_non_fe_test": 0.2794879669748875,
  "r2_non_fe_test": 0.8219355471083323,
  "mae_fe_test": 0.19382297310336605,
  "r2_fe_test": 0.8386872643407144,
  "run_time_sec": 2.4363515377044678,
  "sequence": [
    "N0",
    "N2",
    "N8",
    "N9"
  ],
  "timestamp": "2025-10-07 00:20:46",
  "execution_times": {
    "N0": 0.22005701065063477,
    "N2": 0.05977129936218262,
    "N8": 2.1539037227630615,
    "N9": 3.5762786865234375e-06
  },
  "total_execution_time": 2.4337356090545654
}