{
  "mae_non_fe_test": 0.2779312024636035,
  "r2_non_fe_test": 0.8250314263190328,
  "mae_fe_test": 0.18423633132620612,
  "r2_fe_test": 0.8442114357854457,
  "run_time_sec": 2.1175949573516846,
  "sequence": [
    "N0",
    "N2",
    "N3",
    "N1",
    "N5",
    "N8",
    "N9"
  ],
  "timestamp": "2025-10-07 01:11:08",
  "execution_times": {
    "N0": 0.22963976860046387,
    "N2": 0.06635046005249023,
    "N3": 0.01096796989440918,
    "N1": 0.011168241500854492,
    "N5": 0.0005974769592285156,
    "N8": 1.7958571910858154,
    "N9": 0.0006690025329589844
  },
  "total_execution_time": 2.1152501106262207
}