{
  "mae_non_fe_test": 0.28122239728934784,
  "r2_non_fe_test": 0.8207334803183062,
  "mae_fe_test": 0.18738917979474495,
  "r2_fe_test": 0.844397557085774,
  "run_time_sec": 1.9549758434295654,
  "sequence": [
    "N0",
    "N0",
    "N2",
    "N1",
    "N3",
    "N6",
    "N7",
    "N8"
  ],
  "timestamp": "2025-09-01 10:02:19",
  "execution_times": {
    "N0": 0.2090616226196289,
    "N2": 0.0560760498046875,
    "N1": 0.026580095291137695,
    "N3": 0.03497481346130371,
    "N6": 0.006626129150390625,
    "N7": 0.007198333740234375,
    "N8": 1.610853672027588,
    "N9": 0.0
  },
  "total_execution_time": 1.9513707160949707
}