{
  "mae_non_fe_test": 0.4563323625813195,
  "r2_non_fe_test": 0.5512782806854457,
  "mae_fe_test": 0.21137406804866612,
  "r2_fe_test": 0.8227522245756836,
  "run_time_sec": 1.1062378883361816,
  "sequence": [
    "N0",
    "N2",
    "N1",
    "N7",
    "N6",
    "N3",
    "N4",
    "N8",
    "N9"
  ],
  "timestamp": "2025-10-07 00:21:47",
  "execution_times": {
    "N0": 0.22275710105895996,
    "N2": 0.07171392440795898,
    "N1": 0.02825140953063965,
    "N7": 0.005298614501953125,
    "N6": 0.012644290924072266,
    "N3": 0.0015552043914794922,
    "N4": 0.001590728759765625,
    "N8": 0.7588036060333252,
    "N9": 4.0531158447265625e-06
  },
  "total_execution_time": 1.102618932723999
}