{
  "mae_non_fe_test": 0.3076774303948441,
  "r2_non_fe_test": 0.7997424083209955,
  "mae_fe_test": 0.20060556197859772,
  "r2_fe_test": 0.8358134025855567,
  "run_time_sec": 1.8923909664154053,
  "sequence": [
    "N0",
    "N2",
    "N7",
    "N3",
    "N4",
    "N5",
    "N6",
    "N1",
    "N8",
    "N9"
  ],
  "timestamp": "2025-10-07 01:12:36",
  "execution_times": {
    "N0": 0.36434292793273926,
    "N2": 0.12649083137512207,
    "N7": 0.08463811874389648,
    "N3": 0.06491756439208984,
    "N4": 0.02067279815673828,
    "N5": 0.0006854534149169922,
    "N6": 0.008043289184570312,
    "N1": 0.021960020065307617,
    "N8": 1.1957504749298096,
    "N9": 0.0009393692016601562
  },
  "total_execution_time": 1.8884408473968506
}