{
  "mae_non_fe_test": 0.26045893514489804,
  "r2_non_fe_test": 0.8384637043210539,
  "mae_fe_test": 0.25010317284251227,
  "r2_fe_test": 0.7980735976085778,
  "run_time_sec": 2.077082395553589,
  "sequence": [
    "N0",
    "N2",
    "N8",
    "N9"
  ],
  "timestamp": "2025-10-07 00:36:05",
  "execution_times": {
    "N0": 0.26369500160217285,
    "N2": 0.08081293106079102,
    "N8": 1.7276434898376465,
    "N9": 0.000789642333984375
  },
  "total_execution_time": 2.0729410648345947
}