{
  "mae_non_fe_test": 0.29841185315407026,
  "r2_non_fe_test": 0.8177385357938743,
  "mae_fe_test": 0.26486567866404614,
  "r2_fe_test": 0.8019381144390055,
  "run_time_sec": 1.0794227123260498,
  "sequence": [
    "N0",
    "N2",
    "N7",
    "N4",
    "N5",
    "N3",
    "N1",
    "N6",
    "N8",
    "N9"
  ],
  "timestamp": "2025-10-07 01:06:53",
  "execution_times": {
    "N0": 0.4537954330444336,
    "N2": 0.06641173362731934,
    "N7": 0.04598498344421387,
    "N4": 0.011300802230834961,
    "N5": 0.0005521774291992188,
    "N3": 0.039586782455444336,
    "N1": 0.007100343704223633,
    "N6": 0.004899024963378906,
    "N8": 0.44422173500061035,
    "N9": 0.0008385181427001953
  },
  "total_execution_time": 1.0746915340423584
}