{
  "mae_non_fe_test": 0.27900901550724266,
  "r2_non_fe_test": 0.8203053018109938,
  "mae_fe_test": 0.22899451538685509,
  "r2_fe_test": 0.7945758563305603,
  "run_time_sec": 11.389593839645386,
  "sequence": [
    "N0",
    "N2",
    "N4",
    "N8",
    "N9"
  ],
  "timestamp": "2025-10-07 00:54:18",
  "execution_times": {
    "N0": 0.2560255527496338,
    "N2": 0.07411956787109375,
    "N4": 0.014287233352661133,
    "N8": 11.042903661727905,
    "N9": 0.0004885196685791016
  },
  "total_execution_time": 11.387824535369873
}