{
  "mae_non_fe_test": 0.27253947922024446,
  "r2_non_fe_test": 0.8419777418957533,
  "mae_fe_test": 0.21024763601879695,
  "r2_fe_test": 0.8294118370677576,
  "run_time_sec": 1.3614826202392578,
  "sequence": [
    "N0",
    "N2",
    "N8",
    "N9"
  ],
  "timestamp": "2025-10-07 00:16:03",
  "execution_times": {
    "N0": 0.22977876663208008,
    "N2": 0.06353378295898438,
    "N8": 1.0642659664154053,
    "N9": 5.4836273193359375e-06
  },
  "total_execution_time": 1.357583999633789
}