{
  "mae_non_fe_test": 0.28940122721432165,
  "r2_non_fe_test": 0.8039509005357155,
  "mae_fe_test": 0.24784128575161637,
  "r2_fe_test": 0.8033156809551141,
  "run_time_sec": 1.0863640308380127,
  "sequence": [
    "N0",
    "N2",
    "N1",
    "N6",
    "N8",
    "N9"
  ],
  "timestamp": "2025-10-07 00:07:22",
  "execution_times": {
    "N0": 0.26068115234375,
    "N2": 0.06712031364440918,
    "N1": 0.0640411376953125,
    "N6": 0.004820823669433594,
    "N8": 0.6852304935455322,
    "N9": 6.67572021484375e-06
  },
  "total_execution_time": 1.0819005966186523
}