{
  "mae_non_fe_test": 0.27719145497976555,
  "r2_non_fe_test": 0.8389007352610833,
  "mae_fe_test": 0.20265230702866627,
  "r2_fe_test": 0.8345773499091487,
  "run_time_sec": 1.4303743839263916,
  "sequence": [
    "N0",
    "N2",
    "N4",
    "N5",
    "N3",
    "N8",
    "N9"
  ],
  "timestamp": "2025-10-07 01:12:56",
  "execution_times": {
    "N0": 0.27529478073120117,
    "N2": 0.10392546653747559,
    "N4": 0.02117323875427246,
    "N5": 0.000736236572265625,
    "N3": 0.06097412109375,
    "N8": 0.9624323844909668,
    "N9": 0.0008935928344726562
  },
  "total_execution_time": 1.4254298210144043
}