{
  "mae_non_fe_test": 0.2744064447361612,
  "r2_non_fe_test": 0.8255689743275063,
  "mae_fe_test": 0.24500247786623325,
  "r2_fe_test": 0.7848134201940653,
  "run_time_sec": 2.7110962867736816,
  "sequence": [
    "N0",
    "N2",
    "N8",
    "N9"
  ],
  "timestamp": "2025-10-07 00:24:17",
  "execution_times": {
    "N0": 0.6098763942718506,
    "N2": 0.0857844352722168,
    "N8": 2.0108706951141357,
    "N9": 5.0067901611328125e-06
  },
  "total_execution_time": 2.7065365314483643
}