{
  "mae_non_fe_test": 0.728518336647202,
  "r2_non_fe_test": -0.07812153049625348,
  "mae_fe_test": 0.751527331321491,
  "r2_fe_test": -0.5800389450303476,
  "run_time_sec": 0.8894138336181641,
  "sequence": [
    "N0",
    "N2",
    "N4",
    "N1",
    "N6",
    "N8",
    "N9"
  ],
  "timestamp": "2025-10-07 00:19:35",
  "execution_times": {
    "N0": 0.17833304405212402,
    "N2": 0.05167865753173828,
    "N4": 0.010473012924194336,
    "N1": 0.03662371635437012,
    "N6": 0.017073631286621094,
    "N8": 0.5929951667785645,
    "N9": 2.6226043701171875e-06
  },
  "total_execution_time": 0.8871798515319824
}