{
  "mae_non_fe_test": 0.29841185315407026,
  "r2_non_fe_test": 0.8177385357938743,
  "mae_fe_test": 0.26486567866404614,
  "r2_fe_test": 0.8019381144390055,
  "run_time_sec": 1.161496639251709,
  "sequence": [
    "N0",
    "N2",
    "N7",
    "N4",
    "N5",
    "N3",
    "N1",
    "N6",
    "N8",
    "N9"
  ],
  "timestamp": "2025-10-07 00:42:01",
  "execution_times": {
    "N0": 0.4823477268218994,
    "N2": 0.07482671737670898,
    "N7": 0.05604267120361328,
    "N4": 0.013341665267944336,
    "N5": 0.0006389617919921875,
    "N3": 0.053197622299194336,
    "N1": 0.00988006591796875,
    "N6": 0.008361339569091797,
    "N8": 0.45700693130493164,
    "N9": 0.0007793903350830078
  },
  "total_execution_time": 1.1564230918884277
}