{
  "mae_non_fe_test": null,
  "r2_non_fe_test": null,
  "mae_fe_test": null,
  "r2_fe_test": null,
  "run_time_sec": 0.2276320457458496,
  "sequence": [
    "N0",
    "N2",
    "N8",
    "N9"
  ],
  "timestamp": "2025-10-07 00:19:21",
  "execution_times": {
    "N0": 0.174699068069458,
    "N2": 0.04859471321105957,
    "N8": 0.0041887760162353516,
    "N9": 2.1457672119140625e-06
  },
  "total_execution_time": 0.22748470306396484,
  "error": "The 'y_pred' parameter of mean_absolute_error must be an array-like. Got None instead."
}