{
  "mae_non_fe_test": 0.2640158435469188,
  "r2_non_fe_test": 0.8312208347539128,
  "mae_fe_test": 0.23399553281898966,
  "r2_fe_test": 0.825243858267391,
  "run_time_sec": 13.416081666946411,
  "sequence": [
    "N0",
    "N2",
    "N1",
    "N8",
    "N9"
  ],
  "timestamp": "2025-10-07 00:10:57",
  "execution_times": {
    "N0": 0.20984411239624023,
    "N2": 0.05536055564880371,
    "N1": 0.06844973564147949,
    "N8": 13.080578327178955,
    "N9": 3.5762786865234375e-06
  },
  "total_execution_time": 13.414236307144165
}