{
  "mae_non_fe_test": 0.27221419863296026,
  "r2_non_fe_test": 0.8348529901700388,
  "mae_fe_test": 0.18363465588339273,
  "r2_fe_test": 0.8694790080040911,
  "run_time_sec": 1.6270737648010254,
  "sequence": [
    "N0",
    "N2",
    "N1",
    "N3",
    "N6",
    "N8",
    "N9"
  ],
  "timestamp": "2025-10-07 00:58:16",
  "execution_times": {
    "N0": 0.3039216995239258,
    "N2": 0.10167479515075684,
    "N1": 0.08401656150817871,
    "N3": 0.06650233268737793,
    "N6": 0.020844221115112305,
    "N8": 1.0440165996551514,
    "N9": 0.0007941722869873047
  },
  "total_execution_time": 1.6217703819274902
}