{
  "mae_non_fe_test": 0.26212202074461155,
  "r2_non_fe_test": 0.8485563963016753,
  "mae_fe_test": 0.22196315945077447,
  "r2_fe_test": 0.8328172861807358,
  "run_time_sec": 1.514002799987793,
  "sequence": [
    "N0",
    "N2",
    "N8",
    "N9"
  ],
  "timestamp": "2025-10-07 00:06:06",
  "execution_times": {
    "N0": 0.3268289566040039,
    "N2": 0.07210850715637207,
    "N8": 1.1113390922546387,
    "N9": 5.7220458984375e-06
  },
  "total_execution_time": 1.510282278060913
}