{
  "mae_non_fe_test": 0.29298094133111724,
  "r2_non_fe_test": 0.7840852450112902,
  "mae_fe_test": 0.18718379279472308,
  "r2_fe_test": 0.8419512167290091,
  "run_time_sec": 2.1756722927093506,
  "sequence": [
    "N0",
    "N2",
    "N4",
    "N1",
    "N7",
    "N8",
    "N9"
  ],
  "timestamp": "2025-10-07 00:19:19",
  "execution_times": {
    "N0": 0.21779489517211914,
    "N2": 0.06006956100463867,
    "N4": 0.012764453887939453,
    "N1": 0.04313969612121582,
    "N7": 0.005864143371582031,
    "N8": 1.8329908847808838,
    "N9": 3.814697265625e-06
  },
  "total_execution_time": 2.1726274490356445
}