{
  "mae_non_fe_test": 0.6579092311976947,
  "r2_non_fe_test": 0.23064060287940302,
  "mae_fe_test": 0.5453692091005654,
  "r2_fe_test": 0.13063803574114363,
  "run_time_sec": 0.9526975154876709,
  "sequence": [
    "N0",
    "N2",
    "N5",
    "N3",
    "N4",
    "N6",
    "N8",
    "N9"
  ],
  "timestamp": "2025-10-07 00:51:24",
  "execution_times": {
    "N0": 0.25423240661621094,
    "N2": 0.07916450500488281,
    "N5": 0.0005872249603271484,
    "N3": 0.012857913970947266,
    "N4": 0.014887332916259766,
    "N6": 0.013171672821044922,
    "N8": 0.5744447708129883,
    "N9": 0.0006349086761474609
  },
  "total_execution_time": 0.9499807357788086
}