{
  "mae_non_fe_test": 0.29046807263688035,
  "r2_non_fe_test": 0.8256248540583888,
  "mae_fe_test": 0.22545572368025843,
  "r2_fe_test": 0.8388850227130231,
  "run_time_sec": 1.569230556488037,
  "sequence": [
    "N0",
    "N2",
    "N8",
    "N9"
  ],
  "timestamp": "2025-10-07 01:13:03",
  "execution_times": {
    "N0": 0.3434298038482666,
    "N2": 0.08467221260070801,
    "N8": 1.136256456375122,
    "N9": 0.0007338523864746094
  },
  "total_execution_time": 1.5650923252105713
}