{
  "mae_non_fe_test": 0.29697887141767604,
  "r2_non_fe_test": 0.8139772932595672,
  "mae_fe_test": 0.20039632888337966,
  "r2_fe_test": 0.8321955780294803,
  "run_time_sec": 2.2456612586975098,
  "sequence": [
    "N0",
    "N2",
    "N8",
    "N9"
  ],
  "timestamp": "2025-10-07 00:09:37",
  "execution_times": {
    "N0": 0.2651245594024658,
    "N2": 0.06790900230407715,
    "N8": 1.9083428382873535,
    "N9": 1.049041748046875e-05
  },
  "total_execution_time": 2.241386890411377
}