{
  "mae_non_fe_test": 0.3116048427939393,
  "r2_non_fe_test": 0.8060137572794364,
  "mae_fe_test": 0.20055123595121666,
  "r2_fe_test": 0.8298152459055096,
  "run_time_sec": 1.6208374500274658,
  "sequence": [
    "N0",
    "N2",
    "N1",
    "N8",
    "N9"
  ],
  "timestamp": "2025-10-07 00:10:21",
  "execution_times": {
    "N0": 0.23673462867736816,
    "N2": 0.0630340576171875,
    "N1": 0.055678606033325195,
    "N8": 1.2627301216125488,
    "N9": 5.245208740234375e-06
  },
  "total_execution_time": 1.61818265914917
}