{
  "mae_non_fe_test": 0.2800462015284529,
  "r2_non_fe_test": 0.8302827471854434,
  "mae_fe_test": 0.2251220582171283,
  "r2_fe_test": 0.8199796888004252,
  "run_time_sec": 1.4585342407226562,
  "sequence": [
    "N0",
    "N2",
    "N1",
    "N8",
    "N9"
  ],
  "timestamp": "2025-10-07 01:10:51",
  "execution_times": {
    "N0": 0.3439188003540039,
    "N2": 0.10749554634094238,
    "N1": 0.04093790054321289,
    "N8": 0.9610633850097656,
    "N9": 0.0008878707885742188
  },
  "total_execution_time": 1.454303503036499
}