{
  "mae_non_fe_test": 0.29489596749300495,
  "r2_non_fe_test": 0.8151716888201674,
  "mae_fe_test": 0.19106896578314345,
  "r2_fe_test": 0.8388801942967825,
  "run_time_sec": 2.0379960536956787,
  "sequence": [
    "N0",
    "N2",
    "N1",
    "N8",
    "N9"
  ],
  "timestamp": "2025-10-07 00:23:38",
  "execution_times": {
    "N0": 0.23131918907165527,
    "N2": 0.06598591804504395,
    "N1": 0.09103250503540039,
    "N8": 1.647264003753662,
    "N9": 4.291534423828125e-06
  },
  "total_execution_time": 2.0356059074401855
}