{
  "mae_non_fe_test": null,
  "r2_non_fe_test": null,
  "mae_fe_test": null,
  "r2_fe_test": null,
  "run_time_sec": 0.5371558666229248,
  "sequence": [
    "N0",
    "N2",
    "N3",
    "N8",
    "N9"
  ],
  "timestamp": "2025-10-07 00:22:12",
  "execution_times": {
    "N0": 0.44889330863952637,
    "N2": 0.07194328308105469,
    "N3": 0.013210535049438477,
    "N8": 0.0028553009033203125,
    "N9": 5.4836273193359375e-06
  },
  "total_execution_time": 0.5369079113006592,
  "error": "The 'y_pred' parameter of mean_absolute_error must be an array-like. Got None instead."
}