{
  "mae_non_fe_test": 0.2710248178501866,
  "r2_non_fe_test": 0.8335622080004293,
  "mae_fe_test": 0.21151258595651418,
  "r2_fe_test": 0.8248284029497162,
  "run_time_sec": 9.356078386306763,
  "sequence": [
    "N0",
    "N2",
    "N1",
    "N8",
    "N9"
  ],
  "timestamp": "2025-10-07 00:46:28",
  "execution_times": {
    "N0": 0.42843174934387207,
    "N2": 0.07317709922790527,
    "N1": 0.056275367736816406,
    "N8": 8.795971155166626,
    "N9": 0.00044274330139160156
  },
  "total_execution_time": 9.354298114776611
}