{
  "mae_non_fe_test": 0.2887926056458172,
  "r2_non_fe_test": 0.8158638852496563,
  "mae_fe_test": 0.28736934068709036,
  "r2_fe_test": 0.7784752139748082,
  "run_time_sec": 0.7935378551483154,
  "sequence": [
    "N0",
    "N2",
    "N1",
    "N4",
    "N6",
    "N5",
    "N3",
    "N7",
    "N8",
    "N9"
  ],
  "timestamp": "2025-10-07 01:08:58",
  "execution_times": {
    "N0": 0.2577207088470459,
    "N2": 0.0700690746307373,
    "N1": 0.023895263671875,
    "N4": 0.01136326789855957,
    "N6": 0.005342006683349609,
    "N5": 0.0005171298980712891,
    "N3": 0.01827216148376465,
    "N7": 0.019235610961914062,
    "N8": 0.38129377365112305,
    "N9": 0.0009326934814453125
  },
  "total_execution_time": 0.7886416912078857
}