{
  "mae_non_fe_test": 0.2794928752260487,
  "r2_non_fe_test": 0.8302796681175618,
  "mae_fe_test": 0.17491133961674854,
  "r2_fe_test": 0.8613417832218622,
  "run_time_sec": 1.234295129776001,
  "sequence": [
    "N0",
    "N2",
    "N4",
    "N1",
    "N3",
    "N6",
    "N7",
    "N8",
    "N9"
  ],
  "timestamp": "2025-10-07 00:20:31",
  "execution_times": {
    "N0": 0.2983067035675049,
    "N2": 0.07102322578430176,
    "N4": 0.014136791229248047,
    "N1": 0.04781031608581543,
    "N3": 0.013624429702758789,
    "N6": 0.005818605422973633,
    "N7": 0.028407812118530273,
    "N8": 0.7490897178649902,
    "N9": 8.344650268554688e-06
  },
  "total_execution_time": 1.2282259464263916
}