{
  "mae_non_fe_test": 0.27899287654497373,
  "r2_non_fe_test": 0.8379009503789525,
  "mae_fe_test": 0.19310079762939428,
  "r2_fe_test": 0.8463708390732771,
  "run_time_sec": 1.0592124462127686,
  "sequence": [
    "N0",
    "N2",
    "N8",
    "N9"
  ],
  "timestamp": "2025-10-07 00:55:24",
  "execution_times": {
    "N0": 0.27269721031188965,
    "N2": 0.07747673988342285,
    "N8": 0.7045142650604248,
    "N9": 0.0008330345153808594
  },
  "total_execution_time": 1.0555212497711182
}