{
  "mae_non_fe_test": 0.4866445244867021,
  "r2_non_fe_test": 0.5035908071001383,
  "mae_fe_test": 0.21518610946188227,
  "r2_fe_test": 0.8145674425782613,
  "run_time_sec": 0.9041378498077393,
  "sequence": [
    "N0",
    "N2",
    "N1",
    "N7",
    "N6",
    "N3",
    "N4",
    "N8",
    "N9"
  ],
  "timestamp": "2025-10-07 00:38:30",
  "execution_times": {
    "N0": 0.22248029708862305,
    "N2": 0.06298518180847168,
    "N1": 0.02330636978149414,
    "N7": 0.0057833194732666016,
    "N6": 0.011750936508178711,
    "N3": 0.0017101764678955078,
    "N4": 0.00189208984375,
    "N8": 0.5700671672821045,
    "N9": 0.0006763935089111328
  },
  "total_execution_time": 0.9006519317626953
}