{
  "mae_non_fe_test": 0.7546898961500886,
  "r2_non_fe_test": 0.06074497985948002,
  "mae_fe_test": 0.5184481367031073,
  "r2_fe_test": 0.14276356313470318,
  "run_time_sec": 0.8481550216674805,
  "sequence": [
    "N0",
    "N2",
    "N1",
    "N5",
    "N6",
    "N4",
    "N7",
    "N3",
    "N8",
    "N9"
  ],
  "timestamp": "2025-10-07 01:10:09",
  "execution_times": {
    "N0": 0.2719085216522217,
    "N2": 0.3231477737426758,
    "N1": 0.0649876594543457,
    "N5": 0.0005726814270019531,
    "N6": 0.013399362564086914,
    "N4": 0.0013415813446044922,
    "N7": 0.004207611083984375,
    "N3": 0.0016865730285644531,
    "N8": 0.16237092018127441,
    "N9": 0.0007364749908447266
  },
  "total_execution_time": 0.8443591594696045
}