{
  "mae_non_fe_test": 0.28283506116541357,
  "r2_non_fe_test": 0.8266626814620297,
  "mae_fe_test": 0.20380684944338057,
  "r2_fe_test": 0.8386008888556047,
  "run_time_sec": 1.259788990020752,
  "sequence": [
    "N0",
    "N2",
    "N1",
    "N8",
    "N9"
  ],
  "timestamp": "2025-10-07 01:13:13",
  "execution_times": {
    "N0": 0.2610437870025635,
    "N2": 0.07677698135375977,
    "N1": 0.061562538146972656,
    "N8": 0.854339599609375,
    "N9": 0.0009310245513916016
  },
  "total_execution_time": 1.2546539306640625
}