{
  "mae_non_fe_test": 0.27124220027625423,
  "r2_non_fe_test": 0.8414218107796752,
  "mae_fe_test": 0.20099077239135854,
  "r2_fe_test": 0.8444726790918767,
  "run_time_sec": 1.2540502548217773,
  "sequence": [
    "N0",
    "N2",
    "N8",
    "N9"
  ],
  "timestamp": "2025-10-07 00:16:00",
  "execution_times": {
    "N0": 0.36213231086730957,
    "N2": 0.07912468910217285,
    "N8": 0.8087868690490723,
    "N9": 6.198883056640625e-06
  },
  "total_execution_time": 1.2500500679016113
}