{
  "mae_non_fe_test": 0.25510860560185983,
  "r2_non_fe_test": 0.8383594444486792,
  "mae_fe_test": 0.22650377393024443,
  "r2_fe_test": 0.8284841075190713,
  "run_time_sec": 15.4479079246521,
  "sequence": [
    "N0",
    "N2",
    "N1",
    "N8",
    "N9"
  ],
  "timestamp": "2025-10-07 00:51:20",
  "execution_times": {
    "N0": 0.2841207981109619,
    "N2": 0.08471131324768066,
    "N1": 0.05950307846069336,
    "N8": 15.016345024108887,
    "N9": 0.0006487369537353516
  },
  "total_execution_time": 15.445328950881958
}