{
  "mae_non_fe_test": 0.274188808836292,
  "r2_non_fe_test": 0.8398800886800173,
  "mae_fe_test": 0.23602092771446712,
  "r2_fe_test": 0.7999223841307954,
  "run_time_sec": 1.6889216899871826,
  "sequence": [
    "N0",
    "N2",
    "N8",
    "N9"
  ],
  "timestamp": "2025-10-07 00:12:26",
  "execution_times": {
    "N0": 0.41028833389282227,
    "N2": 0.061705827713012695,
    "N8": 1.2129132747650146,
    "N9": 5.4836273193359375e-06
  },
  "total_execution_time": 1.684912919998169
}