{
  "mae_non_fe_test": 0.3207964255990035,
  "r2_non_fe_test": 0.758723336549999,
  "mae_fe_test": 0.18404623048191537,
  "r2_fe_test": 0.8538408128888577,
  "run_time_sec": 2.7947518825531006,
  "sequence": [
    "N0",
    "N2",
    "N4",
    "N6",
    "N7",
    "N8",
    "N9"
  ],
  "timestamp": "2025-10-07 00:54:23",
  "execution_times": {
    "N0": 0.5711648464202881,
    "N2": 0.09629511833190918,
    "N4": 0.018141984939575195,
    "N6": 0.010651350021362305,
    "N7": 0.012263298034667969,
    "N8": 2.081073522567749,
    "N9": 0.0007917881011962891
  },
  "total_execution_time": 2.790381908416748
}