{
  "mae_non_fe_test": 0.2632051911455006,
  "r2_non_fe_test": 0.8404612990695988,
  "mae_fe_test": 0.2285014081023,
  "r2_fe_test": 0.8163642499191117,
  "run_time_sec": 12.408866167068481,
  "sequence": [
    "N0",
    "N2",
    "N1",
    "N8",
    "N9"
  ],
  "timestamp": "2025-10-07 00:34:04",
  "execution_times": {
    "N0": 0.23924684524536133,
    "N2": 0.07962560653686523,
    "N1": 0.05640721321105957,
    "N8": 12.031462669372559,
    "N9": 0.0005280971527099609
  },
  "total_execution_time": 12.407270431518555
}