{
  "mae_non_fe_test": 0.25993437921656304,
  "r2_non_fe_test": 0.8391210316605973,
  "mae_fe_test": 0.251224153922671,
  "r2_fe_test": 0.8002613133238086,
  "run_time_sec": 2.2347352504730225,
  "sequence": [
    "N0",
    "N2",
    "N3",
    "N8",
    "N9"
  ],
  "timestamp": "2025-10-07 00:04:57",
  "execution_times": {
    "N0": 0.3104856014251709,
    "N2": 0.06932997703552246,
    "N3": 6.9141387939453125e-06,
    "N8": 1.8507866859436035,
    "N9": 4.76837158203125e-06
  },
  "total_execution_time": 2.230613946914673
}