{
  "mae_non_fe_test": 0.26594736421981946,
  "r2_non_fe_test": 0.8304540708185771,
  "mae_fe_test": 0.23391220841429464,
  "r2_fe_test": 0.8009362777634775,
  "run_time_sec": 1.8332140445709229,
  "sequence": [
    "N0",
    "N2",
    "N8",
    "N9"
  ],
  "timestamp": "2025-10-07 00:58:41",
  "execution_times": {
    "N0": 0.22522830963134766,
    "N2": 0.06607174873352051,
    "N8": 1.5344436168670654,
    "N9": 0.0009334087371826172
  },
  "total_execution_time": 1.8266770839691162
}