{
  "mae_non_fe_test": 0.2670000574352476,
  "r2_non_fe_test": 0.8312285430137205,
  "mae_fe_test": 0.2679473486644336,
  "r2_fe_test": 0.779653837173407,
  "run_time_sec": 1.6033048629760742,
  "sequence": [
    "N0",
    "N2",
    "N7",
    "N1",
    "N8",
    "N9"
  ],
  "timestamp": "2025-10-07 00:19:40",
  "execution_times": {
    "N0": 0.35990238189697266,
    "N2": 0.060716867446899414,
    "N7": 0.014919281005859375,
    "N1": 0.05429530143737793,
    "N8": 1.1090307235717773,
    "N9": 5.4836273193359375e-06
  },
  "total_execution_time": 1.598870038986206
}