{
  "mae_non_fe_test": 0.2668792073333422,
  "r2_non_fe_test": 0.8472252524150141,
  "mae_fe_test": 0.21498739425853586,
  "r2_fe_test": 0.8293679992529798,
  "run_time_sec": 2.216174602508545,
  "sequence": [
    "N0",
    "N2",
    "N8",
    "N9"
  ],
  "timestamp": "2025-10-07 00:26:29",
  "execution_times": {
    "N0": 0.3196883201599121,
    "N2": 0.09168505668640137,
    "N8": 1.799828290939331,
    "N9": 5.9604644775390625e-06
  },
  "total_execution_time": 2.211207628250122
}