{
  "mae_non_fe_test": 0.31844452237576465,
  "r2_non_fe_test": 0.7657173480325863,
  "mae_fe_test": 0.1878913378500392,
  "r2_fe_test": 0.8435643334044016,
  "run_time_sec": 1.4590606689453125,
  "sequence": [
    "N0",
    "N2",
    "N1",
    "N4",
    "N6",
    "N8",
    "N9"
  ],
  "timestamp": "2025-10-07 00:08:40",
  "execution_times": {
    "N0": 0.23781108856201172,
    "N2": 0.06468820571899414,
    "N1": 0.05775308609008789,
    "N4": 0.011846065521240234,
    "N6": 0.005074739456176758,
    "N8": 1.078603982925415,
    "N9": 4.0531158447265625e-06
  },
  "total_execution_time": 1.4557812213897705
}