{
  "mae_non_fe_test": null,
  "r2_non_fe_test": null,
  "mae_fe_test": null,
  "r2_fe_test": null,
  "run_time_sec": 0.6186671257019043,
  "sequence": [
    "N0",
    "N2",
    "N4",
    "N3",
    "N8",
    "N9"
  ],
  "timestamp": "2025-10-07 00:26:31",
  "execution_times": {
    "N0": 0.4883122444152832,
    "N2": 0.06684756278991699,
    "N4": 0.013807058334350586,
    "N3": 0.04609513282775879,
    "N8": 0.0030095577239990234,
    "N9": 4.291534423828125e-06
  },
  "total_execution_time": 0.6180758476257324,
  "error": "The 'y_pred' parameter of mean_absolute_error must be an array-like. Got None instead."
}