{
  "mae_non_fe_test": 0.2628274095102054,
  "r2_non_fe_test": 0.8367492036957611,
  "mae_fe_test": 0.1913851628874076,
  "r2_fe_test": 0.8654683282086099,
  "run_time_sec": 13.978693008422852,
  "sequence": [
    "N0",
    "N2",
    "N3",
    "N8",
    "N9"
  ],
  "timestamp": "2025-10-07 00:37:07",
  "execution_times": {
    "N0": 0.2545812129974365,
    "N2": 0.09210824966430664,
    "N3": 0.04572439193725586,
    "N8": 13.583480834960938,
    "N9": 0.0006031990051269531
  },
  "total_execution_time": 13.976497888565063
}