{
  "mae_non_fe_test": null,
  "r2_non_fe_test": null,
  "mae_fe_test": null,
  "r2_fe_test": null,
  "run_time_sec": 0.31231236457824707,
  "sequence": [
    "N0",
    "N2",
    "N4",
    "N3",
    "N8",
    "N9"
  ],
  "timestamp": "2025-10-07 00:25:44",
  "execution_times": {
    "N0": 0.22780227661132812,
    "N2": 0.0584869384765625,
    "N4": 0.012217044830322266,
    "N3": 0.010492086410522461,
    "N8": 0.0027358531951904297,
    "N9": 2.1457672119140625e-06
  },
  "total_execution_time": 0.3117363452911377,
  "error": "The 'y_pred' parameter of mean_absolute_error must be an array-like. Got None instead."
}