{
  "mae_non_fe_test": 0.26613733170970416,
  "r2_non_fe_test": 0.846373182343308,
  "mae_fe_test": 0.23297624025746128,
  "r2_fe_test": 0.8282475627455637,
  "run_time_sec": 1.7608537673950195,
  "sequence": [
    "N0",
    "N2",
    "N7",
    "N8",
    "N9"
  ],
  "timestamp": "2025-10-07 00:52:15",
  "execution_times": {
    "N0": 0.5216684341430664,
    "N2": 0.08498144149780273,
    "N7": 0.07569432258605957,
    "N8": 1.0727365016937256,
    "N9": 0.0008347034454345703
  },
  "total_execution_time": 1.7559154033660889
}