{
  "mae_non_fe_test": 0.26908849039607025,
  "r2_non_fe_test": 0.8335249474431061,
  "mae_fe_test": 0.24498088721973404,
  "r2_fe_test": 0.8135990456969362,
  "run_time_sec": 2.2933835983276367,
  "sequence": [
    "N0",
    "N2",
    "N3",
    "N8",
    "N9"
  ],
  "timestamp": "2025-10-07 00:34:33",
  "execution_times": {
    "N0": 0.2926187515258789,
    "N2": 0.0791940689086914,
    "N3": 0.0005331039428710938,
    "N8": 1.915041208267212,
    "N9": 0.0013074874877929688
  },
  "total_execution_time": 2.2886946201324463
}