{
  "mae_non_fe_test": 0.26183568672674107,
  "r2_non_fe_test": 0.8465029686502243,
  "mae_fe_test": 0.18219159965212467,
  "r2_fe_test": 0.8658953961739888,
  "run_time_sec": 7.416782379150391,
  "sequence": [
    "N0",
    "N2",
    "N5",
    "N1",
    "N3",
    "N8",
    "N9"
  ],
  "timestamp": "2025-10-07 01:07:56",
  "execution_times": {
    "N0": 0.16787219047546387,
    "N2": 0.052407264709472656,
    "N5": 0.0004904270172119141,
    "N1": 0.03930354118347168,
    "N3": 0.03142189979553223,
    "N8": 7.12299108505249,
    "N9": 0.00040411949157714844
  },
  "total_execution_time": 7.41489052772522
}