{
  "mae_non_fe_test": 0.27232928973649057,
  "r2_non_fe_test": 0.8169769729294898,
  "mae_fe_test": 0.279038548374833,
  "r2_fe_test": 0.7819500792643869,
  "run_time_sec": 2.1191396713256836,
  "sequence": [
    "N0",
    "N2",
    "N4",
    "N8",
    "N9"
  ],
  "timestamp": "2025-10-07 00:34:59",
  "execution_times": {
    "N0": 0.6484696865081787,
    "N2": 0.08695244789123535,
    "N4": 0.01732778549194336,
    "N8": 1.3616266250610352,
    "N9": 0.0008616447448730469
  },
  "total_execution_time": 2.1152381896972656
}