{
  "mae_non_fe_test": 0.28550130461674117,
  "r2_non_fe_test": 0.8308502562743261,
  "mae_fe_test": 0.215234735585935,
  "r2_fe_test": 0.8342091771308169,
  "run_time_sec": 1.1761760711669922,
  "sequence": [
    "N0",
    "N2",
    "N1",
    "N8",
    "N9"
  ],
  "timestamp": "2025-10-07 00:15:58",
  "execution_times": {
    "N0": 0.21487188339233398,
    "N2": 0.05945992469787598,
    "N1": 0.08655834197998047,
    "N8": 0.8115570545196533,
    "N9": 6.67572021484375e-06
  },
  "total_execution_time": 1.1724538803100586
}