{
  "mae_non_fe_test": 0.27795729354295745,
  "r2_non_fe_test": 0.8248017508515657,
  "mae_fe_test": 0.22140086982801052,
  "r2_fe_test": 0.8182186977212763,
  "run_time_sec": 1.653630256652832,
  "sequence": [
    "N0",
    "N2",
    "N5",
    "N4",
    "N8",
    "N9"
  ],
  "timestamp": "2025-10-07 00:50:10",
  "execution_times": {
    "N0": 0.3286137580871582,
    "N2": 0.08631372451782227,
    "N5": 0.00063323974609375,
    "N4": 0.019797325134277344,
    "N8": 1.2128052711486816,
    "N9": 0.0009167194366455078
  },
  "total_execution_time": 1.6490800380706787
}