{
  "mae_non_fe_test": 0.28785018463755935,
  "r2_non_fe_test": 0.8176108946823482,
  "mae_fe_test": 0.22211289879570842,
  "r2_fe_test": 0.8172435670737535,
  "run_time_sec": 8.138095617294312,
  "sequence": [
    "N0",
    "N2",
    "N7",
    "N5",
    "N8",
    "N9"
  ],
  "timestamp": "2025-10-07 00:44:02",
  "execution_times": {
    "N0": 0.3814659118652344,
    "N2": 0.10331964492797852,
    "N7": 0.02545642852783203,
    "N5": 0.0007076263427734375,
    "N8": 7.624792814254761,
    "N9": 0.0004687309265136719
  },
  "total_execution_time": 8.136211156845093
}