{
  "mae_non_fe_test": 0.28122239728934784,
  "r2_non_fe_test": 0.8207334803183063,
  "mae_fe_test": 0.18738917979474493,
  "r2_fe_test": 0.844397557085774,
  "run_time_sec": 2.024249315261841,
  "sequence": [
    "N0",
    "N0",
    "N2",
    "N1",
    "N3",
    "N6",
    "N7",
    "N8",
    "N9"
  ],
  "timestamp": "2025-09-01 10:02:22",
  "execution_times": {
    "N0": 0.34487390518188477,
    "N2": 0.060339927673339844,
    "N1": 0.020232677459716797,
    "N3": 0.034455060958862305,
    "N6": 0.01028895378112793,
    "N7": 0.006453275680541992,
    "N8": 1.5463154315948486,
    "N9": 0.0
  },
  "total_execution_time": 2.0229592323303223
}