{
  "mae_non_fe_test": 0.2577938497033297,
  "r2_non_fe_test": 0.8458309912153467,
  "mae_fe_test": 0.24178517259547125,
  "r2_fe_test": 0.799602623871281,
  "run_time_sec": 13.373505353927612,
  "sequence": [
    "N0",
    "N2",
    "N1",
    "N3",
    "N8",
    "N9"
  ],
  "timestamp": "2025-10-07 00:22:30",
  "execution_times": {
    "N0": 0.2937910556793213,
    "N2": 0.08471345901489258,
    "N1": 0.07306170463562012,
    "N3": 1.1205673217773438e-05,
    "N8": 12.91951584815979,
    "N9": 2.86102294921875e-06
  },
  "total_execution_time": 13.371096134185791
}