{
  "mae_non_fe_test": 0.2845080010007514,
  "r2_non_fe_test": 0.7632071963977817,
  "mae_fe_test": 0.22336360140508132,
  "r2_fe_test": 0.8375030331849441,
  "run_time_sec": 17.01409101486206,
  "sequence": [
    "N0",
    "N2",
    "N4",
    "N5",
    "N7",
    "N8",
    "N9"
  ],
  "timestamp": "2025-10-07 01:07:48",
  "execution_times": {
    "N0": 0.2541346549987793,
    "N2": 0.07782101631164551,
    "N4": 0.015567302703857422,
    "N5": 0.0006341934204101562,
    "N7": 0.01546335220336914,
    "N8": 16.647279500961304,
    "N9": 0.0005576610565185547
  },
  "total_execution_time": 17.011457681655884
}