{
  "mae_non_fe_test": 0.28785018463755935,
  "r2_non_fe_test": 0.8176108946823482,
  "mae_fe_test": 0.22211289879570842,
  "r2_fe_test": 0.8172435670737535,
  "run_time_sec": 7.859836101531982,
  "sequence": [
    "N0",
    "N2",
    "N7",
    "N5",
    "N8",
    "N9"
  ],
  "timestamp": "2025-10-07 01:08:45",
  "execution_times": {
    "N0": 0.35495495796203613,
    "N2": 0.0907754898071289,
    "N7": 0.020516633987426758,
    "N5": 0.0006234645843505859,
    "N8": 7.390502452850342,
    "N9": 0.0004634857177734375
  },
  "total_execution_time": 7.857836484909058
}