{
  "mae_non_fe_test": 0.2852077431245184,
  "r2_non_fe_test": 0.8226568218562611,
  "mae_fe_test": 0.1779800670463723,
  "r2_fe_test": 0.8501439244816444,
  "run_time_sec": 0.8682205677032471,
  "sequence": [
    "N0",
    "N2",
    "N4",
    "N8",
    "N9"
  ],
  "timestamp": "2025-10-07 00:07:07",
  "execution_times": {
    "N0": 0.2507309913635254,
    "N2": 0.06572771072387695,
    "N4": 0.015606403350830078,
    "N8": 0.5319297313690186,
    "N9": 5.245208740234375e-06
  },
  "total_execution_time": 0.8640000820159912
}