{
  "mae_non_fe_test": 0.2800500614999858,
  "r2_non_fe_test": 0.8226070922348562,
  "mae_fe_test": 0.249447992751024,
  "r2_fe_test": 0.8121422855230052,
  "run_time_sec": 1.8962550163269043,
  "sequence": [
    "N0",
    "N2",
    "N5",
    "N8",
    "N9"
  ],
  "timestamp": "2025-10-12 00:46:12",
  "execution_times": {
    "N0": 0.2696413993835449,
    "N2": 0.07959532737731934,
    "N5": 0.0005536079406738281,
    "N8": 1.5411357879638672,
    "N9": 0.0009021759033203125
  },
  "total_execution_time": 1.8918282985687256
}