{
  "mae_non_fe_test": 0.29156762020475163,
  "r2_non_fe_test": 0.72053167114834,
  "mae_fe_test": 0.26015108662369013,
  "r2_fe_test": 0.7652433054950909,
  "run_time_sec": 11.380193948745728,
  "sequence": [
    "N0",
    "N2",
    "N4",
    "N1",
    "N7",
    "N3",
    "N8",
    "N9"
  ],
  "timestamp": "2025-10-07 00:15:38",
  "execution_times": {
    "N0": 0.279083251953125,
    "N2": 0.07285523414611816,
    "N4": 0.0159151554107666,
    "N1": 0.07636475563049316,
    "N7": 0.03803396224975586,
    "N3": 8.58306884765625e-06,
    "N8": 10.895230770111084,
    "N9": 3.814697265625e-06
  },
  "total_execution_time": 11.377495527267456
}