{
  "mae_non_fe_test": 0.2600816981396996,
  "r2_non_fe_test": 0.8229333147056879,
  "mae_fe_test": 0.1975316504861673,
  "r2_fe_test": 0.8481100235703382,
  "run_time_sec": 9.719449996948242,
  "sequence": [
    "N0",
    "N2",
    "N7",
    "N6",
    "N5",
    "N1",
    "N4",
    "N8",
    "N9"
  ],
  "timestamp": "2025-10-07 01:08:21",
  "execution_times": {
    "N0": 0.2931368350982666,
    "N2": 0.0841817855834961,
    "N7": 0.06142377853393555,
    "N6": 0.01064300537109375,
    "N5": 0.0007376670837402344,
    "N1": 0.009747505187988281,
    "N4": 0.01589679718017578,
    "N8": 9.240374565124512,
    "N9": 0.0004878044128417969
  },
  "total_execution_time": 9.71662974357605
}