{
  "mae_non_fe_test": 0.2945189737067718,
  "r2_non_fe_test": 0.8153923815308234,
  "mae_fe_test": 0.18615729055074853,
  "r2_fe_test": 0.8409229744784219,
  "run_time_sec": 1.9498546123504639,
  "sequence": [
    "N0",
    "N2",
    "N8",
    "N9"
  ],
  "timestamp": "2025-10-07 00:35:47",
  "execution_times": {
    "N0": 0.2582967281341553,
    "N2": 0.07418608665466309,
    "N8": 1.613877534866333,
    "N9": 0.0006165504455566406
  },
  "total_execution_time": 1.946976900100708
}