{
  "mae_non_fe_test": 0.2686843664457063,
  "r2_non_fe_test": 0.8320660794395724,
  "mae_fe_test": 0.256038402072411,
  "r2_fe_test": 0.7941685043587601,
  "run_time_sec": 1.9293012619018555,
  "sequence": [
    "N0",
    "N2",
    "N8",
    "N9"
  ],
  "timestamp": "2025-10-07 00:06:05",
  "execution_times": {
    "N0": 0.2539806365966797,
    "N2": 0.06430482864379883,
    "N8": 1.6066880226135254,
    "N9": 5.245208740234375e-06
  },
  "total_execution_time": 1.9249787330627441
}