{
  "mae_non_fe_test": 0.2703922480285605,
  "r2_non_fe_test": 0.8361520119690988,
  "mae_fe_test": 0.18809693908465774,
  "r2_fe_test": 0.8643180317004784,
  "run_time_sec": 1.724327564239502,
  "sequence": [
    "N0",
    "N2",
    "N4",
    "N3",
    "N1",
    "N6",
    "N8",
    "N9"
  ],
  "timestamp": "2025-10-07 00:06:38",
  "execution_times": {
    "N0": 0.24326133728027344,
    "N2": 0.06507253646850586,
    "N4": 0.013620615005493164,
    "N3": 0.011119365692138672,
    "N1": 0.050475120544433594,
    "N6": 0.011828184127807617,
    "N8": 1.3233370780944824,
    "N9": 7.867813110351562e-06
  },
  "total_execution_time": 1.7187221050262451
}