{
  "mae_non_fe_test": 0.2628274095102054,
  "r2_non_fe_test": 0.8367492036957611,
  "mae_fe_test": 0.1913851628874076,
  "r2_fe_test": 0.8654683282086099,
  "run_time_sec": 14.009693384170532,
  "sequence": [
    "N0",
    "N2",
    "N3",
    "N8",
    "N9"
  ],
  "timestamp": "2025-10-07 00:49:49",
  "execution_times": {
    "N0": 0.2483525276184082,
    "N2": 0.08226466178894043,
    "N3": 0.06464219093322754,
    "N8": 13.61106014251709,
    "N9": 0.0006241798400878906
  },
  "total_execution_time": 14.006943702697754
}