{
  "mae_non_fe_test": 0.31543450056963,
  "r2_non_fe_test": 0.7707761897824883,
  "mae_fe_test": 0.20408107275234696,
  "r2_fe_test": 0.827273318127455,
  "run_time_sec": 2.023728370666504,
  "sequence": [
    "N0",
    "N2",
    "N4",
    "N8",
    "N9"
  ],
  "timestamp": "2025-10-07 00:12:16",
  "execution_times": {
    "N0": 0.22754263877868652,
    "N2": 0.06375575065612793,
    "N4": 0.01361227035522461,
    "N8": 1.714475154876709,
    "N9": 6.198883056640625e-06
  },
  "total_execution_time": 2.0193920135498047
}