{
  "mae_non_fe_test": 0.2753543445973399,
  "r2_non_fe_test": 0.7918576047324989,
  "mae_fe_test": 0.2302421757798614,
  "r2_fe_test": 0.8182923664056165,
  "run_time_sec": 15.24359917640686,
  "sequence": [
    "N0",
    "N2",
    "N4",
    "N7",
    "N5",
    "N1",
    "N8",
    "N9"
  ],
  "timestamp": "2025-10-07 01:11:59",
  "execution_times": {
    "N0": 0.25791120529174805,
    "N2": 0.08352446556091309,
    "N4": 0.018631935119628906,
    "N7": 0.04666399955749512,
    "N5": 0.0006196498870849609,
    "N1": 0.048840999603271484,
    "N8": 14.784189224243164,
    "N9": 0.000560760498046875
  },
  "total_execution_time": 15.240942239761353
}