{
  "mae_non_fe_test": null,
  "r2_non_fe_test": null,
  "mae_fe_test": null,
  "r2_fe_test": null,
  "run_time_sec": 0.298534631729126,
  "sequence": [
    "N0",
    "N2",
    "N4",
    "N3",
    "N8",
    "N9"
  ],
  "timestamp": "2025-10-07 00:23:46",
  "execution_times": {
    "N0": 0.21520113945007324,
    "N2": 0.05947136878967285,
    "N4": 0.011692285537719727,
    "N3": 0.009210586547851562,
    "N8": 0.002400636672973633,
    "N9": 2.6226043701171875e-06
  },
  "total_execution_time": 0.29797863960266113,
  "error": "The 'y_pred' parameter of mean_absolute_error must be an array-like. Got None instead."
}