{
  "mae_non_fe_test": 0.28169940135946275,
  "r2_non_fe_test": 0.8297865380721616,
  "mae_fe_test": 0.22215679922397097,
  "r2_fe_test": 0.8057010253941533,
  "run_time_sec": 6.801739454269409,
  "sequence": [
    "N0",
    "N2",
    "N8",
    "N9"
  ],
  "timestamp": "2025-10-07 00:37:26",
  "execution_times": {
    "N0": 0.23198366165161133,
    "N2": 0.07235455513000488,
    "N8": 6.494932413101196,
    "N9": 0.0004684925079345703
  },
  "total_execution_time": 6.799739122390747
}