{
  "mae_non_fe_test": 0.27911958335968723,
  "r2_non_fe_test": 0.8248498599590954,
  "mae_fe_test": 0.18521313371563275,
  "r2_fe_test": 0.8414437580605616,
  "run_time_sec": 2.313647747039795,
  "sequence": [
    "N0",
    "N2",
    "N1",
    "N8",
    "N9"
  ],
  "timestamp": "2025-10-07 00:13:54",
  "execution_times": {
    "N0": 0.2377626895904541,
    "N2": 0.06181168556213379,
    "N1": 0.08190298080444336,
    "N8": 1.9298012256622314,
    "N9": 6.198883056640625e-06
  },
  "total_execution_time": 2.3112847805023193
}