{
  "mae_non_fe_test": 0.2839322161008046,
  "r2_non_fe_test": 0.8281777381527609,
  "mae_fe_test": 0.23823056684245886,
  "r2_fe_test": 0.817146077967291,
  "run_time_sec": 1.5024418830871582,
  "sequence": [
    "N0",
    "N2",
    "N8",
    "N9"
  ],
  "timestamp": "2025-10-07 00:37:18",
  "execution_times": {
    "N0": 0.27651095390319824,
    "N2": 0.07697582244873047,
    "N8": 1.1439228057861328,
    "N9": 0.0007283687591552734
  },
  "total_execution_time": 1.4981379508972168
}