{
  "mae_non_fe_test": 0.2945189737067719,
  "r2_non_fe_test": 0.8153923815308233,
  "mae_fe_test": 0.18615729055074864,
  "r2_fe_test": 0.8409229744784219,
  "run_time_sec": 2.009028673171997,
  "sequence": [
    "N0",
    "N2",
    "N8",
    "N9"
  ],
  "timestamp": "2025-10-07 01:12:16",
  "execution_times": {
    "N0": 0.23215603828430176,
    "N2": 0.0738835334777832,
    "N8": 1.6995196342468262,
    "N9": 0.0007660388946533203
  },
  "total_execution_time": 2.0063252449035645
}