{
  "mae_non_fe_test": 0.2676765698277107,
  "r2_non_fe_test": 0.8521029205492372,
  "mae_fe_test": 0.2337483387409971,
  "r2_fe_test": 0.7980246553688317,
  "run_time_sec": 10.751391410827637,
  "sequence": [
    "N0",
    "N2",
    "N8",
    "N9"
  ],
  "timestamp": "2025-10-07 00:43:48",
  "execution_times": {
    "N0": 0.26021242141723633,
    "N2": 0.07721471786499023,
    "N8": 10.41170859336853,
    "N9": 0.0005297660827636719
  },
  "total_execution_time": 10.74966549873352
}