{
  "mae_non_fe_test": 0.27095606686762186,
  "r2_non_fe_test": 0.8228019884450213,
  "mae_fe_test": 0.21864803493178014,
  "r2_fe_test": 0.8148933719801149,
  "run_time_sec": 10.64131498336792,
  "sequence": [
    "N0",
    "N2",
    "N1",
    "N4",
    "N8",
    "N9"
  ],
  "timestamp": "2025-10-07 00:20:22",
  "execution_times": {
    "N0": 0.25693750381469727,
    "N2": 0.06689882278442383,
    "N1": 0.10844039916992188,
    "N4": 0.013959884643554688,
    "N8": 10.193078517913818,
    "N9": 2.384185791015625e-06
  },
  "total_execution_time": 10.639317512512207
}