{
  "mae_non_fe_test": 0.28122239728934784,
  "r2_non_fe_test": 0.8207334803183062,
  "mae_fe_test": 0.18738917979474495,
  "r2_fe_test": 0.844397557085774,
  "run_time_sec": 2.0550382137298584,
  "sequence": [
    "N0",
    "N0",
    "N2",
    "N1",
    "N3",
    "N6",
    "N7",
    "N8",
    "N9"
  ],
  "timestamp": "2025-09-01 10:00:20",
  "execution_times": {
    "N0": 0.34989356994628906,
    "N2": 0.0602266788482666,
    "N1": 0.024114608764648438,
    "N3": 0.03079390525817871,
    "N6": 0.005273103713989258,
    "N7": 0.004631757736206055,
    "N8": 1.5750930309295654,
    "N9": 0.0
  },
  "total_execution_time": 2.0500266551971436
}