{
  "mae_non_fe_test": null,
  "r2_non_fe_test": null,
  "mae_fe_test": null,
  "r2_fe_test": null,
  "run_time_sec": 0.31553173065185547,
  "sequence": [
    "N0",
    "N2",
    "N8",
    "N9"
  ],
  "timestamp": "2025-10-07 00:26:51",
  "execution_times": {
    "N0": 0.2432703971862793,
    "N2": 0.06645488739013672,
    "N8": 0.00548863410949707,
    "N9": 4.291534423828125e-06
  },
  "total_execution_time": 0.3152182102203369,
  "error": "The 'y_pred' parameter of mean_absolute_error must be an array-like. Got None instead."
}