{
  "mae_non_fe_test": 0.2676765698277107,
  "r2_non_fe_test": 0.8521029205492372,
  "mae_fe_test": 0.2337483387409971,
  "r2_fe_test": 0.7980246553688317,
  "run_time_sec": 10.147937536239624,
  "sequence": [
    "N0",
    "N2",
    "N8",
    "N9"
  ],
  "timestamp": "2025-10-07 00:34:15",
  "execution_times": {
    "N0": 0.21271991729736328,
    "N2": 0.07606911659240723,
    "N8": 9.856986284255981,
    "N9": 0.0004897117614746094
  },
  "total_execution_time": 10.146265029907227
}