{
  "mae_non_fe_test": 0.2769919108003376,
  "r2_non_fe_test": 0.8316203145717627,
  "mae_fe_test": 0.1790530611836864,
  "r2_fe_test": 0.8630983756091574,
  "run_time_sec": 1.2302329540252686,
  "sequence": [
    "N0",
    "N2",
    "N1",
    "N5",
    "N4",
    "N8",
    "N9"
  ],
  "timestamp": "2025-10-07 00:51:55",
  "execution_times": {
    "N0": 0.5470664501190186,
    "N2": 0.1054844856262207,
    "N1": 0.026262760162353516,
    "N5": 0.0004792213439941406,
    "N4": 0.016384124755859375,
    "N8": 0.5289342403411865,
    "N9": 0.0007851123809814453
  },
  "total_execution_time": 1.2253963947296143
}