{
  "mae_non_fe_test": 0.2679476118177524,
  "r2_non_fe_test": 0.831380583410994,
  "mae_fe_test": 0.18416911717569168,
  "r2_fe_test": 0.844778984331078,
  "run_time_sec": 3.093193531036377,
  "sequence": [
    "N0",
    "N2",
    "N7",
    "N8",
    "N9"
  ],
  "timestamp": "2025-10-07 00:42:10",
  "execution_times": {
    "N0": 0.3201563358306885,
    "N2": 0.07702302932739258,
    "N7": 0.018230915069580078,
    "N8": 2.674765110015869,
    "N9": 0.0007350444793701172
  },
  "total_execution_time": 3.0909104347229004
}