{
  "mae_non_fe_test": 0.28285715933965827,
  "r2_non_fe_test": 0.7892604564294634,
  "mae_fe_test": 0.18273682536334543,
  "r2_fe_test": 0.8461748466673318,
  "run_time_sec": 3.0312564373016357,
  "sequence": [
    "N0",
    "N2",
    "N5",
    "N4",
    "N3",
    "N8",
    "N9"
  ],
  "timestamp": "2025-10-07 00:58:45",
  "execution_times": {
    "N0": 0.3621397018432617,
    "N2": 0.10017180442810059,
    "N5": 0.0006470680236816406,
    "N4": 0.019060134887695312,
    "N3": 0.0007185935974121094,
    "N8": 2.545133590698242,
    "N9": 0.0007612705230712891
  },
  "total_execution_time": 3.028632164001465
}