{
  "mae_non_fe_test": 0.29953423549614483,
  "r2_non_fe_test": 0.7767151248879094,
  "mae_fe_test": 0.1971001178972322,
  "r2_fe_test": 0.8387321529179685,
  "run_time_sec": 1.8721046447753906,
  "sequence": [
    "N0",
    "N2",
    "N3",
    "N4",
    "N7",
    "N8",
    "N9"
  ],
  "timestamp": "2025-10-07 00:06:17",
  "execution_times": {
    "N0": 0.46355438232421875,
    "N2": 0.08303356170654297,
    "N3": 0.0177915096282959,
    "N4": 0.01512765884399414,
    "N7": 0.050150394439697266,
    "N8": 1.2380144596099854,
    "N9": 4.76837158203125e-06
  },
  "total_execution_time": 1.8676767349243164
}