{
  "mae_non_fe_test": 0.7701662055772188,
  "r2_non_fe_test": -0.4197421153981773,
  "mae_fe_test": 0.6449649550520498,
  "r2_fe_test": -0.1979568953589823,
  "run_time_sec": 1.0895087718963623,
  "sequence": [
    "N0",
    "N2",
    "N4",
    "N1",
    "N6",
    "N8",
    "N9"
  ],
  "timestamp": "2025-10-07 01:08:33",
  "execution_times": {
    "N0": 0.21171331405639648,
    "N2": 0.06889176368713379,
    "N4": 0.016207456588745117,
    "N1": 0.04638504981994629,
    "N6": 0.012702226638793945,
    "N8": 0.7302811145782471,
    "N9": 0.0005066394805908203
  },
  "total_execution_time": 1.0866875648498535
}