{
  "mae_non_fe_test": 0.26908849039607025,
  "r2_non_fe_test": 0.8335249474431061,
  "mae_fe_test": 0.24498088721973404,
  "r2_fe_test": 0.8135990456969362,
  "run_time_sec": 2.068620443344116,
  "sequence": [
    "N0",
    "N2",
    "N3",
    "N8",
    "N9"
  ],
  "timestamp": "2025-10-07 00:45:08",
  "execution_times": {
    "N0": 0.23155522346496582,
    "N2": 0.06929421424865723,
    "N3": 0.0005693435668945312,
    "N8": 1.7617974281311035,
    "N9": 0.00092315673828125
  },
  "total_execution_time": 2.0641393661499023
}