{
  "mae_non_fe_test": 0.27719145497976555,
  "r2_non_fe_test": 0.8389007352610833,
  "mae_fe_test": 0.20265230702866627,
  "r2_fe_test": 0.8345773499091487,
  "run_time_sec": 1.4552428722381592,
  "sequence": [
    "N0",
    "N2",
    "N4",
    "N5",
    "N3",
    "N8",
    "N9"
  ],
  "timestamp": "2025-10-07 00:48:20",
  "execution_times": {
    "N0": 0.27130985260009766,
    "N2": 0.07691669464111328,
    "N4": 0.015502691268920898,
    "N5": 0.0006191730499267578,
    "N3": 0.04756808280944824,
    "N8": 1.0380675792694092,
    "N9": 0.0008950233459472656
  },
  "total_execution_time": 1.4508790969848633
}