{
  "mae_non_fe_test": 0.2724317893788817,
  "r2_non_fe_test": 0.8301074292927735,
  "mae_fe_test": 0.2463501732991317,
  "r2_fe_test": 0.8198194093911919,
  "run_time_sec": 1.9867093563079834,
  "sequence": [
    "N0",
    "N2",
    "N7",
    "N5",
    "N3",
    "N4",
    "N8",
    "N9"
  ],
  "timestamp": "2025-10-07 00:42:05",
  "execution_times": {
    "N0": 0.32185840606689453,
    "N2": 0.08321571350097656,
    "N7": 0.0702509880065918,
    "N5": 0.0005905628204345703,
    "N3": 0.012388467788696289,
    "N4": 0.01666545867919922,
    "N8": 1.4764013290405273,
    "N9": 0.0008943080902099609
  },
  "total_execution_time": 1.9822652339935303
}