{
  "mae_non_fe_test": 0.27564798420431474,
  "r2_non_fe_test": 0.8378373111974666,
  "mae_fe_test": 0.21410480687942493,
  "r2_fe_test": 0.8158545808457284,
  "run_time_sec": 1.492812156677246,
  "sequence": [
    "N0",
    "N2",
    "N8",
    "N9"
  ],
  "timestamp": "2025-10-07 00:22:47",
  "execution_times": {
    "N0": 0.3666114807128906,
    "N2": 0.0792694091796875,
    "N8": 1.042870283126831,
    "N9": 5.245208740234375e-06
  },
  "total_execution_time": 1.4887564182281494
}