{
  "mae_non_fe_test": 0.2794879669748875,
  "r2_non_fe_test": 0.8219355471083323,
  "mae_fe_test": 0.19382297310336605,
  "r2_fe_test": 0.8386872643407144,
  "run_time_sec": 2.3550076484680176,
  "sequence": [
    "N0",
    "N2",
    "N8",
    "N9"
  ],
  "timestamp": "2025-10-07 00:06:02",
  "execution_times": {
    "N0": 0.22645902633666992,
    "N2": 0.07303810119628906,
    "N8": 2.0532827377319336,
    "N9": 4.76837158203125e-06
  },
  "total_execution_time": 2.3527846336364746
}