{
  "mae_non_fe_test": 0.2998480347443879,
  "r2_non_fe_test": 0.8033587450913948,
  "mae_fe_test": 0.18733015802045122,
  "r2_fe_test": 0.8395173999295464,
  "run_time_sec": 2.2742862701416016,
  "sequence": [
    "N0",
    "N2",
    "N1",
    "N7",
    "N5",
    "N3",
    "N8",
    "N9"
  ],
  "timestamp": "2025-10-07 00:54:51",
  "execution_times": {
    "N0": 0.38227152824401855,
    "N2": 0.13300180435180664,
    "N1": 0.03809523582458496,
    "N7": 0.01417398452758789,
    "N5": 0.0006604194641113281,
    "N3": 0.057378530502319336,
    "N8": 1.644308090209961,
    "N9": 0.0007956027984619141
  },
  "total_execution_time": 2.2706851959228516
}