{
  "mae_non_fe_test": 0.27562278253563155,
  "r2_non_fe_test": 0.831727464481858,
  "mae_fe_test": 0.2191193527192908,
  "r2_fe_test": 0.8199422116385778,
  "run_time_sec": 7.38265323638916,
  "sequence": [
    "N0",
    "N2",
    "N1",
    "N8",
    "N9"
  ],
  "timestamp": "2025-10-07 00:20:11",
  "execution_times": {
    "N0": 0.17980432510375977,
    "N2": 0.06159710884094238,
    "N1": 0.049031734466552734,
    "N8": 7.0908191204071045,
    "N9": 1.9073486328125e-06
  },
  "total_execution_time": 7.381254196166992
}