{
  "mae_non_fe_test": 0.2724317893788817,
  "r2_non_fe_test": 0.8301074292927735,
  "mae_fe_test": 0.2463501732991317,
  "r2_fe_test": 0.8198194093911919,
  "run_time_sec": 2.2200517654418945,
  "sequence": [
    "N0",
    "N2",
    "N7",
    "N5",
    "N3",
    "N4",
    "N8",
    "N9"
  ],
  "timestamp": "2025-10-07 01:06:57",
  "execution_times": {
    "N0": 0.3195185661315918,
    "N2": 0.11978030204772949,
    "N7": 0.0706789493560791,
    "N5": 0.0007314682006835938,
    "N3": 0.012493371963500977,
    "N4": 0.017650127410888672,
    "N8": 1.6736881732940674,
    "N9": 0.0007426738739013672
  },
  "total_execution_time": 2.2152836322784424
}