{
  "mae_non_fe_test": null,
  "r2_non_fe_test": null,
  "mae_fe_test": null,
  "r2_fe_test": null,
  "run_time_sec": 0.2744791507720947,
  "sequence": [
    "N0",
    "N2",
    "N8",
    "N9"
  ],
  "timestamp": "2025-10-07 00:26:10",
  "execution_times": {
    "N0": 0.21262574195861816,
    "N2": 0.056661128997802734,
    "N8": 0.0049283504486083984,
    "N9": 8.58306884765625e-06
  },
  "total_execution_time": 0.27422380447387695,
  "error": "The 'y_pred' parameter of mean_absolute_error must be an array-like. Got None instead."
}