{
  "mae_non_fe_test": 0.2735397121853469,
  "r2_non_fe_test": 0.8357046279704604,
  "mae_fe_test": 0.20877307970196804,
  "r2_fe_test": 0.8302200338540638,
  "run_time_sec": 1.8716719150543213,
  "sequence": [
    "N0",
    "N2",
    "N8",
    "N9"
  ],
  "timestamp": "2025-10-07 00:54:43",
  "execution_times": {
    "N0": 0.39874982833862305,
    "N2": 0.13989686965942383,
    "N8": 1.3276448249816895,
    "N9": 0.0008108615875244141
  },
  "total_execution_time": 1.8671023845672607
}