{
  "mae_non_fe_test": 0.2698698536920713,
  "r2_non_fe_test": 0.8320902033874679,
  "mae_fe_test": 0.22321304566620445,
  "r2_fe_test": 0.8133871459253138,
  "run_time_sec": 9.231287956237793,
  "sequence": [
    "N0",
    "N2",
    "N3",
    "N7",
    "N8",
    "N9"
  ],
  "timestamp": "2025-10-07 00:33:34",
  "execution_times": {
    "N0": 0.2779538631439209,
    "N2": 0.06979727745056152,
    "N3": 0.0006570816040039062,
    "N7": 0.019199132919311523,
    "N8": 8.860997915267944,
    "N9": 0.0005660057067871094
  },
  "total_execution_time": 9.22917127609253
}