{
  "mae_non_fe_test": 0.26625586330651013,
  "r2_non_fe_test": 0.8261714640121631,
  "mae_fe_test": 0.233582953227654,
  "r2_fe_test": 0.823856440589847,
  "run_time_sec": 11.600757122039795,
  "sequence": [
    "N0",
    "N2",
    "N3",
    "N5",
    "N8",
    "N9"
  ],
  "timestamp": "2025-10-07 00:51:53",
  "execution_times": {
    "N0": 0.24206113815307617,
    "N2": 0.07631587982177734,
    "N3": 0.04401397705078125,
    "N5": 0.0003886222839355469,
    "N8": 11.235769271850586,
    "N9": 0.0004646778106689453
  },
  "total_execution_time": 11.599013566970825
}