{
  "mae_non_fe_test": 0.29697569033019594,
  "r2_non_fe_test": 0.7358052836835252,
  "mae_fe_test": 0.1574906290590557,
  "r2_fe_test": 0.8843536447286373,
  "run_time_sec": 10.92874813079834,
  "sequence": [
    "N0",
    "N2",
    "N1",
    "N6",
    "N7",
    "N5",
    "N3",
    "N8",
    "N9"
  ],
  "timestamp": "2025-10-07 01:10:46",
  "execution_times": {
    "N0": 0.3037590980529785,
    "N2": 0.08067536354064941,
    "N1": 0.028213024139404297,
    "N6": 0.011419534683227539,
    "N7": 0.013408660888671875,
    "N5": 0.0010960102081298828,
    "N3": 0.009857177734375,
    "N8": 10.476309776306152,
    "N9": 0.0004658699035644531
  },
  "total_execution_time": 10.925204515457153
}