{
  "mae_non_fe_test": 0.2753543445973399,
  "r2_non_fe_test": 0.7918576047324989,
  "mae_fe_test": 0.2302421757798614,
  "r2_fe_test": 0.8182923664056165,
  "run_time_sec": 15.327397346496582,
  "sequence": [
    "N0",
    "N2",
    "N4",
    "N7",
    "N5",
    "N1",
    "N8",
    "N9"
  ],
  "timestamp": "2025-10-07 00:47:22",
  "execution_times": {
    "N0": 0.2584514617919922,
    "N2": 0.07921457290649414,
    "N4": 0.015980958938598633,
    "N7": 0.04328489303588867,
    "N5": 0.0006392002105712891,
    "N1": 0.048534393310546875,
    "N8": 14.878152132034302,
    "N9": 0.0005450248718261719
  },
  "total_execution_time": 15.32480263710022
}