{
  "mae_non_fe_test": 0.268708124566015,
  "r2_non_fe_test": 0.8371117201918418,
  "mae_fe_test": 0.1861625331129089,
  "r2_fe_test": 0.8678443791824737,
  "run_time_sec": 1.964543342590332,
  "sequence": [
    "N0",
    "N2",
    "N4",
    "N3",
    "N1",
    "N6",
    "N8",
    "N9"
  ],
  "timestamp": "2025-10-07 00:50:55",
  "execution_times": {
    "N0": 0.2531290054321289,
    "N2": 0.07833170890808105,
    "N4": 0.019707202911376953,
    "N3": 0.010643959045410156,
    "N1": 0.04633164405822754,
    "N6": 0.010002851486206055,
    "N8": 1.5400822162628174,
    "N9": 0.0011293888092041016
  },
  "total_execution_time": 1.9593579769134521
}