{
  "mae_non_fe_test": 0.7320196138988394,
  "r2_non_fe_test": 0.05879938048673139,
  "mae_fe_test": 0.24899872660719352,
  "r2_fe_test": 0.6808331681820687,
  "run_time_sec": 0.8622026443481445,
  "sequence": [
    "N0",
    "N2",
    "N5",
    "N3",
    "N6",
    "N4",
    "N1",
    "N8",
    "N9"
  ],
  "timestamp": "2025-10-07 00:55:50",
  "execution_times": {
    "N0": 0.2718667984008789,
    "N2": 0.07617568969726562,
    "N5": 0.0005958080291748047,
    "N3": 0.014419794082641602,
    "N6": 0.014686346054077148,
    "N4": 0.001733541488647461,
    "N1": 0.0038416385650634766,
    "N8": 0.4745337963104248,
    "N9": 0.0010292530059814453
  },
  "total_execution_time": 0.8588826656341553
}