{
  "mae_non_fe_test": 0.26905176077186616,
  "r2_non_fe_test": 0.8407442217455006,
  "mae_fe_test": 0.23021838999072505,
  "r2_fe_test": 0.8053454502679542,
  "run_time_sec": 1.342390775680542,
  "sequence": [
    "N0",
    "N2",
    "N1",
    "N8",
    "N9"
  ],
  "timestamp": "2025-10-07 00:22:03",
  "execution_times": {
    "N0": 0.274169921875,
    "N2": 0.07202672958374023,
    "N1": 0.0566713809967041,
    "N8": 0.9354281425476074,
    "N9": 5.0067901611328125e-06
  },
  "total_execution_time": 1.338301181793213
}