{
  "mae_non_fe_test": 0.2684983989534398,
  "r2_non_fe_test": 0.8308990549874873,
  "mae_fe_test": 0.19235034970210418,
  "r2_fe_test": 0.861472739675893,
  "run_time_sec": 13.857668161392212,
  "sequence": [
    "N0",
    "N2",
    "N3",
    "N8",
    "N9"
  ],
  "timestamp": "2025-10-07 00:53:27",
  "execution_times": {
    "N0": 0.2171921730041504,
    "N2": 0.06809163093566895,
    "N3": 0.014032840728759766,
    "N8": 13.556042671203613,
    "N9": 0.00045108795166015625
  },
  "total_execution_time": 13.855810403823853
}