{
  "mae_non_fe_test": 0.2617025161223437,
  "r2_non_fe_test": 0.8351659019135869,
  "mae_fe_test": 0.23885087056055973,
  "r2_fe_test": 0.8099430785017245,
  "run_time_sec": 11.876668691635132,
  "sequence": [
    "N0",
    "N2",
    "N1",
    "N3",
    "N8",
    "N9"
  ],
  "timestamp": "2025-10-07 00:53:57",
  "execution_times": {
    "N0": 0.23948049545288086,
    "N2": 0.06842255592346191,
    "N1": 0.0471959114074707,
    "N3": 0.0005645751953125,
    "N8": 11.518775224685669,
    "N9": 0.0005393028259277344
  },
  "total_execution_time": 11.874978065490723
}