{
  "mae_non_fe_test": 0.2783436481588915,
  "r2_non_fe_test": 0.8228604170718502,
  "mae_fe_test": 0.2435959346029282,
  "r2_fe_test": 0.8176769316264232,
  "run_time_sec": 7.2028350830078125,
  "sequence": [
    "N0",
    "N2",
    "N5",
    "N1",
    "N6",
    "N8",
    "N9"
  ],
  "timestamp": "2025-10-07 00:54:06",
  "execution_times": {
    "N0": 0.2185204029083252,
    "N2": 0.07124543190002441,
    "N5": 0.0005009174346923828,
    "N1": 0.051466941833496094,
    "N6": 0.005800962448120117,
    "N8": 6.852539777755737,
    "N9": 0.0004942417144775391
  },
  "total_execution_time": 7.200568675994873
}