{
  "mae_non_fe_test": 0.29450533567876075,
  "r2_non_fe_test": 0.8282620040958817,
  "mae_fe_test": 0.18427037120432474,
  "r2_fe_test": 0.8402104781119908,
  "run_time_sec": 1.1554827690124512,
  "sequence": [
    "N0",
    "N2",
    "N8",
    "N9"
  ],
  "timestamp": "2025-10-07 00:54:42",
  "execution_times": {
    "N0": 0.2725248336791992,
    "N2": 0.0800023078918457,
    "N8": 0.7971153259277344,
    "N9": 0.0008931159973144531
  },
  "total_execution_time": 1.1505355834960938
}