{
  "mae_non_fe_test": 0.28016900665200994,
  "r2_non_fe_test": 0.7932237446706184,
  "mae_fe_test": 0.30280131456254367,
  "r2_fe_test": 0.7343355871081662,
  "run_time_sec": 3.136765956878662,
  "sequence": [
    "N0",
    "N2",
    "N5",
    "N3",
    "N1",
    "N4",
    "N7",
    "N8",
    "N9"
  ],
  "timestamp": "2025-10-07 00:47:06",
  "execution_times": {
    "N0": 0.3216133117675781,
    "N2": 0.3096280097961426,
    "N5": 0.0007283687591552734,
    "N3": 0.05056953430175781,
    "N1": 0.014329910278320312,
    "N4": 0.015108108520507812,
    "N7": 0.007391929626464844,
    "N8": 2.409797191619873,
    "N9": 0.0011982917785644531
  },
  "total_execution_time": 3.1303646564483643
}