{
  "mae_non_fe_test": 0.280495363223842,
  "r2_non_fe_test": 0.8133902448033039,
  "mae_fe_test": 0.21842094008830787,
  "r2_fe_test": 0.8198627583194209,
  "run_time_sec": 11.556720972061157,
  "sequence": [
    "N0",
    "N2",
    "N4",
    "N7",
    "N8",
    "N9"
  ],
  "timestamp": "2025-10-07 00:55:04",
  "execution_times": {
    "N0": 0.323345422744751,
    "N2": 0.08435821533203125,
    "N4": 0.016484737396240234,
    "N7": 0.014093637466430664,
    "N8": 11.115604877471924,
    "N9": 0.0004904270172119141
  },
  "total_execution_time": 11.554377317428589
}