{
  "mae_non_fe_test": 0.25769068384232935,
  "r2_non_fe_test": 0.8404868627526869,
  "mae_fe_test": 0.24181104796317318,
  "r2_fe_test": 0.8073726274724368,
  "run_time_sec": 14.309000253677368,
  "sequence": [
    "N0",
    "N2",
    "N8",
    "N9"
  ],
  "timestamp": "2025-10-07 00:37:51",
  "execution_times": {
    "N0": 0.24327468872070312,
    "N2": 0.08198070526123047,
    "N8": 13.98143744468689,
    "N9": 0.0005128383636474609
  },
  "total_execution_time": 14.30720567703247
}