{
  "mae_non_fe_test": 0.28283506116541357,
  "r2_non_fe_test": 0.8266626814620297,
  "mae_fe_test": 0.20380684944338057,
  "r2_fe_test": 0.8386008888556047,
  "run_time_sec": 1.5554783344268799,
  "sequence": [
    "N0",
    "N2",
    "N1",
    "N8",
    "N9"
  ],
  "timestamp": "2025-10-07 00:48:37",
  "execution_times": {
    "N0": 0.4592461585998535,
    "N2": 0.07352375984191895,
    "N1": 0.0578916072845459,
    "N8": 0.95979905128479,
    "N9": 0.0008366107940673828
  },
  "total_execution_time": 1.5512971878051758
}