{
  "mae_non_fe_test": 0.28559337985357164,
  "r2_non_fe_test": 0.8314667261920405,
  "mae_fe_test": 0.18705640455239786,
  "r2_fe_test": 0.8516460120344654,
  "run_time_sec": 0.8937015533447266,
  "sequence": [
    "N0",
    "N2",
    "N8",
    "N9"
  ],
  "timestamp": "2025-10-07 00:08:07",
  "execution_times": {
    "N0": 0.22082185745239258,
    "N2": 0.05822157859802246,
    "N8": 0.6097662448883057,
    "N9": 0.00019598007202148438
  },
  "total_execution_time": 0.8890056610107422
}