{
  "mae_non_fe_test": 0.2793412150561675,
  "r2_non_fe_test": 0.835235315099228,
  "mae_fe_test": 0.2138255167257267,
  "r2_fe_test": 0.828795083475829,
  "run_time_sec": 1.665193796157837,
  "sequence": [
    "N0",
    "N2",
    "N1",
    "N8",
    "N9"
  ],
  "timestamp": "2025-10-07 00:52:29",
  "execution_times": {
    "N0": 0.3478214740753174,
    "N2": 0.09879851341247559,
    "N1": 0.08237028121948242,
    "N8": 1.1300837993621826,
    "N9": 0.0008466243743896484
  },
  "total_execution_time": 1.6599206924438477
}