{
  "mae_non_fe_test": 0.2978441578407973,
  "r2_non_fe_test": 0.8130519752728476,
  "mae_fe_test": 0.1975018463401386,
  "r2_fe_test": 0.8330824368932795,
  "run_time_sec": 2.1142427921295166,
  "sequence": [
    "N0",
    "N2",
    "N8",
    "N9"
  ],
  "timestamp": "2025-10-07 00:08:51",
  "execution_times": {
    "N0": 0.2588822841644287,
    "N2": 0.07273101806640625,
    "N8": 1.7798542976379395,
    "N9": 5.0067901611328125e-06
  },
  "total_execution_time": 2.1114726066589355
}