{
  "mae_non_fe_test": 0.29202029051358647,
  "r2_non_fe_test": 0.7860830202230118,
  "mae_fe_test": 0.1831179031922775,
  "r2_fe_test": 0.8429597151688607,
  "run_time_sec": 2.306286573410034,
  "sequence": [
    "N0",
    "N2",
    "N4",
    "N1",
    "N7",
    "N8",
    "N9"
  ],
  "timestamp": "2025-10-07 01:07:06",
  "execution_times": {
    "N0": 0.2599954605102539,
    "N2": 0.08048295974731445,
    "N4": 0.015290260314941406,
    "N1": 0.041469573974609375,
    "N7": 0.006467342376708984,
    "N8": 1.898921251296997,
    "N9": 0.0006589889526367188
  },
  "total_execution_time": 2.303285837173462
}