{
  "mae_non_fe_test": 0.27984367543142424,
  "r2_non_fe_test": 0.8221720564564697,
  "mae_fe_test": 0.19552172039315185,
  "r2_fe_test": 0.8372373230670268,
  "run_time_sec": 2.0258824825286865,
  "sequence": [
    "N0",
    "N2",
    "N8",
    "N9"
  ],
  "timestamp": "2025-10-07 00:26:50",
  "execution_times": {
    "N0": 0.1849350929260254,
    "N2": 0.05325770378112793,
    "N8": 1.7853662967681885,
    "N9": 3.5762786865234375e-06
  },
  "total_execution_time": 2.0235626697540283
}