{
  "mae_non_fe_test": 0.269225005102191,
  "r2_non_fe_test": 0.8406652355133959,
  "mae_fe_test": 0.2448564705009509,
  "r2_fe_test": 0.8019929794333182,
  "run_time_sec": 10.045578479766846,
  "sequence": [
    "N0",
    "N2",
    "N1",
    "N8",
    "N9"
  ],
  "timestamp": "2025-10-07 00:08:27",
  "execution_times": {
    "N0": 0.2013719081878662,
    "N2": 0.06107640266418457,
    "N1": 0.05616950988769531,
    "N8": 9.72517442703247,
    "N9": 3.5762786865234375e-06
  },
  "total_execution_time": 10.043795824050903
}