{
  "mae_non_fe_test": 0.26183568672674107,
  "r2_non_fe_test": 0.8465029686502243,
  "mae_fe_test": 0.18219159965212467,
  "r2_fe_test": 0.8658953961739888,
  "run_time_sec": 9.742266178131104,
  "sequence": [
    "N0",
    "N2",
    "N5",
    "N1",
    "N3",
    "N8",
    "N9"
  ],
  "timestamp": "2025-10-07 00:43:13",
  "execution_times": {
    "N0": 0.2335054874420166,
    "N2": 0.07463216781616211,
    "N5": 0.0005292892456054688,
    "N1": 0.059177398681640625,
    "N3": 0.04843544960021973,
    "N8": 9.323142290115356,
    "N9": 0.0006322860717773438
  },
  "total_execution_time": 9.740054368972778
}