{
  "mae_non_fe_test": 0.5797338730552384,
  "r2_non_fe_test": 0.27178334012553385,
  "mae_fe_test": 0.8861260665978501,
  "r2_fe_test": -1.7194633543207996,
  "run_time_sec": 0.7306768894195557,
  "sequence": [
    "N0",
    "N2",
    "N3",
    "N4",
    "N5",
    "N6",
    "N8",
    "N9"
  ],
  "timestamp": "2025-10-07 00:52:16",
  "execution_times": {
    "N0": 0.32582592964172363,
    "N2": 0.08594799041748047,
    "N3": 0.05882978439331055,
    "N4": 0.015901803970336914,
    "N5": 0.00098419189453125,
    "N6": 0.014588594436645508,
    "N8": 0.2225170135498047,
    "N9": 0.0007307529449462891
  },
  "total_execution_time": 0.7253260612487793
}