{
  "mae_non_fe_test": 0.29953423549614483,
  "r2_non_fe_test": 0.7767151248879094,
  "mae_fe_test": 0.1971001178972322,
  "r2_fe_test": 0.8387321529179685,
  "run_time_sec": 1.915679931640625,
  "sequence": [
    "N0",
    "N2",
    "N3",
    "N4",
    "N7",
    "N8",
    "N9"
  ],
  "timestamp": "2025-10-07 00:21:02",
  "execution_times": {
    "N0": 0.47419023513793945,
    "N2": 0.0673520565032959,
    "N3": 0.014166116714477539,
    "N4": 0.013355016708374023,
    "N7": 0.04993867874145508,
    "N8": 1.2906348705291748,
    "N9": 7.152557373046875e-06
  },
  "total_execution_time": 1.9096441268920898
}