{
  "mae_non_fe_test": 0.27510468431282376,
  "r2_non_fe_test": 0.7923986762709982,
  "mae_fe_test": 0.25192903919489257,
  "r2_fe_test": 0.7939335104816841,
  "run_time_sec": 15.361103057861328,
  "sequence": [
    "N0",
    "N2",
    "N4",
    "N3",
    "N1",
    "N8",
    "N9"
  ],
  "timestamp": "2025-10-07 00:41:56",
  "execution_times": {
    "N0": 0.24136805534362793,
    "N2": 0.08666467666625977,
    "N4": 0.01885533332824707,
    "N3": 0.013601541519165039,
    "N1": 0.011760234832763672,
    "N8": 14.986236095428467,
    "N9": 0.0004222393035888672
  },
  "total_execution_time": 15.35890817642212
}