{
  "mae_non_fe_test": 0.5743944086833057,
  "r2_non_fe_test": 0.401893089066127,
  "mae_fe_test": 0.3257363078165885,
  "r2_fe_test": 0.6846679608293049,
  "run_time_sec": 1.3629469871520996,
  "sequence": [
    "N0",
    "N2",
    "N4",
    "N6",
    "N5",
    "N1",
    "N3",
    "N8",
    "N9"
  ],
  "timestamp": "2025-10-07 00:53:01",
  "execution_times": {
    "N0": 0.27394723892211914,
    "N2": 0.09972286224365234,
    "N4": 0.020605802536010742,
    "N6": 0.010300397872924805,
    "N5": 0.0007941722869873047,
    "N1": 0.02470111846923828,
    "N3": 0.007521390914916992,
    "N8": 0.9188516139984131,
    "N9": 0.0008609294891357422
  },
  "total_execution_time": 1.3573055267333984
}