{
  "mae_non_fe_test": 0.27095606686762186,
  "r2_non_fe_test": 0.8228019884450213,
  "mae_fe_test": 0.21864803493178014,
  "r2_fe_test": 0.8148933719801149,
  "run_time_sec": 10.95681643486023,
  "sequence": [
    "N0",
    "N2",
    "N1",
    "N4",
    "N8",
    "N9"
  ],
  "timestamp": "2025-10-07 00:05:42",
  "execution_times": {
    "N0": 0.2453773021697998,
    "N2": 0.0656435489654541,
    "N1": 0.07119035720825195,
    "N4": 0.01035165786743164,
    "N8": 10.562287330627441,
    "N9": 3.814697265625e-06
  },
  "total_execution_time": 10.954854011535645
}