{
  "mae_non_fe_test": 0.2978441578407973,
  "r2_non_fe_test": 0.8130519752728476,
  "mae_fe_test": 0.19750184634013856,
  "r2_fe_test": 0.8330824368932795,
  "run_time_sec": 1.840355634689331,
  "sequence": [
    "N0",
    "N2",
    "N8",
    "N9"
  ],
  "timestamp": "2025-10-07 00:15:05",
  "execution_times": {
    "N0": 0.2530496120452881,
    "N2": 0.0664970874786377,
    "N8": 1.517467975616455,
    "N9": 4.76837158203125e-06
  },
  "total_execution_time": 1.837019443511963
}