{
  "mae_non_fe_test": 0.3046457775076983,
  "r2_non_fe_test": 0.7835411993861334,
  "mae_fe_test": 0.1963382590549031,
  "r2_fe_test": 0.8689261530944139,
  "run_time_sec": 2.261202573776245,
  "sequence": [
    "N0",
    "N2",
    "N1",
    "N7",
    "N6",
    "N5",
    "N3",
    "N4",
    "N8",
    "N9"
  ],
  "timestamp": "2025-10-07 01:12:38",
  "execution_times": {
    "N0": 0.2625858783721924,
    "N2": 0.1066739559173584,
    "N1": 0.04202747344970703,
    "N7": 0.019522428512573242,
    "N6": 0.020899295806884766,
    "N5": 0.0007429122924804688,
    "N3": 0.10262227058410645,
    "N4": 0.029717445373535156,
    "N8": 1.6690869331359863,
    "N9": 0.0011608600616455078
  },
  "total_execution_time": 2.2550394535064697
}