{
  "mae_non_fe_test": 0.2860064956655338,
  "r2_non_fe_test": 0.783823982779937,
  "mae_fe_test": 0.19000265373739575,
  "r2_fe_test": 0.840389175738149,
  "run_time_sec": 3.207979440689087,
  "sequence": [
    "N0",
    "N2",
    "N4",
    "N8",
    "N9"
  ],
  "timestamp": "2025-10-07 00:11:40",
  "execution_times": {
    "N0": 0.5385568141937256,
    "N2": 0.08144521713256836,
    "N4": 0.014706134796142578,
    "N8": 2.5705015659332275,
    "N9": 2.86102294921875e-06
  },
  "total_execution_time": 3.2052125930786133
}