{
  "mae_non_fe_test": 0.2632314126282757,
  "r2_non_fe_test": 0.8193052035886068,
  "mae_fe_test": 0.26475667550307436,
  "r2_fe_test": 0.7895286870074096,
  "run_time_sec": 1.5759978294372559,
  "sequence": [
    "N0",
    "N2",
    "N4",
    "N8",
    "N9"
  ],
  "timestamp": "2025-10-07 01:06:58",
  "execution_times": {
    "N0": 0.30737996101379395,
    "N2": 0.07614517211914062,
    "N4": 0.01677727699279785,
    "N8": 1.1708111763000488,
    "N9": 0.0011217594146728516
  },
  "total_execution_time": 1.572235345840454
}