{
  "mae_non_fe_test": 0.5665215298409813,
  "r2_non_fe_test": 0.32205264756979624,
  "mae_fe_test": 0.29508697491471464,
  "r2_fe_test": 0.6564227040718833,
  "run_time_sec": 0.7489132881164551,
  "sequence": [
    "N0",
    "N2",
    "N7",
    "N5",
    "N3",
    "N4",
    "N1",
    "N6",
    "N8",
    "N9"
  ],
  "timestamp": "2025-10-07 00:45:32",
  "execution_times": {
    "N0": 0.32655811309814453,
    "N2": 0.08466339111328125,
    "N7": 0.05654263496398926,
    "N5": 0.0005328655242919922,
    "N3": 0.04996991157531738,
    "N4": 0.017470836639404297,
    "N1": 0.04353618621826172,
    "N6": 0.013080596923828125,
    "N8": 0.14998984336853027,
    "N9": 0.0012142658233642578
  },
  "total_execution_time": 0.7435586452484131
}