{
  "mae_non_fe_test": 0.2803043096071186,
  "r2_non_fe_test": 0.8298739598934909,
  "mae_fe_test": 0.23792767899364597,
  "r2_fe_test": 0.8230451186623402,
  "run_time_sec": 1.043238878250122,
  "sequence": [
    "N0",
    "N2",
    "N8",
    "N9"
  ],
  "timestamp": "2025-10-07 00:04:52",
  "execution_times": {
    "N0": 0.19166827201843262,
    "N2": 0.05245566368103027,
    "N8": 0.795295238494873,
    "N9": 4.76837158203125e-06
  },
  "total_execution_time": 1.039423942565918
}