{
  "mae_non_fe_test": 0.28283506116541357,
  "r2_non_fe_test": 0.8266626814620297,
  "mae_fe_test": 0.20380684944338057,
  "r2_fe_test": 0.8386008888556047,
  "run_time_sec": 1.1693332195281982,
  "sequence": [
    "N0",
    "N2",
    "N1",
    "N8",
    "N9"
  ],
  "timestamp": "2025-10-07 00:36:13",
  "execution_times": {
    "N0": 0.2798123359680176,
    "N2": 0.06977438926696777,
    "N1": 0.054642438888549805,
    "N8": 0.7602322101593018,
    "N9": 0.0007417201995849609
  },
  "total_execution_time": 1.1652030944824219
}