{
  "mae_non_fe_test": 0.26894041098937793,
  "r2_non_fe_test": 0.8310562906713772,
  "mae_fe_test": 0.18559349086906543,
  "r2_fe_test": 0.8433017657082746,
  "run_time_sec": 2.9578745365142822,
  "sequence": [
    "N0",
    "N2",
    "N8",
    "N9"
  ],
  "timestamp": "2025-10-07 00:14:56",
  "execution_times": {
    "N0": 0.2725260257720947,
    "N2": 0.06956720352172852,
    "N8": 2.612372636795044,
    "N9": 7.867813110351562e-06
  },
  "total_execution_time": 2.9544737339019775
}