{
  "mae_non_fe_test": 0.3108722333491678,
  "r2_non_fe_test": 0.7688936009649132,
  "mae_fe_test": 0.1909731196129028,
  "r2_fe_test": 0.8370453497672281,
  "run_time_sec": 2.1268272399902344,
  "sequence": [
    "N0",
    "N2",
    "N1",
    "N4",
    "N7",
    "N3",
    "N5",
    "N8",
    "N9"
  ],
  "timestamp": "2025-10-12 00:46:08",
  "execution_times": {
    "N0": 0.22947430610656738,
    "N2": 0.07906293869018555,
    "N1": 0.023642301559448242,
    "N4": 0.012433290481567383,
    "N7": 0.010990619659423828,
    "N3": 0.0006248950958251953,
    "N5": 0.0006961822509765625,
    "N8": 1.7661116123199463,
    "N9": 0.0006585121154785156
  },
  "total_execution_time": 2.123694658279419
}