{
  "mae_non_fe_test": 0.27048061529912953,
  "r2_non_fe_test": 0.833607793161804,
  "mae_fe_test": 0.2676972897068284,
  "r2_fe_test": 0.7849084908236417,
  "run_time_sec": 9.500564336776733,
  "sequence": [
    "N0",
    "N2",
    "N3",
    "N5",
    "N7",
    "N8",
    "N9"
  ],
  "timestamp": "2025-10-07 00:47:01",
  "execution_times": {
    "N0": 0.3352656364440918,
    "N2": 0.0841820240020752,
    "N3": 0.013733148574829102,
    "N5": 0.0007269382476806641,
    "N7": 0.013769388198852539,
    "N8": 9.049719095230103,
    "N9": 0.0004775524139404297
  },
  "total_execution_time": 9.497873783111572
}