{
  "mae_non_fe_test": 0.31598241141190603,
  "r2_non_fe_test": 0.7998192467644165,
  "mae_fe_test": 0.19827795362937564,
  "r2_fe_test": 0.8315968941830402,
  "run_time_sec": 1.7991764545440674,
  "sequence": [
    "N0",
    "N2",
    "N8",
    "N9"
  ],
  "timestamp": "2025-10-07 00:22:16",
  "execution_times": {
    "N0": 0.27066779136657715,
    "N2": 0.06527233123779297,
    "N8": 1.4603171348571777,
    "N9": 4.291534423828125e-06
  },
  "total_execution_time": 1.7962615489959717
}