{
  "mae_non_fe_test": 0.29697887141767604,
  "r2_non_fe_test": 0.8139772932595672,
  "mae_fe_test": 0.20039632888337966,
  "r2_fe_test": 0.8321955780294803,
  "run_time_sec": 2.2246460914611816,
  "sequence": [
    "N0",
    "N2",
    "N8",
    "N9"
  ],
  "timestamp": "2025-10-07 00:12:49",
  "execution_times": {
    "N0": 0.34365296363830566,
    "N2": 0.0763707160949707,
    "N8": 1.8019673824310303,
    "N9": 4.291534423828125e-06
  },
  "total_execution_time": 2.2219953536987305
}