{
  "mae_non_fe_test": 0.2704311645588841,
  "r2_non_fe_test": 0.829707554040543,
  "mae_fe_test": 0.24024193684396902,
  "r2_fe_test": 0.8021193483435545,
  "run_time_sec": 13.580912351608276,
  "sequence": [
    "N0",
    "N2",
    "N1",
    "N8",
    "N9"
  ],
  "timestamp": "2025-10-07 00:26:07",
  "execution_times": {
    "N0": 0.2320854663848877,
    "N2": 0.06937789916992188,
    "N1": 0.07357239723205566,
    "N8": 13.2033851146698,
    "N9": 1.1920928955078125e-05
  },
  "total_execution_time": 13.57843279838562
}