{
  "mae_non_fe_test": 0.2794879669748875,
  "r2_non_fe_test": 0.8219355471083323,
  "mae_fe_test": 0.19382297310336605,
  "r2_fe_test": 0.8386872643407144,
  "run_time_sec": 2.531059503555298,
  "sequence": [
    "N0",
    "N2",
    "N8",
    "N9"
  ],
  "timestamp": "2025-10-07 00:12:37",
  "execution_times": {
    "N0": 0.2697484493255615,
    "N2": 0.06916451454162598,
    "N8": 2.1895132064819336,
    "N9": 4.5299530029296875e-06
  },
  "total_execution_time": 2.528430700302124
}