{
  "mae_non_fe_test": 0.2860470952175253,
  "r2_non_fe_test": 0.7144204876867115,
  "mae_fe_test": 0.20312946338918716,
  "r2_fe_test": 0.8322878440310831,
  "run_time_sec": 14.822574615478516,
  "sequence": [
    "N0",
    "N2",
    "N5",
    "N1",
    "N3",
    "N4",
    "N8",
    "N9"
  ],
  "timestamp": "2025-10-07 00:47:37",
  "execution_times": {
    "N0": 0.2778053283691406,
    "N2": 0.09142732620239258,
    "N5": 0.0008206367492675781,
    "N1": 0.06626081466674805,
    "N3": 0.01301884651184082,
    "N4": 0.01618218421936035,
    "N8": 14.35352373123169,
    "N9": 0.0006387233734130859
  },
  "total_execution_time": 14.819677591323853
}