{
  "mae_non_fe_test": 0.2975544787021136,
  "r2_non_fe_test": 0.812828238909168,
  "mae_fe_test": 0.19738212948378017,
  "r2_fe_test": 0.8339572573836216,
  "run_time_sec": 2.5403780937194824,
  "sequence": [
    "N0",
    "N2",
    "N8",
    "N9"
  ],
  "timestamp": "2025-10-07 00:20:29",
  "execution_times": {
    "N0": 0.4981844425201416,
    "N2": 0.0641167163848877,
    "N8": 1.9734325408935547,
    "N9": 5.245208740234375e-06
  },
  "total_execution_time": 2.535738945007324
}