{
  "mae_non_fe_test": 0.2767074173348662,
  "r2_non_fe_test": 0.8266587219990943,
  "mae_fe_test": 0.18248949743670334,
  "r2_fe_test": 0.8452032798449413,
  "run_time_sec": 2.6053993701934814,
  "sequence": [
    "N0",
    "N2",
    "N8",
    "N9"
  ],
  "timestamp": "2025-10-07 00:54:32",
  "execution_times": {
    "N0": 0.2615394592285156,
    "N2": 0.11280655860900879,
    "N8": 2.2276854515075684,
    "N9": 0.0007510185241699219
  },
  "total_execution_time": 2.6027824878692627
}