{
  "mae_non_fe_test": 0.29202029051358647,
  "r2_non_fe_test": 0.7860830202230118,
  "mae_fe_test": 0.18311790319227747,
  "r2_fe_test": 0.8429597151688607,
  "run_time_sec": 2.320600986480713,
  "sequence": [
    "N0",
    "N2",
    "N4",
    "N1",
    "N7",
    "N8",
    "N9"
  ],
  "timestamp": "2025-10-07 00:33:24",
  "execution_times": {
    "N0": 0.17886590957641602,
    "N2": 0.05692291259765625,
    "N4": 0.011229515075683594,
    "N1": 0.03418278694152832,
    "N7": 0.006396770477294922,
    "N8": 2.0290138721466064,
    "N9": 0.0006885528564453125
  },
  "total_execution_time": 2.317300319671631
}