{
  "mae_non_fe_test": 0.2800462015284529,
  "r2_non_fe_test": 0.8302827471854434,
  "mae_fe_test": 0.2251220582171283,
  "r2_fe_test": 0.8199796888004252,
  "run_time_sec": 1.4739148616790771,
  "sequence": [
    "N0",
    "N2",
    "N1",
    "N8",
    "N9"
  ],
  "timestamp": "2025-10-07 00:46:11",
  "execution_times": {
    "N0": 0.2711195945739746,
    "N2": 0.07459545135498047,
    "N1": 0.029480695724487305,
    "N8": 1.0934009552001953,
    "N9": 0.0009410381317138672
  },
  "total_execution_time": 1.4695377349853516
}