{
  "mae_non_fe_test": 0.6661661892503722,
  "r2_non_fe_test": 0.11939781824849127,
  "mae_fe_test": 0.4134614744827892,
  "r2_fe_test": 0.19717926271130004,
  "run_time_sec": 1.6140496730804443,
  "sequence": [
    "N0",
    "N2",
    "N7",
    "N4",
    "N5",
    "N6",
    "N3",
    "N8",
    "N9"
  ],
  "timestamp": "2025-10-07 00:51:38",
  "execution_times": {
    "N0": 0.3301675319671631,
    "N2": 0.08909106254577637,
    "N7": 0.06900620460510254,
    "N4": 0.016761302947998047,
    "N5": 0.0008156299591064453,
    "N6": 0.017035722732543945,
    "N3": 0.0020372867584228516,
    "N8": 1.0856435298919678,
    "N9": 0.0006005764007568359
  },
  "total_execution_time": 1.611158847808838
}