{
  "mae_non_fe_test": 0.28362787004452744,
  "r2_non_fe_test": 0.8268451972194731,
  "mae_fe_test": 0.18280890438196523,
  "r2_fe_test": 0.8718570212628005,
  "run_time_sec": 1.0191452503204346,
  "sequence": [
    "N0",
    "N2",
    "N3",
    "N5",
    "N8",
    "N9"
  ],
  "timestamp": "2025-10-07 01:06:49",
  "execution_times": {
    "N0": 0.2191920280456543,
    "N2": 0.06227731704711914,
    "N3": 0.03716731071472168,
    "N5": 0.00045037269592285156,
    "N8": 0.695035457611084,
    "N9": 0.000942230224609375
  },
  "total_execution_time": 1.0150647163391113
}