{
  "mae_non_fe_test": 0.30482635642479106,
  "r2_non_fe_test": 0.8079555996019692,
  "mae_fe_test": 0.20452985221818473,
  "r2_fe_test": 0.8435139878379914,
  "run_time_sec": 1.4135980606079102,
  "sequence": [
    "N0",
    "N2",
    "N7",
    "N4",
    "N8",
    "N9"
  ],
  "timestamp": "2025-10-07 00:56:17",
  "execution_times": {
    "N0": 0.26578187942504883,
    "N2": 0.0778348445892334,
    "N7": 0.04935050010681152,
    "N4": 0.014248132705688477,
    "N8": 1.0012376308441162,
    "N9": 0.0006513595581054688
  },
  "total_execution_time": 1.409104347229004
}