{
  "mae_non_fe_test": 0.296470784274224,
  "r2_non_fe_test": 0.7799793449184362,
  "mae_fe_test": 0.19353263515489022,
  "r2_fe_test": 0.8358941507131004,
  "run_time_sec": 2.778207540512085,
  "sequence": [
    "N0",
    "N2",
    "N4",
    "N8",
    "N9"
  ],
  "timestamp": "2025-10-07 00:13:23",
  "execution_times": {
    "N0": 0.2876608371734619,
    "N2": 0.06994771957397461,
    "N4": 0.015638351440429688,
    "N8": 2.4019365310668945,
    "N9": 3.5762786865234375e-06
  },
  "total_execution_time": 2.7751870155334473
}