{
  "mae_non_fe_test": 0.280812465278172,
  "r2_non_fe_test": 0.8219388339368666,
  "mae_fe_test": 0.18521106220332864,
  "r2_fe_test": 0.8435263106322266,
  "run_time_sec": 2.639052629470825,
  "sequence": [
    "N0",
    "N2",
    "N1",
    "N7",
    "N4",
    "N3",
    "N8",
    "N9"
  ],
  "timestamp": "2025-10-07 00:15:56",
  "execution_times": {
    "N0": 0.35519933700561523,
    "N2": 0.07645297050476074,
    "N1": 0.0331876277923584,
    "N7": 0.008279561996459961,
    "N4": 0.017968416213989258,
    "N3": 6.9141387939453125e-06,
    "N8": 2.144627094268799,
    "N9": 4.5299530029296875e-06
  },
  "total_execution_time": 2.6357264518737793
}