{
  "mae_non_fe_test": 0.2860064956655338,
  "r2_non_fe_test": 0.783823982779937,
  "mae_fe_test": 0.1900026537373957,
  "r2_fe_test": 0.840389175738149,
  "run_time_sec": 3.9544782638549805,
  "sequence": [
    "N0",
    "N2",
    "N4",
    "N8",
    "N9"
  ],
  "timestamp": "2025-10-07 00:26:26",
  "execution_times": {
    "N0": 0.8803117275238037,
    "N2": 0.09548187255859375,
    "N4": 0.02080535888671875,
    "N8": 2.955139398574829,
    "N9": 4.5299530029296875e-06
  },
  "total_execution_time": 3.9517428874969482
}