{
  "mae_non_fe_test": 0.2808928841892004,
  "r2_non_fe_test": 0.8238179542174289,
  "mae_fe_test": 0.18131780641205641,
  "r2_fe_test": 0.8775470403418506,
  "run_time_sec": 1.0588362216949463,
  "sequence": [
    "N0",
    "N2",
    "N4",
    "N3",
    "N1",
    "N8",
    "N9"
  ],
  "timestamp": "2025-10-07 00:20:25",
  "execution_times": {
    "N0": 0.2368772029876709,
    "N2": 0.07419300079345703,
    "N4": 0.01531362533569336,
    "N3": 0.04618525505065918,
    "N1": 0.06251144409179688,
    "N8": 0.6188037395477295,
    "N9": 7.152557373046875e-06
  },
  "total_execution_time": 1.0538914203643799
}