{
  "mae_non_fe_test": 0.27048061529912953,
  "r2_non_fe_test": 0.833607793161804,
  "mae_fe_test": 0.2676972897068284,
  "r2_fe_test": 0.7849084908236417,
  "run_time_sec": 9.567753314971924,
  "sequence": [
    "N0",
    "N2",
    "N3",
    "N5",
    "N7",
    "N8",
    "N9"
  ],
  "timestamp": "2025-10-07 01:11:38",
  "execution_times": {
    "N0": 0.4863014221191406,
    "N2": 0.07302737236022949,
    "N3": 0.012515544891357422,
    "N5": 0.0006175041198730469,
    "N7": 0.013242959976196289,
    "N8": 8.979296445846558,
    "N9": 0.00039768218994140625
  },
  "total_execution_time": 9.565398931503296
}