{
  "mae_non_fe_test": 0.28086193897884276,
  "r2_non_fe_test": 0.8048217198440022,
  "mae_fe_test": 0.2364577570854861,
  "r2_fe_test": 0.8070481936624992,
  "run_time_sec": 2.0758209228515625,
  "sequence": [
    "N0",
    "N2",
    "N7",
    "N1",
    "N8",
    "N9"
  ],
  "timestamp": "2025-10-07 00:16:13",
  "execution_times": {
    "N0": 0.24104857444763184,
    "N2": 0.06919050216674805,
    "N7": 0.05377197265625,
    "N1": 0.05672788619995117,
    "N8": 1.6505210399627686,
    "N9": 6.4373016357421875e-06
  },
  "total_execution_time": 2.0712664127349854
}