{
  "mae_non_fe_test": 0.2720131346816277,
  "r2_non_fe_test": 0.8396596326256606,
  "mae_fe_test": 0.21558552642305365,
  "r2_fe_test": 0.8168255958067081,
  "run_time_sec": 1.2355663776397705,
  "sequence": [
    "N0",
    "N2",
    "N8",
    "N9"
  ],
  "timestamp": "2025-10-07 00:16:23",
  "execution_times": {
    "N0": 0.22613739967346191,
    "N2": 0.0630044937133789,
    "N8": 0.942521333694458,
    "N9": 5.0067901611328125e-06
  },
  "total_execution_time": 1.23166823387146
}