{
  "mae_non_fe_test": 0.2812949052002704,
  "r2_non_fe_test": 0.7756880375438954,
  "mae_fe_test": 0.22176725326236227,
  "r2_fe_test": 0.8067561240886842,
  "run_time_sec": 14.442896604537964,
  "sequence": [
    "N0",
    "N2",
    "N4",
    "N8",
    "N9"
  ],
  "timestamp": "2025-10-07 00:56:42",
  "execution_times": {
    "N0": 0.26265668869018555,
    "N2": 0.07847142219543457,
    "N4": 0.01743793487548828,
    "N8": 14.082019805908203,
    "N9": 0.00046896934509277344
  },
  "total_execution_time": 14.441054821014404
}