{
  "mae_non_fe_test": 0.3041642397336863,
  "r2_non_fe_test": 0.7965777822654333,
  "mae_fe_test": 0.22003976656396557,
  "r2_fe_test": 0.8361755695455105,
  "run_time_sec": 5.376967668533325,
  "sequence": [
    "N0",
    "N2",
    "N1",
    "N4",
    "N6",
    "N8",
    "N9"
  ],
  "timestamp": "2025-10-07 00:21:13",
  "execution_times": {
    "N0": 0.2780272960662842,
    "N2": 0.06704139709472656,
    "N1": 0.03096604347229004,
    "N4": 0.012046337127685547,
    "N6": 0.005219459533691406,
    "N8": 4.980954885482788,
    "N9": 2.86102294921875e-06
  },
  "total_execution_time": 5.374258279800415
}