{
  "mae_non_fe_test": 0.2956451248070427,
  "r2_non_fe_test": 0.8181784501579471,
  "mae_fe_test": 0.21608846451331196,
  "r2_fe_test": 0.8286109453863549,
  "run_time_sec": 0.8829689025878906,
  "sequence": [
    "N0",
    "N2",
    "N1",
    "N8",
    "N9"
  ],
  "timestamp": "2025-10-07 00:20:03",
  "execution_times": {
    "N0": 0.18725824356079102,
    "N2": 0.050489187240600586,
    "N1": 0.021045684814453125,
    "N8": 0.6206851005554199,
    "N9": 4.5299530029296875e-06
  },
  "total_execution_time": 0.8794827461242676
}