{
  "mae_non_fe_test": 0.2860740006480977,
  "r2_non_fe_test": 0.8193719619927429,
  "mae_fe_test": 0.2498665899535711,
  "r2_fe_test": 0.8070024676949141,
  "run_time_sec": 1.4957361221313477,
  "sequence": [
    "N0",
    "N2",
    "N5",
    "N8",
    "N9"
  ],
  "timestamp": "2025-10-07 01:07:19",
  "execution_times": {
    "N0": 0.18576574325561523,
    "N2": 0.058243751525878906,
    "N5": 0.0005216598510742188,
    "N8": 1.2465405464172363,
    "N9": 0.0007436275482177734
  },
  "total_execution_time": 1.4918153285980225
}