{
  "mae_non_fe_test": 0.4418329955163057,
  "r2_non_fe_test": 0.6029847544851004,
  "mae_fe_test": 0.33190496712694895,
  "r2_fe_test": 0.476101085597579,
  "run_time_sec": 1.0724236965179443,
  "sequence": [
    "N0",
    "N2",
    "N4",
    "N5",
    "N7",
    "N6",
    "N8",
    "N9"
  ],
  "timestamp": "2025-10-07 00:46:51",
  "execution_times": {
    "N0": 0.44133877754211426,
    "N2": 0.08106088638305664,
    "N4": 0.015879392623901367,
    "N5": 0.0005204677581787109,
    "N7": 0.014013528823852539,
    "N6": 0.016068458557128906,
    "N8": 0.4998288154602051,
    "N9": 0.0006661415100097656
  },
  "total_execution_time": 1.0693764686584473
}