{
  "mae_non_fe_test": 0.2699603250069365,
  "r2_non_fe_test": 0.8178939101194262,
  "mae_fe_test": 0.23777050834055224,
  "r2_fe_test": 0.8381215060050289,
  "run_time_sec": 1.9474925994873047,
  "sequence": [
    "N0",
    "N2",
    "N1",
    "N3",
    "N5",
    "N6",
    "N7",
    "N4",
    "N8",
    "N9"
  ],
  "timestamp": "2025-10-07 00:43:51",
  "execution_times": {
    "N0": 0.26505565643310547,
    "N2": 0.08495521545410156,
    "N1": 0.03180050849914551,
    "N3": 0.04699540138244629,
    "N5": 0.0006585121154785156,
    "N6": 0.011225700378417969,
    "N7": 0.01128697395324707,
    "N4": 0.010295629501342773,
    "N8": 1.4777777194976807,
    "N9": 0.001163482666015625
  },
  "total_execution_time": 1.9412147998809814
}