{
  "mae_non_fe_test": 0.2744061404618324,
  "r2_non_fe_test": 0.7657406129791008,
  "mae_fe_test": 0.22549700289284885,
  "r2_fe_test": 0.8208678125867611,
  "run_time_sec": 13.839612007141113,
  "sequence": [
    "N0",
    "N2",
    "N4",
    "N7",
    "N5",
    "N8",
    "N9"
  ],
  "timestamp": "2025-10-07 00:52:12",
  "execution_times": {
    "N0": 0.295835018157959,
    "N2": 0.07692384719848633,
    "N4": 0.01977086067199707,
    "N7": 0.013386011123657227,
    "N5": 0.0004932880401611328,
    "N8": 13.429989099502563,
    "N9": 0.0005512237548828125
  },
  "total_execution_time": 13.836949348449707
}