{
  "mae_non_fe_test": 0.28122239728934784,
  "r2_non_fe_test": 0.8207334803183062,
  "mae_fe_test": 0.18738917979474495,
  "r2_fe_test": 0.844397557085774,
  "run_time_sec": 2.1767687797546387,
  "sequence": [
    "N0",
    "N0",
    "N2",
    "N1",
    "N3",
    "N6",
    "N7",
    "N8",
    "N9"
  ],
  "timestamp": "2025-09-01 09:57:26",
  "execution_times": {
    "N0": 0.3353259563446045,
    "N2": 0.19605803489685059,
    "N1": 0.024289608001708984,
    "N3": 0.04192519187927246,
    "N6": 0.00747227668762207,
    "N7": 0.0063745975494384766,
    "N8": 1.564324140548706,
    "N9": 0.0
  },
  "total_execution_time": 2.175769805908203
}