{
  "mae_non_fe_test": 0.29785437654649977,
  "r2_non_fe_test": 0.8114250454294243,
  "mae_fe_test": 0.18810340945660287,
  "r2_fe_test": 0.8412896460314252,
  "run_time_sec": 2.0439600944519043,
  "sequence": [
    "N0",
    "N2",
    "N1",
    "N7",
    "N8",
    "N9"
  ],
  "timestamp": "2025-10-07 00:15:20",
  "execution_times": {
    "N0": 0.27820539474487305,
    "N2": 0.06863522529602051,
    "N1": 0.06272530555725098,
    "N7": 0.011744022369384766,
    "N8": 1.6199429035186768,
    "N9": 3.337860107421875e-06
  },
  "total_execution_time": 2.0412561893463135
}