{
  "mae_non_fe_test": 0.2720614117850773,
  "r2_non_fe_test": 0.8411649837180797,
  "mae_fe_test": 0.22211147778470308,
  "r2_fe_test": 0.8244492069270217,
  "run_time_sec": 1.207578182220459,
  "sequence": [
    "N0",
    "N2",
    "N1",
    "N8",
    "N9"
  ],
  "timestamp": "2025-10-07 00:20:57",
  "execution_times": {
    "N0": 0.2200775146484375,
    "N2": 0.06242632865905762,
    "N1": 0.05488729476928711,
    "N8": 0.8660933971405029,
    "N9": 5.4836273193359375e-06
  },
  "total_execution_time": 1.2034900188446045
}