{
  "mae_non_fe_test": 0.26866872809885095,
  "r2_non_fe_test": 0.8328680148870842,
  "mae_fe_test": 0.20712791767123567,
  "r2_fe_test": 0.8479890816926783,
  "run_time_sec": 1.9883267879486084,
  "sequence": [
    "N0",
    "N2",
    "N3",
    "N4",
    "N1",
    "N5",
    "N7",
    "N8",
    "N9"
  ],
  "timestamp": "2025-10-07 00:50:05",
  "execution_times": {
    "N0": 0.28208255767822266,
    "N2": 0.07744145393371582,
    "N3": 0.04937744140625,
    "N4": 0.012575864791870117,
    "N1": 0.04052138328552246,
    "N5": 0.0006988048553466797,
    "N7": 0.044911861419677734,
    "N8": 1.474107265472412,
    "N9": 0.0007963180541992188
  },
  "total_execution_time": 1.9825129508972168
}