{
  "mae_non_fe_test": 0.26815846245416086,
  "r2_non_fe_test": 0.8309081649799697,
  "mae_fe_test": 0.18794418188303172,
  "r2_fe_test": 0.8440362924404667,
  "run_time_sec": 2.7545723915100098,
  "sequence": [
    "N0",
    "N2",
    "N1",
    "N7",
    "N8",
    "N9"
  ],
  "timestamp": "2025-10-07 00:24:41",
  "execution_times": {
    "N0": 0.23614811897277832,
    "N2": 0.06304407119750977,
    "N1": 0.0609583854675293,
    "N7": 0.038781166076660156,
    "N8": 2.353013515472412,
    "N9": 4.291534423828125e-06
  },
  "total_execution_time": 2.7519495487213135
}