{
  "mae_non_fe_test": 0.2588451178265946,
  "r2_non_fe_test": 0.8457771470339496,
  "mae_fe_test": 0.1605299132409044,
  "r2_fe_test": 0.8730083295605396,
  "run_time_sec": 7.734004735946655,
  "sequence": [
    "N0",
    "N2",
    "N4",
    "N1",
    "N5",
    "N3",
    "N6",
    "N7",
    "N8",
    "N9"
  ],
  "timestamp": "2025-10-07 01:11:16",
  "execution_times": {
    "N0": 0.20377826690673828,
    "N2": 0.05811738967895508,
    "N4": 0.012119054794311523,
    "N1": 0.010573863983154297,
    "N5": 0.0003905296325683594,
    "N3": 0.03634786605834961,
    "N6": 0.008649110794067383,
    "N7": 0.010382652282714844,
    "N8": 7.390294551849365,
    "N9": 0.0005557537078857422
  },
  "total_execution_time": 7.73120903968811
}