{
  "mae_non_fe_test": 0.29453230807986275,
  "r2_non_fe_test": 0.8138375451221804,
  "mae_fe_test": 0.1993665729384041,
  "r2_fe_test": 0.8461879504004416,
  "run_time_sec": 1.0796241760253906,
  "sequence": [
    "N0",
    "N2",
    "N1",
    "N5",
    "N7",
    "N4",
    "N8",
    "N9"
  ],
  "timestamp": "2025-10-07 00:54:52",
  "execution_times": {
    "N0": 0.2831294536590576,
    "N2": 0.09182143211364746,
    "N1": 0.03777766227722168,
    "N5": 0.0006279945373535156,
    "N7": 0.05036163330078125,
    "N4": 0.014605045318603516,
    "N8": 0.595304012298584,
    "N9": 0.0009024143218994141
  },
  "total_execution_time": 1.0745296478271484
}