{
  "mae_non_fe_test": 0.2683549889930439,
  "r2_non_fe_test": 0.8304848952881387,
  "mae_fe_test": 0.22804904800041073,
  "r2_fe_test": 0.8243188332856642,
  "run_time_sec": 11.157246351242065,
  "sequence": [
    "N0",
    "N2",
    "N4",
    "N3",
    "N5",
    "N8",
    "N9"
  ],
  "timestamp": "2025-10-07 00:49:35",
  "execution_times": {
    "N0": 0.4344499111175537,
    "N2": 0.08154869079589844,
    "N4": 0.016517162322998047,
    "N3": 0.00046825408935546875,
    "N5": 0.0004899501800537109,
    "N8": 10.621096134185791,
    "N9": 0.0005843639373779297
  },
  "total_execution_time": 11.155154466629028
}