{
  "mae_non_fe_test": 0.28122239728934784,
  "r2_non_fe_test": 0.8207334803183062,
  "mae_fe_test": 0.187389179794745,
  "r2_fe_test": 0.844397557085774,
  "run_time_sec": 2.1189684867858887,
  "sequence": [
    "N0",
    "N0",
    "N2",
    "N1",
    "N3",
    "N6",
    "N7",
    "N8",
    "N9"
  ],
  "timestamp": "2025-09-01 09:58:25",
  "execution_times": {
    "N0": 0.35676050186157227,
    "N2": 0.061327219009399414,
    "N1": 0.022861480712890625,
    "N3": 0.03476762771606445,
    "N6": 0.006862163543701172,
    "N7": 0.006976604461669922,
    "N8": 1.6242530345916748,
    "N9": 0.0
  },
  "total_execution_time": 2.1138086318969727
}