{
  "mae_non_fe_test": 0.2683549889930439,
  "r2_non_fe_test": 0.8304848952881387,
  "mae_fe_test": 0.22804904800041073,
  "r2_fe_test": 0.8243188332856642,
  "run_time_sec": 10.574234962463379,
  "sequence": [
    "N0",
    "N2",
    "N4",
    "N3",
    "N5",
    "N8",
    "N9"
  ],
  "timestamp": "2025-10-07 01:14:12",
  "execution_times": {
    "N0": 0.2175898551940918,
    "N2": 0.06644654273986816,
    "N4": 0.018505096435546875,
    "N3": 0.0005602836608886719,
    "N5": 0.0004680156707763672,
    "N8": 10.267446756362915,
    "N9": 0.0006392002105712891
  },
  "total_execution_time": 10.571655750274658
}