{
  "mae_non_fe_test": 0.2813348001674172,
  "r2_non_fe_test": 0.8263788698389241,
  "mae_fe_test": 0.27861346250466623,
  "r2_fe_test": 0.7768508522612207,
  "run_time_sec": 6.720361709594727,
  "sequence": [
    "N0",
    "N2",
    "N1",
    "N6",
    "N5",
    "N8",
    "N9"
  ],
  "timestamp": "2025-10-07 00:44:35",
  "execution_times": {
    "N0": 0.24268412590026855,
    "N2": 0.08782529830932617,
    "N1": 0.06960678100585938,
    "N6": 0.007199287414550781,
    "N5": 0.0007965564727783203,
    "N8": 6.309462308883667,
    "N9": 0.00054168701171875
  },
  "total_execution_time": 6.718116044998169
}