{
  "mae_non_fe_test": 0.28122239728934784,
  "r2_non_fe_test": 0.8207334803183062,
  "mae_fe_test": 0.18738917979474504,
  "r2_fe_test": 0.844397557085774,
  "run_time_sec": 2.015911102294922,
  "sequence": [
    "N0",
    "N0",
    "N2",
    "N1",
    "N3",
    "N6",
    "N7",
    "N8"
  ],
  "timestamp": "2025-09-01 10:00:18",
  "execution_times": {
    "N0": 0.2145085334777832,
    "N2": 0.05610346794128418,
    "N1": 0.027249574661254883,
    "N3": 0.0352787971496582,
    "N6": 0.007040500640869141,
    "N7": 0.006844997406005859,
    "N8": 1.6653237342834473,
    "N9": 0.0
  },
  "total_execution_time": 2.0123496055603027
}