{
  "mae_non_fe_test": 0.3114748814375384,
  "r2_non_fe_test": 0.7669701686871646,
  "mae_fe_test": 0.20019780602016654,
  "r2_fe_test": 0.8348023291969788,
  "run_time_sec": 1.4534318447113037,
  "sequence": [
    "N0",
    "N2",
    "N3",
    "N1",
    "N6",
    "N4",
    "N7",
    "N8",
    "N9"
  ],
  "timestamp": "2025-10-07 00:13:16",
  "execution_times": {
    "N0": 0.22164392471313477,
    "N2": 0.0645761489868164,
    "N3": 5.7220458984375e-06,
    "N1": 0.05706071853637695,
    "N6": 0.01131296157836914,
    "N4": 0.009643077850341797,
    "N7": 0.03156018257141113,
    "N8": 1.0533065795898438,
    "N9": 6.9141387939453125e-06
  },
  "total_execution_time": 1.4491162300109863
}