{
  "mae_non_fe_test": 0.27855005571063307,
  "r2_non_fe_test": 0.8122143169024388,
  "mae_fe_test": 0.2623159950646528,
  "r2_fe_test": 0.8084905141040348,
  "run_time_sec": 1.0199463367462158,
  "sequence": [
    "N0",
    "N2",
    "N4",
    "N3",
    "N5",
    "N1",
    "N6",
    "N7",
    "N8",
    "N9"
  ],
  "timestamp": "2025-10-07 01:12:34",
  "execution_times": {
    "N0": 0.23247909545898438,
    "N2": 0.07370710372924805,
    "N4": 0.018850326538085938,
    "N3": 0.012021780014038086,
    "N5": 0.0006358623504638672,
    "N1": 0.013539552688598633,
    "N6": 0.0085601806640625,
    "N7": 0.008899450302124023,
    "N8": 0.645254373550415,
    "N9": 0.0008146762847900391
  },
  "total_execution_time": 1.0147624015808105
}