{
  "mae_non_fe_test": 0.27562278253563155,
  "r2_non_fe_test": 0.831727464481858,
  "mae_fe_test": 0.2191193527192908,
  "r2_fe_test": 0.8199422116385778,
  "run_time_sec": 9.206451654434204,
  "sequence": [
    "N0",
    "N2",
    "N1",
    "N8",
    "N9"
  ],
  "timestamp": "2025-10-07 00:05:30",
  "execution_times": {
    "N0": 0.24153375625610352,
    "N2": 0.06150388717651367,
    "N1": 0.056108713150024414,
    "N8": 8.845618963241577,
    "N9": 3.814697265625e-06
  },
  "total_execution_time": 9.204769134521484
}