{
  "mae_non_fe_test": 0.28707564819018294,
  "r2_non_fe_test": 0.8251489530517622,
  "mae_fe_test": 0.2674067961505286,
  "r2_fe_test": 0.8005706959131327,
  "run_time_sec": 5.553896427154541,
  "sequence": [
    "N0",
    "N2",
    "N1",
    "N7",
    "N3",
    "N6",
    "N8",
    "N9"
  ],
  "timestamp": "2025-10-07 00:24:35",
  "execution_times": {
    "N0": 0.4831094741821289,
    "N2": 0.06435751914978027,
    "N1": 0.028668642044067383,
    "N7": 0.007386684417724609,
    "N3": 0.009416341781616211,
    "N6": 0.004491567611694336,
    "N8": 4.9537694454193115,
    "N9": 2.6226043701171875e-06
  },
  "total_execution_time": 5.551202297210693
}