{
  "mae_non_fe_test": 0.27520067812122134,
  "r2_non_fe_test": 0.8240263740130278,
  "mae_fe_test": 0.2169589197557098,
  "r2_fe_test": 0.8008824726041095,
  "run_time_sec": 11.19536542892456,
  "sequence": [
    "N0",
    "N2",
    "N1",
    "N4",
    "N8",
    "N9"
  ],
  "timestamp": "2025-10-07 01:11:27",
  "execution_times": {
    "N0": 0.2553894519805908,
    "N2": 0.07052874565124512,
    "N1": 0.0220944881439209,
    "N4": 0.014383077621459961,
    "N8": 10.830085277557373,
    "N9": 0.0005340576171875
  },
  "total_execution_time": 11.193015098571777
}