{
  "mae_non_fe_test": null,
  "r2_non_fe_test": null,
  "mae_fe_test": null,
  "r2_fe_test": null,
  "run_time_sec": 0.45864224433898926,
  "sequence": [
    "N0",
    "N2",
    "N4",
    "N8",
    "N9"
  ],
  "timestamp": "2025-10-07 00:19:50",
  "execution_times": {
    "N0": 0.22953057289123535,
    "N2": 0.21587371826171875,
    "N4": 0.010976314544677734,
    "N8": 0.0020935535430908203,
    "N9": 2.6226043701171875e-06
  },
  "total_execution_time": 0.4584767818450928,
  "error": "The 'y_pred' parameter of mean_absolute_error must be an array-like. Got None instead."
}