{
  "mae_non_fe_test": 0.29179595448111767,
  "r2_non_fe_test": 0.7872289235963515,
  "mae_fe_test": 0.18306545972340482,
  "r2_fe_test": 0.8430653699873556,
  "run_time_sec": 2.8717362880706787,
  "sequence": [
    "N0",
    "N2",
    "N1",
    "N4",
    "N5",
    "N8",
    "N9"
  ],
  "timestamp": "2025-10-07 00:45:54",
  "execution_times": {
    "N0": 0.26732301712036133,
    "N2": 0.08373689651489258,
    "N1": 0.03037548065185547,
    "N4": 0.017326831817626953,
    "N5": 0.0009026527404785156,
    "N8": 2.465914726257324,
    "N9": 0.0008294582366943359
  },
  "total_execution_time": 2.8664090633392334
}