{
  "mae_non_fe_test": 0.2775482575038099,
  "r2_non_fe_test": 0.8311713461940924,
  "mae_fe_test": 0.20709873678388757,
  "r2_fe_test": 0.8165217587354647,
  "run_time_sec": 1.1476466655731201,
  "sequence": [
    "N0",
    "N2",
    "N4",
    "N3",
    "N8",
    "N9"
  ],
  "timestamp": "2025-10-07 00:08:05",
  "execution_times": {
    "N0": 0.2420787811279297,
    "N2": 0.0661931037902832,
    "N4": 0.015192270278930664,
    "N3": 6.9141387939453125e-06,
    "N8": 0.8195385932922363,
    "N9": 7.3909759521484375e-06
  },
  "total_execution_time": 1.143017053604126
}