{
  "mae_non_fe_test": 0.26167273462481755,
  "r2_non_fe_test": 0.8379116584896554,
  "mae_fe_test": 0.1847984171055248,
  "r2_fe_test": 0.8591830212169553,
  "run_time_sec": 12.200823068618774,
  "sequence": [
    "N0",
    "N2",
    "N4",
    "N6",
    "N5",
    "N1",
    "N3",
    "N8",
    "N9"
  ],
  "timestamp": "2025-10-07 01:09:36",
  "execution_times": {
    "N0": 0.48180508613586426,
    "N2": 0.06859445571899414,
    "N4": 0.015406370162963867,
    "N6": 0.012359857559204102,
    "N5": 0.0006208419799804688,
    "N1": 0.010849237442016602,
    "N3": 0.038584232330322266,
    "N8": 11.569306135177612,
    "N9": 0.0005247592926025391
  },
  "total_execution_time": 12.19805097579956
}