{
  "mae_non_fe_test": 0.27086384128244645,
  "r2_non_fe_test": 0.8356129988564187,
  "mae_fe_test": 0.22950842128084153,
  "r2_fe_test": 0.7990341701403424,
  "run_time_sec": 10.879987001419067,
  "sequence": [
    "N0",
    "N2",
    "N5",
    "N8",
    "N9"
  ],
  "timestamp": "2025-10-07 01:09:11",
  "execution_times": {
    "N0": 0.28565478324890137,
    "N2": 0.07589483261108398,
    "N5": 0.0005543231964111328,
    "N8": 10.515296697616577,
    "N9": 0.0005600452423095703
  },
  "total_execution_time": 10.877960681915283
}