{
  "mae_non_fe_test": 0.26852840837328285,
  "r2_non_fe_test": 0.8425582513895044,
  "mae_fe_test": 0.22743266167053258,
  "r2_fe_test": 0.8135457450754129,
  "run_time_sec": 1.530306339263916,
  "sequence": [
    "N0",
    "N2",
    "N8",
    "N9"
  ],
  "timestamp": "2025-10-07 00:24:12",
  "execution_times": {
    "N0": 0.43756103515625,
    "N2": 0.05852937698364258,
    "N8": 1.0298597812652588,
    "N9": 6.9141387939453125e-06
  },
  "total_execution_time": 1.5259571075439453
}