{
  "mae_non_fe_test": 0.29693834145985015,
  "r2_non_fe_test": 0.8134718920320987,
  "mae_fe_test": 0.19826695342927966,
  "r2_fe_test": 0.83369915602649,
  "run_time_sec": 1.9617407321929932,
  "sequence": [
    "N0",
    "N2",
    "N8",
    "N9"
  ],
  "timestamp": "2025-10-07 00:20:55",
  "execution_times": {
    "N0": 0.22898101806640625,
    "N2": 0.06251311302185059,
    "N8": 1.6674225330352783,
    "N9": 5.0067901611328125e-06
  },
  "total_execution_time": 1.9589216709136963
}