{
  "mae_non_fe_test": 0.3159338254706607,
  "r2_non_fe_test": 0.8006485724215926,
  "mae_fe_test": 0.19579717648551373,
  "r2_fe_test": 0.8321463718401421,
  "run_time_sec": 1.609956979751587,
  "sequence": [
    "N0",
    "N2",
    "N8",
    "N9"
  ],
  "timestamp": "2025-10-07 00:16:14",
  "execution_times": {
    "N0": 0.3544588088989258,
    "N2": 0.07557415962219238,
    "N8": 1.1774752140045166,
    "N9": 4.5299530029296875e-06
  },
  "total_execution_time": 1.6075127124786377
}