{
  "mae_non_fe_test": 0.2682159219737909,
  "r2_non_fe_test": 0.834550325475949,
  "mae_fe_test": 0.1704741147011571,
  "r2_fe_test": 0.8788618096736394,
  "run_time_sec": 1.1095178127288818,
  "sequence": [
    "N0",
    "N2",
    "N1",
    "N3",
    "N6",
    "N8",
    "N9"
  ],
  "timestamp": "2025-10-07 00:09:16",
  "execution_times": {
    "N0": 0.23212385177612305,
    "N2": 0.06363630294799805,
    "N1": 0.054312705993652344,
    "N3": 0.042673349380493164,
    "N6": 0.008768558502197266,
    "N8": 0.6990771293640137,
    "N9": 6.9141387939453125e-06
  },
  "total_execution_time": 1.1005988121032715
}