{
  "mae_non_fe_test": 0.31150845493588614,
  "r2_non_fe_test": 0.7977250683361307,
  "mae_fe_test": 0.18790738102497825,
  "r2_fe_test": 0.8437346473382334,
  "run_time_sec": 1.5210528373718262,
  "sequence": [
    "N0",
    "N2",
    "N4",
    "N6",
    "N7",
    "N5",
    "N3",
    "N8",
    "N9"
  ],
  "timestamp": "2025-10-07 00:42:11",
  "execution_times": {
    "N0": 0.2695131301879883,
    "N2": 0.28531837463378906,
    "N4": 0.01449441909790039,
    "N6": 0.00607752799987793,
    "N7": 0.007178306579589844,
    "N5": 0.0004949569702148438,
    "N3": 0.02058100700378418,
    "N8": 0.9131293296813965,
    "N9": 0.0008833408355712891
  },
  "total_execution_time": 1.5176703929901123
}