{
  "mae_non_fe_test": 0.7100984858113675,
  "r2_non_fe_test": 0.1208058390350637,
  "mae_fe_test": 0.32315416258116336,
  "r2_fe_test": 0.2669373133368541,
  "run_time_sec": 0.6626846790313721,
  "sequence": [
    "N0",
    "N2",
    "N1",
    "N6",
    "N3",
    "N4",
    "N7",
    "N8",
    "N9"
  ],
  "timestamp": "2025-10-07 00:07:04",
  "execution_times": {
    "N0": 0.20385456085205078,
    "N2": 0.054845333099365234,
    "N1": 0.05188465118408203,
    "N6": 0.008367538452148438,
    "N3": 0.0006470680236816406,
    "N4": 0.0006215572357177734,
    "N7": 0.0026040077209472656,
    "N8": 0.33737945556640625,
    "N9": 5.0067901611328125e-06
  },
  "total_execution_time": 0.6602091789245605
}