{
  "mae_non_fe_test": 0.2782940100018483,
  "r2_non_fe_test": 0.8245253408132935,
  "mae_fe_test": 0.18387419470259564,
  "r2_fe_test": 0.8448458552771191,
  "run_time_sec": 2.5535120964050293,
  "sequence": [
    "N0",
    "N2",
    "N1",
    "N8",
    "N9"
  ],
  "timestamp": "2025-10-07 00:13:11",
  "execution_times": {
    "N0": 0.27417492866516113,
    "N2": 0.07213377952575684,
    "N1": 0.03235983848571777,
    "N8": 2.1723849773406982,
    "N9": 6.4373016357421875e-06
  },
  "total_execution_time": 2.5510599613189697
}