{
  "mae_non_fe_test": 0.2867836897716998,
  "r2_non_fe_test": 0.8295365559479349,
  "mae_fe_test": 0.19267383273127206,
  "r2_fe_test": 0.8512485620479804,
  "run_time_sec": 1.1301612854003906,
  "sequence": [
    "N0",
    "N2",
    "N8",
    "N9"
  ],
  "timestamp": "2025-10-07 00:22:46",
  "execution_times": {
    "N0": 0.3591296672821045,
    "N2": 0.07985138893127441,
    "N8": 0.6871411800384521,
    "N9": 4.76837158203125e-06
  },
  "total_execution_time": 1.126127004623413
}