{
  "mae_non_fe_test": 0.26829610277984,
  "r2_non_fe_test": 0.8311188057590027,
  "mae_fe_test": 0.18329518151967947,
  "r2_fe_test": 0.8449459596277217,
  "run_time_sec": 3.3259472846984863,
  "sequence": [
    "N0",
    "N2",
    "N8",
    "N9"
  ],
  "timestamp": "2025-10-07 00:15:24",
  "execution_times": {
    "N0": 0.31994009017944336,
    "N2": 0.08532452583312988,
    "N8": 2.9180102348327637,
    "N9": 4.0531158447265625e-06
  },
  "total_execution_time": 3.3232789039611816
}