{
  "mae_non_fe_test": 0.2686843664457063,
  "r2_non_fe_test": 0.8320660794395724,
  "mae_fe_test": 0.256038402072411,
  "r2_fe_test": 0.7941685043587601,
  "run_time_sec": 2.1723220348358154,
  "sequence": [
    "N0",
    "N2",
    "N8",
    "N9"
  ],
  "timestamp": "2025-10-07 00:20:49",
  "execution_times": {
    "N0": 0.2662782669067383,
    "N2": 0.07099461555480957,
    "N8": 1.831239938735962,
    "N9": 5.245208740234375e-06
  },
  "total_execution_time": 2.16851806640625
}