{
  "mae_non_fe_test": null,
  "r2_non_fe_test": null,
  "mae_fe_test": null,
  "r2_fe_test": null,
  "run_time_sec": 0.2529175281524658,
  "sequence": [
    "N0",
    "N2",
    "N8",
    "N9"
  ],
  "timestamp": "2025-10-07 00:19:34",
  "execution_times": {
    "N0": 0.19379663467407227,
    "N2": 0.05466938018798828,
    "N8": 0.004286050796508789,
    "N9": 2.86102294921875e-06
  },
  "total_execution_time": 0.25275492668151855,
  "error": "The 'y_pred' parameter of mean_absolute_error must be an array-like. Got None instead."
}