{
  "mae_non_fe_test": 0.2779312024636035,
  "r2_non_fe_test": 0.8250314263190328,
  "mae_fe_test": 0.18423633132620618,
  "r2_fe_test": 0.8442114357854457,
  "run_time_sec": 2.5737810134887695,
  "sequence": [
    "N0",
    "N2",
    "N3",
    "N1",
    "N5",
    "N8",
    "N9"
  ],
  "timestamp": "2025-10-07 00:46:30",
  "execution_times": {
    "N0": 0.2908954620361328,
    "N2": 0.08442950248718262,
    "N3": 0.016228437423706055,
    "N1": 0.015383720397949219,
    "N5": 0.0008537769317626953,
    "N8": 2.1624679565429688,
    "N9": 0.0008318424224853516
  },
  "total_execution_time": 2.5710906982421875
}