{
  "mae_non_fe_test": 0.2747763329633202,
  "r2_non_fe_test": 0.8375832072552593,
  "mae_fe_test": 0.21774275877636004,
  "r2_fe_test": 0.8279062860684192,
  "run_time_sec": 9.687928676605225,
  "sequence": [
    "N0",
    "N2",
    "N8",
    "N9"
  ],
  "timestamp": "2025-10-07 00:37:36",
  "execution_times": {
    "N0": 0.2074718475341797,
    "N2": 0.06897091865539551,
    "N8": 9.408859968185425,
    "N9": 0.0005581378936767578
  },
  "total_execution_time": 9.685860872268677
}