{
  "mae_non_fe_test": 0.27977597909032426,
  "r2_non_fe_test": 0.8207685052498783,
  "mae_fe_test": 0.2712046587181845,
  "r2_fe_test": 0.7745741029538742,
  "run_time_sec": 9.454952001571655,
  "sequence": [
    "N0",
    "N2",
    "N1",
    "N6",
    "N8",
    "N9"
  ],
  "timestamp": "2025-10-07 00:55:37",
  "execution_times": {
    "N0": 0.5314750671386719,
    "N2": 0.07460403442382812,
    "N1": 0.059659719467163086,
    "N6": 0.005254507064819336,
    "N8": 8.781144857406616,
    "N9": 0.0007319450378417969
  },
  "total_execution_time": 9.45287013053894
}