{
  "mae_non_fe_test": 0.2900649254911818,
  "r2_non_fe_test": 0.8179796997483076,
  "mae_fe_test": 0.22189011854426838,
  "r2_fe_test": 0.8381679368176508,
  "run_time_sec": 5.54923152923584,
  "sequence": [
    "N0",
    "N2",
    "N1",
    "N4",
    "N6",
    "N8",
    "N9"
  ],
  "timestamp": "2025-10-07 00:50:02",
  "execution_times": {
    "N0": 0.33301877975463867,
    "N2": 0.08508133888244629,
    "N1": 0.04044008255004883,
    "N4": 0.017690658569335938,
    "N6": 0.010517597198486328,
    "N8": 5.05866813659668,
    "N9": 0.0005700588226318359
  },
  "total_execution_time": 5.545986652374268
}