{
  "mae_non_fe_test": 0.2566547253222023,
  "r2_non_fe_test": 0.8376091591169916,
  "mae_fe_test": 0.2319392036405235,
  "r2_fe_test": 0.8254503921491191,
  "run_time_sec": 19.917708158493042,
  "sequence": [
    "N0",
    "N2",
    "N1",
    "N8",
    "N9"
  ],
  "timestamp": "2025-10-07 00:58:14",
  "execution_times": {
    "N0": 0.5228168964385986,
    "N2": 0.0769963264465332,
    "N1": 0.02899789810180664,
    "N8": 19.286319255828857,
    "N9": 0.0006256103515625
  },
  "total_execution_time": 19.91575598716736
}