{
  "mae_non_fe_test": 0.27763573537651826,
  "r2_non_fe_test": 0.8352006111737171,
  "mae_fe_test": 0.2345606326645598,
  "r2_fe_test": 0.7889004248736061,
  "run_time_sec": 1.2248339653015137,
  "sequence": [
    "N0",
    "N2",
    "N1",
    "N8",
    "N9"
  ],
  "timestamp": "2025-10-07 00:45:26",
  "execution_times": {
    "N0": 0.22478771209716797,
    "N2": 0.0732576847076416,
    "N1": 0.028674840927124023,
    "N8": 0.8927478790283203,
    "N9": 0.0008528232574462891
  },
  "total_execution_time": 1.2203209400177002
}