{
  "mae_non_fe_test": 0.2809640010946804,
  "r2_non_fe_test": 0.8226047943545111,
  "mae_fe_test": 0.28116514027111633,
  "r2_fe_test": 0.7782518909977791,
  "run_time_sec": 1.9197421073913574,
  "sequence": [
    "N0",
    "N2",
    "N7",
    "N1",
    "N8",
    "N9"
  ],
  "timestamp": "2025-10-07 01:09:00",
  "execution_times": {
    "N0": 0.36077070236206055,
    "N2": 0.09072041511535645,
    "N7": 0.01977372169494629,
    "N1": 0.012087106704711914,
    "N8": 1.4313230514526367,
    "N9": 0.0007450580596923828
  },
  "total_execution_time": 1.9154200553894043
}