{
  "mae_non_fe_test": 0.2996848201642958,
  "r2_non_fe_test": 0.8039583969717614,
  "mae_fe_test": 0.25268528941505974,
  "r2_fe_test": 0.8131769827447906,
  "run_time_sec": 0.8522908687591553,
  "sequence": [
    "N0",
    "N2",
    "N1",
    "N6",
    "N8",
    "N9"
  ],
  "timestamp": "2025-10-07 00:12:06",
  "execution_times": {
    "N0": 0.2619502544403076,
    "N2": 0.06919407844543457,
    "N1": 0.05853533744812012,
    "N6": 0.0046961307525634766,
    "N8": 0.45377039909362793,
    "N9": 7.62939453125e-06
  },
  "total_execution_time": 0.848153829574585
}