{
  "mae_non_fe_test": 0.2699603250069365,
  "r2_non_fe_test": 0.8178939101194262,
  "mae_fe_test": 0.23777050834055224,
  "r2_fe_test": 0.8381215060050289,
  "run_time_sec": 1.9308528900146484,
  "sequence": [
    "N0",
    "N2",
    "N1",
    "N3",
    "N5",
    "N6",
    "N7",
    "N4",
    "N8",
    "N9"
  ],
  "timestamp": "2025-10-07 01:08:35",
  "execution_times": {
    "N0": 0.26021552085876465,
    "N2": 0.07335925102233887,
    "N1": 0.029595613479614258,
    "N3": 0.04451441764831543,
    "N5": 0.0006248950958251953,
    "N6": 0.01055002212524414,
    "N7": 0.010264158248901367,
    "N4": 0.010646820068359375,
    "N8": 1.4849681854248047,
    "N9": 0.001001119613647461
  },
  "total_execution_time": 1.9257400035858154
}