{
  "mae_non_fe_test": 0.3527670901305987,
  "r2_non_fe_test": 0.6893260407485383,
  "mae_fe_test": 0.2120783452836086,
  "r2_fe_test": 0.8366857571294358,
  "run_time_sec": 1.564953088760376,
  "sequence": [
    "N0",
    "N2",
    "N1",
    "N6",
    "N7",
    "N4",
    "N5",
    "N8",
    "N9"
  ],
  "timestamp": "2025-10-07 00:51:23",
  "execution_times": {
    "N0": 0.5759315490722656,
    "N2": 0.10654568672180176,
    "N1": 0.03935408592224121,
    "N6": 0.0068683624267578125,
    "N7": 0.007081270217895508,
    "N4": 0.0071108341217041016,
    "N5": 0.0005345344543457031,
    "N8": 0.817563533782959,
    "N9": 0.0008027553558349609
  },
  "total_execution_time": 1.5617926120758057
}