{
  "mae_non_fe_test": 0.2872985727734497,
  "r2_non_fe_test": 0.8027460290150703,
  "mae_fe_test": 0.18696464229498916,
  "r2_fe_test": 0.8473965308070357,
  "run_time_sec": 1.953291416168213,
  "sequence": [
    "N0",
    "N2",
    "N3",
    "N1",
    "N4",
    "N6",
    "N8",
    "N9"
  ],
  "timestamp": "2025-10-07 00:07:44",
  "execution_times": {
    "N0": 0.21967530250549316,
    "N2": 0.05949854850769043,
    "N3": 0.011922359466552734,
    "N1": 0.04235196113586426,
    "N4": 0.01082921028137207,
    "N6": 0.005449533462524414,
    "N8": 1.5994141101837158,
    "N9": 5.7220458984375e-06
  },
  "total_execution_time": 1.9491467475891113
}