{
  "mae_non_fe_test": 0.2784622755310617,
  "r2_non_fe_test": 0.8365603915006469,
  "mae_fe_test": 0.21532397170262108,
  "r2_fe_test": 0.8058425465137204,
  "run_time_sec": 1.369563102722168,
  "sequence": [
    "N0",
    "N2",
    "N8",
    "N9"
  ],
  "timestamp": "2025-10-07 00:15:53",
  "execution_times": {
    "N0": 0.25629639625549316,
    "N2": 0.0671231746673584,
    "N8": 1.0424816608428955,
    "N9": 5.245208740234375e-06
  },
  "total_execution_time": 1.3659064769744873
}