{
  "mae_non_fe_test": 0.2943065280920765,
  "r2_non_fe_test": 0.8260980335819436,
  "mae_fe_test": 0.20703918041398672,
  "r2_fe_test": 0.8374467184116139,
  "run_time_sec": 1.242154598236084,
  "sequence": [
    "N0",
    "N2",
    "N7",
    "N8",
    "N9"
  ],
  "timestamp": "2025-10-07 00:13:01",
  "execution_times": {
    "N0": 0.4737246036529541,
    "N2": 0.08381867408752441,
    "N7": 0.07109665870666504,
    "N8": 0.609377384185791,
    "N9": 5.4836273193359375e-06
  },
  "total_execution_time": 1.238022804260254
}