{
  "mae_non_fe_test": 0.2978441578407973,
  "r2_non_fe_test": 0.8130519752728476,
  "mae_fe_test": 0.19750184634013856,
  "r2_fe_test": 0.8330824368932797,
  "run_time_sec": 1.7166576385498047,
  "sequence": [
    "N0",
    "N2",
    "N8",
    "N9"
  ],
  "timestamp": "2025-10-07 00:23:44",
  "execution_times": {
    "N0": 0.2126784324645996,
    "N2": 0.0618288516998291,
    "N8": 1.4395270347595215,
    "N9": 3.5762786865234375e-06
  },
  "total_execution_time": 1.7140378952026367
}