{
  "mae_non_fe_test": 0.2848852921312371,
  "r2_non_fe_test": 0.8128170310757998,
  "mae_fe_test": 0.19102769570893058,
  "r2_fe_test": 0.8635816902711909,
  "run_time_sec": 1.2988381385803223,
  "sequence": [
    "N0",
    "N2",
    "N7",
    "N4",
    "N8",
    "N9"
  ],
  "timestamp": "2025-10-07 00:23:30",
  "execution_times": {
    "N0": 0.23964619636535645,
    "N2": 0.06563806533813477,
    "N7": 0.05009031295776367,
    "N4": 0.011082649230957031,
    "N8": 0.9260358810424805,
    "N9": 8.106231689453125e-06
  },
  "total_execution_time": 1.2925012111663818
}