{
  "mae_non_fe_test": 0.2845080010007514,
  "r2_non_fe_test": 0.7632071963977817,
  "mae_fe_test": 0.22336360140508132,
  "r2_fe_test": 0.8375030331849441,
  "run_time_sec": 19.09757399559021,
  "sequence": [
    "N0",
    "N2",
    "N4",
    "N5",
    "N7",
    "N8",
    "N9"
  ],
  "timestamp": "2025-10-07 00:43:04",
  "execution_times": {
    "N0": 0.24275946617126465,
    "N2": 0.07766270637512207,
    "N4": 0.01704573631286621,
    "N5": 0.0005984306335449219,
    "N7": 0.013294219970703125,
    "N8": 18.743447303771973,
    "N9": 0.0005834102630615234
  },
  "total_execution_time": 19.095391273498535
}