{
  "mae_non_fe_test": 0.2761842806867615,
  "r2_non_fe_test": 0.7838085016641925,
  "mae_fe_test": 0.22026092250406054,
  "r2_fe_test": 0.818404551819118,
  "run_time_sec": 16.522130489349365,
  "sequence": [
    "N0",
    "N2",
    "N4",
    "N8",
    "N9"
  ],
  "timestamp": "2025-10-07 00:34:51",
  "execution_times": {
    "N0": 0.28103137016296387,
    "N2": 0.3008131980895996,
    "N4": 0.016590356826782227,
    "N8": 15.921396970748901,
    "N9": 0.0004904270172119141
  },
  "total_execution_time": 16.52032232284546
}