{
  "mae_non_fe_test": 0.5194851023995273,
  "r2_non_fe_test": 0.41897362159603213,
  "mae_fe_test": 0.21304197616089862,
  "r2_fe_test": 0.8330785817155166,
  "run_time_sec": 0.8680202960968018,
  "sequence": [
    "N0",
    "N2",
    "N7",
    "N3",
    "N5",
    "N4",
    "N6",
    "N8",
    "N9"
  ],
  "timestamp": "2025-10-07 01:10:27",
  "execution_times": {
    "N0": 0.28135061264038086,
    "N2": 0.08065652847290039,
    "N7": 0.01958298683166504,
    "N3": 0.013690710067749023,
    "N5": 0.0005927085876464844,
    "N4": 0.014360904693603516,
    "N6": 0.016265392303466797,
    "N8": 0.4358952045440674,
    "N9": 0.0007655620574951172
  },
  "total_execution_time": 0.8631606101989746
}