{
  "mae_non_fe_test": 0.2690114008063221,
  "r2_non_fe_test": 0.8305347203585608,
  "mae_fe_test": 0.18541438216134332,
  "r2_fe_test": 0.8432507876507683,
  "run_time_sec": 3.2037880420684814,
  "sequence": [
    "N0",
    "N2",
    "N8",
    "N9"
  ],
  "timestamp": "2025-10-07 00:07:10",
  "execution_times": {
    "N0": 0.3598031997680664,
    "N2": 0.3006410598754883,
    "N8": 2.540268659591675,
    "N9": 6.4373016357421875e-06
  },
  "total_execution_time": 3.2007193565368652
}