{
  "mae_non_fe_test": 0.28682793866460204,
  "r2_non_fe_test": 0.8211293725992928,
  "mae_fe_test": 0.23981610474349893,
  "r2_fe_test": 0.7977156929243129,
  "run_time_sec": 1.4895951747894287,
  "sequence": [
    "N0",
    "N2",
    "N7",
    "N3",
    "N5",
    "N8",
    "N9"
  ],
  "timestamp": "2025-10-07 00:52:24",
  "execution_times": {
    "N0": 0.2571980953216553,
    "N2": 0.07628321647644043,
    "N7": 0.0544285774230957,
    "N3": 0.0004737377166748047,
    "N5": 0.0004622936248779297,
    "N8": 1.0959947109222412,
    "N9": 0.0007317066192626953
  },
  "total_execution_time": 1.485572338104248
}