{
  "mae_non_fe_test": 0.3141675871473714,
  "r2_non_fe_test": 0.8020251210394389,
  "mae_fe_test": 0.1986719260016193,
  "r2_fe_test": 0.8305172211623771,
  "run_time_sec": 1.796529769897461,
  "sequence": [
    "N0",
    "N2",
    "N1",
    "N8",
    "N9"
  ],
  "timestamp": "2025-10-07 00:48:39",
  "execution_times": {
    "N0": 0.3688645362854004,
    "N2": 0.0868074893951416,
    "N1": 0.02730727195739746,
    "N8": 1.309570074081421,
    "N9": 0.0007569789886474609
  },
  "total_execution_time": 1.7933063507080078
}