{
  "mae_non_fe_test": 0.28013698207498544,
  "r2_non_fe_test": 0.8218867910724175,
  "mae_fe_test": 0.19639412526013889,
  "r2_fe_test": 0.8369121144914378,
  "run_time_sec": 2.4308719635009766,
  "sequence": [
    "N0",
    "N2",
    "N8",
    "N9"
  ],
  "timestamp": "2025-10-07 00:26:13",
  "execution_times": {
    "N0": 0.35075855255126953,
    "N2": 0.05071830749511719,
    "N8": 2.0249183177948,
    "N9": 4.291534423828125e-06
  },
  "total_execution_time": 2.4263994693756104
}