{
  "mae_non_fe_test": 0.30989074856588933,
  "r2_non_fe_test": 0.7757020865952003,
  "mae_fe_test": 0.1912513522118255,
  "r2_fe_test": 0.8377213921233475,
  "run_time_sec": 2.257866382598877,
  "sequence": [
    "N0",
    "N2",
    "N5",
    "N4",
    "N7",
    "N8",
    "N9"
  ],
  "timestamp": "2025-10-07 00:49:17",
  "execution_times": {
    "N0": 0.24727201461791992,
    "N2": 0.07473230361938477,
    "N5": 0.0005800724029541016,
    "N4": 0.017749786376953125,
    "N7": 0.011305809020996094,
    "N8": 1.902191162109375,
    "N9": 0.0009453296661376953
  },
  "total_execution_time": 2.2547764778137207
}