{
  "mae_non_fe_test": 0.7701662055772188,
  "r2_non_fe_test": -0.4197421153981773,
  "mae_fe_test": 0.6449649550520498,
  "r2_fe_test": -0.1979568953589823,
  "run_time_sec": 1.0575435161590576,
  "sequence": [
    "N0",
    "N2",
    "N4",
    "N1",
    "N6",
    "N8",
    "N9"
  ],
  "timestamp": "2025-10-07 00:34:16",
  "execution_times": {
    "N0": 0.20925307273864746,
    "N2": 0.06427836418151855,
    "N4": 0.01415872573852539,
    "N1": 0.04081130027770996,
    "N6": 0.011211156845092773,
    "N8": 0.7149014472961426,
    "N9": 0.000484466552734375
  },
  "total_execution_time": 1.055098533630371
}