{
  "mae_non_fe_test": 0.29693834145985015,
  "r2_non_fe_test": 0.8134718920320987,
  "mae_fe_test": 0.1982669534292797,
  "r2_fe_test": 0.83369915602649,
  "run_time_sec": 1.9267523288726807,
  "sequence": [
    "N0",
    "N2",
    "N8",
    "N9"
  ],
  "timestamp": "2025-10-07 00:14:21",
  "execution_times": {
    "N0": 0.23412537574768066,
    "N2": 0.06360387802124023,
    "N8": 1.6260783672332764,
    "N9": 7.343292236328125e-05
  },
  "total_execution_time": 1.9238810539245605
}