{
  "mae_non_fe_test": 0.29318210892886687,
  "r2_non_fe_test": 0.8194154226303099,
  "mae_fe_test": 0.209422178599771,
  "r2_fe_test": 0.8327723812639146,
  "run_time_sec": 6.723252534866333,
  "sequence": [
    "N0",
    "N2",
    "N4",
    "N5",
    "N3",
    "N8",
    "N9"
  ],
  "timestamp": "2025-10-07 00:56:49",
  "execution_times": {
    "N0": 0.2268664836883545,
    "N2": 0.0691077709197998,
    "N4": 0.013974905014038086,
    "N5": 0.00045800209045410156,
    "N3": 0.009909868240356445,
    "N8": 6.3999364376068115,
    "N9": 0.0006184577941894531
  },
  "total_execution_time": 6.720871925354004
}