{
  "mae_non_fe_test": 0.2632314126282757,
  "r2_non_fe_test": 0.8193052035886068,
  "mae_fe_test": 0.26475667550307436,
  "r2_fe_test": 0.7895286870074096,
  "run_time_sec": 1.4237120151519775,
  "sequence": [
    "N0",
    "N2",
    "N4",
    "N8",
    "N9"
  ],
  "timestamp": "2025-10-07 00:33:18",
  "execution_times": {
    "N0": 0.21267175674438477,
    "N2": 0.06290125846862793,
    "N4": 0.011793136596679688,
    "N8": 1.1310172080993652,
    "N9": 0.000858306884765625
  },
  "total_execution_time": 1.4192416667938232
}