{
  "mae_non_fe_test": 0.2645726437389342,
  "r2_non_fe_test": 0.8278748462452109,
  "mae_fe_test": 0.2292273736013693,
  "r2_fe_test": 0.8127234691067398,
  "run_time_sec": 12.873025894165039,
  "sequence": [
    "N0",
    "N2",
    "N1",
    "N8",
    "N9"
  ],
  "timestamp": "2025-10-07 00:10:43",
  "execution_times": {
    "N0": 0.4254162311553955,
    "N2": 0.05727696418762207,
    "N1": 0.05207395553588867,
    "N8": 12.336650609970093,
    "N9": 3.337860107421875e-06
  },
  "total_execution_time": 12.871421098709106
}