{
  "mae_non_fe_test": 0.2939499724705662,
  "r2_non_fe_test": 0.7959049496718865,
  "mae_fe_test": 0.22566892820465614,
  "r2_fe_test": 0.8212780385986479,
  "run_time_sec": 1.384507417678833,
  "sequence": [
    "N0",
    "N2",
    "N4",
    "N3",
    "N8",
    "N9"
  ],
  "timestamp": "2025-10-07 00:14:53",
  "execution_times": {
    "N0": 0.27576518058776855,
    "N2": 0.0685737133026123,
    "N4": 0.015801668167114258,
    "N3": 0.012194633483886719,
    "N8": 1.0079059600830078,
    "N9": 5.9604644775390625e-06
  },
  "total_execution_time": 1.3802471160888672
}