{
  "mae_non_fe_test": 0.2599396037611263,
  "r2_non_fe_test": 0.8319534602701762,
  "mae_fe_test": 0.2193425659836753,
  "r2_fe_test": 0.8377231516507947,
  "run_time_sec": 16.393821001052856,
  "sequence": [
    "N0",
    "N2",
    "N1",
    "N8",
    "N9"
  ],
  "timestamp": "2025-10-07 00:24:05",
  "execution_times": {
    "N0": 0.23755550384521484,
    "N2": 0.0624539852142334,
    "N1": 0.07285070419311523,
    "N8": 16.019190311431885,
    "N9": 2.86102294921875e-06
  },
  "total_execution_time": 16.392053365707397
}