{
  "mae_non_fe_test": 0.27071674623141856,
  "r2_non_fe_test": 0.8244692093846548,
  "mae_fe_test": 0.23784220880624285,
  "r2_fe_test": 0.8263803161679438,
  "run_time_sec": 14.017796993255615,
  "sequence": [
    "N0",
    "N2",
    "N8",
    "N9"
  ],
  "timestamp": "2025-10-07 00:36:29",
  "execution_times": {
    "N0": 0.2717287540435791,
    "N2": 0.07633733749389648,
    "N8": 13.667508125305176,
    "N9": 0.00044655799865722656
  },
  "total_execution_time": 14.016020774841309
}