{
  "mae_non_fe_test": 0.2842312296496954,
  "r2_non_fe_test": 0.8041031942363381,
  "mae_fe_test": 0.2569800512191672,
  "r2_fe_test": 0.8034257747053696,
  "run_time_sec": 1.5557949542999268,
  "sequence": [
    "N0",
    "N2",
    "N1",
    "N6",
    "N8",
    "N9"
  ],
  "timestamp": "2025-10-07 00:53:02",
  "execution_times": {
    "N0": 0.3508930206298828,
    "N2": 0.09250140190124512,
    "N1": 0.07220745086669922,
    "N6": 0.008604288101196289,
    "N8": 1.0261259078979492,
    "N9": 0.0008530616760253906
  },
  "total_execution_time": 1.551185131072998
}