{
  "mae_non_fe_test": 0.27337990334083206,
  "r2_non_fe_test": 0.839381129071476,
  "mae_fe_test": 0.18748424198686497,
  "r2_fe_test": 0.8562582495553511,
  "run_time_sec": 1.5671563148498535,
  "sequence": [
    "N0",
    "N2",
    "N4",
    "N1",
    "N3",
    "N6",
    "N7",
    "N8",
    "N9"
  ],
  "timestamp": "2025-10-07 00:47:47",
  "execution_times": {
    "N0": 0.6113307476043701,
    "N2": 0.09370255470275879,
    "N4": 0.019591331481933594,
    "N1": 0.05578947067260742,
    "N3": 0.015289068222045898,
    "N6": 0.009329557418823242,
    "N7": 0.032970428466796875,
    "N8": 0.7210726737976074,
    "N9": 0.0009558200836181641
  },
  "total_execution_time": 1.5600316524505615
}