{
  "mae_non_fe_test": 0.26516586080756444,
  "r2_non_fe_test": 0.8399799359120638,
  "mae_fe_test": 0.1993191026862679,
  "r2_fe_test": 0.8361703248396818,
  "run_time_sec": 11.830559253692627,
  "sequence": [
    "N0",
    "N2",
    "N4",
    "N3",
    "N8",
    "N9"
  ],
  "timestamp": "2025-10-07 00:57:51",
  "execution_times": {
    "N0": 0.3440885543823242,
    "N2": 0.08994221687316895,
    "N4": 0.020671367645263672,
    "N3": 0.018175840377807617,
    "N8": 11.35495901107788,
    "N9": 0.00044536590576171875
  },
  "total_execution_time": 11.828282356262207
}