{
  "mae_non_fe_test": 0.2704311645588841,
  "r2_non_fe_test": 0.829707554040543,
  "mae_fe_test": 0.24024193684396902,
  "r2_fe_test": 0.8021193483435545,
  "run_time_sec": 13.713338851928711,
  "sequence": [
    "N0",
    "N2",
    "N1",
    "N8",
    "N9"
  ],
  "timestamp": "2025-10-07 00:11:23",
  "execution_times": {
    "N0": 0.2591698169708252,
    "N2": 0.06658220291137695,
    "N1": 0.08529877662658691,
    "N8": 13.300568342208862,
    "N9": 3.337860107421875e-06
  },
  "total_execution_time": 13.711622476577759
}