{
  "mae_non_fe_test": 0.27232928973649057,
  "r2_non_fe_test": 0.8169769729294898,
  "mae_fe_test": 0.279038548374833,
  "r2_fe_test": 0.7819500792643869,
  "run_time_sec": 2.0355796813964844,
  "sequence": [
    "N0",
    "N2",
    "N4",
    "N8",
    "N9"
  ],
  "timestamp": "2025-10-07 00:45:34",
  "execution_times": {
    "N0": 0.33078813552856445,
    "N2": 0.09611845016479492,
    "N4": 0.018776893615722656,
    "N8": 1.585209608078003,
    "N9": 0.0008208751678466797
  },
  "total_execution_time": 2.0317139625549316
}