{
  "mae_non_fe_test": 0.28939250346777523,
  "r2_non_fe_test": 0.8176916830892013,
  "mae_fe_test": 0.22474826942714998,
  "r2_fe_test": 0.8115015858898471,
  "run_time_sec": 8.425087213516235,
  "sequence": [
    "N0",
    "N2",
    "N1",
    "N8",
    "N9"
  ],
  "timestamp": "2025-10-07 00:47:56",
  "execution_times": {
    "N0": 0.3522474765777588,
    "N2": 0.08800673484802246,
    "N1": 0.06734371185302734,
    "N8": 7.914379358291626,
    "N9": 0.000598907470703125
  },
  "total_execution_time": 8.422576189041138
}