{
  "mae_non_fe_test": 0.29399328417386744,
  "r2_non_fe_test": 0.8159197925747033,
  "mae_fe_test": 0.18708056082859972,
  "r2_fe_test": 0.8408610995275155,
  "run_time_sec": 2.4918346405029297,
  "sequence": [
    "N0",
    "N2",
    "N5",
    "N8",
    "N9"
  ],
  "timestamp": "2025-10-07 00:58:21",
  "execution_times": {
    "N0": 0.558058500289917,
    "N2": 0.09633970260620117,
    "N5": 0.000537872314453125,
    "N8": 1.8330516815185547,
    "N9": 0.0006947517395019531
  },
  "total_execution_time": 2.488682508468628
}