{
  "mae_non_fe_test": 0.3104651570296047,
  "r2_non_fe_test": 0.7745960171982491,
  "mae_fe_test": 0.19018225378856388,
  "r2_fe_test": 0.8362054038743526,
  "run_time_sec": 2.1506173610687256,
  "sequence": [
    "N0",
    "N2",
    "N4",
    "N3",
    "N5",
    "N8",
    "N9"
  ],
  "timestamp": "2025-10-07 01:10:49",
  "execution_times": {
    "N0": 0.27620410919189453,
    "N2": 0.07428574562072754,
    "N4": 0.021611928939819336,
    "N3": 0.012481212615966797,
    "N5": 0.0004696846008300781,
    "N8": 1.7610509395599365,
    "N9": 0.0007581710815429688
  },
  "total_execution_time": 2.1468617916107178
}