{
  "mae_non_fe_test": 0.2800462015284529,
  "r2_non_fe_test": 0.8302827471854434,
  "mae_fe_test": 0.2251220582171283,
  "r2_fe_test": 0.8199796888004252,
  "run_time_sec": 0.9976890087127686,
  "sequence": [
    "N0",
    "N2",
    "N1",
    "N8",
    "N9"
  ],
  "timestamp": "2025-10-07 00:35:16",
  "execution_times": {
    "N0": 0.18240737915039062,
    "N2": 0.06215810775756836,
    "N1": 0.02451300621032715,
    "N8": 0.7240819931030273,
    "N9": 0.0007719993591308594
  },
  "total_execution_time": 0.9939324855804443
}