{
  "mae_non_fe_test": 0.2632314126282757,
  "r2_non_fe_test": 0.8193052035886068,
  "mae_fe_test": 0.26475667550307436,
  "r2_fe_test": 0.7895286870074096,
  "run_time_sec": 1.9067964553833008,
  "sequence": [
    "N0",
    "N2",
    "N4",
    "N8",
    "N9"
  ],
  "timestamp": "2025-10-07 00:42:07",
  "execution_times": {
    "N0": 0.3344759941101074,
    "N2": 0.08043289184570312,
    "N4": 0.016225099563598633,
    "N8": 1.4710991382598877,
    "N9": 0.0009121894836425781
  },
  "total_execution_time": 1.9031453132629395
}