{
  "mae_non_fe_test": 0.2800640369729678,
  "r2_non_fe_test": 0.8306989950834979,
  "mae_fe_test": 0.21898974300557925,
  "r2_fe_test": 0.831152051401997,
  "run_time_sec": 1.396101474761963,
  "sequence": [
    "N0",
    "N2",
    "N8",
    "N9"
  ],
  "timestamp": "2025-10-07 00:34:28",
  "execution_times": {
    "N0": 0.24013090133666992,
    "N2": 0.06957483291625977,
    "N8": 1.0812950134277344,
    "N9": 0.0009162425994873047
  },
  "total_execution_time": 1.3919169902801514
}