{
  "mae_non_fe_test": 0.268708124566015,
  "r2_non_fe_test": 0.8371117201918418,
  "mae_fe_test": 0.1861625331129089,
  "r2_fe_test": 0.8678443791824737,
  "run_time_sec": 1.9225032329559326,
  "sequence": [
    "N0",
    "N2",
    "N4",
    "N3",
    "N1",
    "N6",
    "N8",
    "N9"
  ],
  "timestamp": "2025-10-07 00:37:54",
  "execution_times": {
    "N0": 0.2745683193206787,
    "N2": 0.08057737350463867,
    "N4": 0.01694464683532715,
    "N3": 0.012003421783447266,
    "N1": 0.042884111404418945,
    "N6": 0.010298490524291992,
    "N8": 1.4784653186798096,
    "N9": 0.0009951591491699219
  },
  "total_execution_time": 1.9167368412017822
}