{
  "mae_non_fe_test": 0.2899978198543175,
  "r2_non_fe_test": 0.8179777831252697,
  "mae_fe_test": 0.21743727710159544,
  "r2_fe_test": 0.8164033954749348,
  "run_time_sec": 9.101577758789062,
  "sequence": [
    "N0",
    "N2",
    "N1",
    "N8",
    "N9"
  ],
  "timestamp": "2025-10-07 00:20:40",
  "execution_times": {
    "N0": 0.35390758514404297,
    "N2": 0.10805296897888184,
    "N1": 0.10858464241027832,
    "N8": 8.528860092163086,
    "N9": 9.5367431640625e-06
  },
  "total_execution_time": 9.099414825439453
}