{
  "mae_non_fe_test": 0.45604840195669427,
  "r2_non_fe_test": 0.5828467501222179,
  "mae_fe_test": 0.2935171457467194,
  "r2_fe_test": 0.6997023740529431,
  "run_time_sec": 0.9484741687774658,
  "sequence": [
    "N0",
    "N2",
    "N5",
    "N7",
    "N1",
    "N4",
    "N3",
    "N6",
    "N8",
    "N9"
  ],
  "timestamp": "2025-10-07 00:45:27",
  "execution_times": {
    "N0": 0.3139493465423584,
    "N2": 0.08261799812316895,
    "N5": 0.00047516822814941406,
    "N7": 0.024404287338256836,
    "N1": 0.014049053192138672,
    "N4": 0.015836238861083984,
    "N3": 0.05451822280883789,
    "N6": 0.015220165252685547,
    "N8": 0.42294883728027344,
    "N9": 0.0006003379821777344
  },
  "total_execution_time": 0.9446196556091309
}