{
  "mae_non_fe_test": 0.5673260434448077,
  "r2_non_fe_test": 0.25521992171620034,
  "mae_fe_test": 0.3682828478874336,
  "r2_fe_test": 0.3976784757869488,
  "run_time_sec": 1.2387187480926514,
  "sequence": [
    "N0",
    "N2",
    "N3",
    "N1",
    "N4",
    "N7",
    "N5",
    "N6",
    "N8",
    "N9"
  ],
  "timestamp": "2025-10-07 00:45:49",
  "execution_times": {
    "N0": 0.5049269199371338,
    "N2": 0.07977747917175293,
    "N3": 0.0004954338073730469,
    "N1": 0.026533126831054688,
    "N4": 0.020388364791870117,
    "N7": 0.044831037521362305,
    "N5": 0.0004353523254394531,
    "N6": 0.011457681655883789,
    "N8": 0.5455236434936523,
    "N9": 0.0007433891296386719
  },
  "total_execution_time": 1.2351124286651611
}