{
  "mae_non_fe_test": 0.2775482575038099,
  "r2_non_fe_test": 0.8311713461940924,
  "mae_fe_test": 0.20709873678388757,
  "r2_fe_test": 0.8165217587354647,
  "run_time_sec": 1.1018681526184082,
  "sequence": [
    "N0",
    "N2",
    "N4",
    "N3",
    "N8",
    "N9"
  ],
  "timestamp": "2025-10-07 00:22:58",
  "execution_times": {
    "N0": 0.3015024662017822,
    "N2": 0.0680391788482666,
    "N4": 0.013705015182495117,
    "N3": 8.58306884765625e-06,
    "N8": 0.7147979736328125,
    "N9": 4.76837158203125e-06
  },
  "total_execution_time": 1.0980579853057861
}