{
  "mae_non_fe_test": null,
  "r2_non_fe_test": null,
  "mae_fe_test": null,
  "r2_fe_test": null,
  "run_time_sec": 0.39186930656433105,
  "sequence": [
    "N0",
    "N2",
    "N8",
    "N9"
  ],
  "timestamp": "2025-10-07 00:21:00",
  "execution_times": {
    "N0": 0.31093335151672363,
    "N2": 0.07436490058898926,
    "N8": 0.006219625473022461,
    "N9": 4.5299530029296875e-06
  },
  "total_execution_time": 0.3915224075317383,
  "error": "The 'y_pred' parameter of mean_absolute_error must be an array-like. Got None instead."
}