{
  "mae_non_fe_test": 0.2670000574352476,
  "r2_non_fe_test": 0.8312285430137205,
  "mae_fe_test": 0.2679473486644336,
  "r2_fe_test": 0.779653837173407,
  "run_time_sec": 2.0590221881866455,
  "sequence": [
    "N0",
    "N2",
    "N7",
    "N1",
    "N8",
    "N9"
  ],
  "timestamp": "2025-10-07 00:04:46",
  "execution_times": {
    "N0": 0.6347248554229736,
    "N2": 0.08234190940856934,
    "N7": 0.0189974308013916,
    "N1": 0.07024574279785156,
    "N8": 1.248502492904663,
    "N9": 5.7220458984375e-06
  },
  "total_execution_time": 2.0548181533813477
}