{
  "mae_non_fe_test": 0.3278067949455371,
  "r2_non_fe_test": 0.7896667006658922,
  "mae_fe_test": 0.19408935635809488,
  "r2_fe_test": 0.8331083020387844,
  "run_time_sec": 1.2469732761383057,
  "sequence": [
    "N0",
    "N2",
    "N5",
    "N1",
    "N8",
    "N9"
  ],
  "timestamp": "2025-10-07 00:55:38",
  "execution_times": {
    "N0": 0.23251628875732422,
    "N2": 0.07042479515075684,
    "N5": 0.0005042552947998047,
    "N1": 0.05628180503845215,
    "N8": 0.8839449882507324,
    "N9": 0.0007908344268798828
  },
  "total_execution_time": 1.2444629669189453
}