{
  "mae_non_fe_test": 0.28436565073566844,
  "r2_non_fe_test": 0.8229661556531006,
  "mae_fe_test": 0.22156259211916926,
  "r2_fe_test": 0.8162111246736307,
  "run_time_sec": 7.98032021522522,
  "sequence": [
    "N0",
    "N2",
    "N5",
    "N8",
    "N9"
  ],
  "timestamp": "2025-10-07 00:50:53",
  "execution_times": {
    "N0": 0.23318886756896973,
    "N2": 0.2742788791656494,
    "N5": 0.00048065185546875,
    "N8": 7.469492435455322,
    "N9": 0.00060272216796875
  },
  "total_execution_time": 7.978043556213379
}