{
  "mae_non_fe_test": 0.2698698536920713,
  "r2_non_fe_test": 0.8320902033874679,
  "mae_fe_test": 0.22321304566620445,
  "r2_fe_test": 0.8133871459253138,
  "run_time_sec": 9.072945356369019,
  "sequence": [
    "N0",
    "N2",
    "N3",
    "N7",
    "N8",
    "N9"
  ],
  "timestamp": "2025-10-07 01:07:16",
  "execution_times": {
    "N0": 0.34877920150756836,
    "N2": 0.0993499755859375,
    "N3": 0.0008020401000976562,
    "N7": 0.034946441650390625,
    "N8": 8.586852073669434,
    "N9": 0.00037670135498046875
  },
  "total_execution_time": 9.071106433868408
}