{
  "mae_non_fe_test": 0.2810847754915458,
  "r2_non_fe_test": 0.8352840336782383,
  "mae_fe_test": 0.2091244012840006,
  "r2_fe_test": 0.8308486574425148,
  "run_time_sec": 1.5211515426635742,
  "sequence": [
    "N0",
    "N2",
    "N1",
    "N8",
    "N9"
  ],
  "timestamp": "2025-10-07 00:26:09",
  "execution_times": {
    "N0": 0.5708601474761963,
    "N2": 0.1000969409942627,
    "N1": 0.03943181037902832,
    "N8": 0.8067667484283447,
    "N9": 5.9604644775390625e-06
  },
  "total_execution_time": 1.5171616077423096
}