{
  "mae_non_fe_test": 0.28939250346777523,
  "r2_non_fe_test": 0.8176916830892013,
  "mae_fe_test": 0.22474826942714998,
  "r2_fe_test": 0.8115015858898471,
  "run_time_sec": 8.124497890472412,
  "sequence": [
    "N0",
    "N2",
    "N1",
    "N8",
    "N9"
  ],
  "timestamp": "2025-10-07 01:12:33",
  "execution_times": {
    "N0": 0.28195738792419434,
    "N2": 0.09748244285583496,
    "N1": 0.05997490882873535,
    "N8": 7.682510852813721,
    "N9": 0.00041365623474121094
  },
  "total_execution_time": 8.122339248657227
}