{
  "mae_non_fe_test": 0.6612088062289306,
  "r2_non_fe_test": 0.20419737152247797,
  "mae_fe_test": 0.5988611766228868,
  "r2_fe_test": -0.18339441565398085,
  "run_time_sec": 1.9585065841674805,
  "sequence": [
    "N0",
    "N2",
    "N1",
    "N6",
    "N7",
    "N4",
    "N3",
    "N5",
    "N8",
    "N9"
  ],
  "timestamp": "2025-10-07 00:51:04",
  "execution_times": {
    "N0": 0.2598588466644287,
    "N2": 0.07277250289916992,
    "N1": 0.05629754066467285,
    "N6": 0.011976480484008789,
    "N7": 0.00304412841796875,
    "N4": 0.0014030933380126953,
    "N3": 0.0014400482177734375,
    "N5": 0.0005044937133789062,
    "N8": 1.5484254360198975,
    "N9": 0.0005700588226318359
  },
  "total_execution_time": 1.9562926292419434
}