{
  "mae_non_fe_test": 0.298297001618128,
  "r2_non_fe_test": 0.8210187420065458,
  "mae_fe_test": 0.1878571815833609,
  "r2_fe_test": 0.8589267448090891,
  "run_time_sec": 1.0531835556030273,
  "sequence": [
    "N0",
    "N2",
    "N8",
    "N9"
  ],
  "timestamp": "2025-10-07 00:14:06",
  "execution_times": {
    "N0": 0.26503872871398926,
    "N2": 0.06834197044372559,
    "N8": 0.7154319286346436,
    "N9": 5.4836273193359375e-06
  },
  "total_execution_time": 1.0488181114196777
}