{
  "mae_non_fe_test": 0.2925311839393439,
  "r2_non_fe_test": 0.8173013532885776,
  "mae_fe_test": 0.24302847904491753,
  "r2_fe_test": 0.8095989033246308,
  "run_time_sec": 1.9503183364868164,
  "sequence": [
    "N0",
    "N2",
    "N8",
    "N9"
  ],
  "timestamp": "2025-10-07 00:45:51",
  "execution_times": {
    "N0": 0.25920820236206055,
    "N2": 0.08285665512084961,
    "N8": 1.6036372184753418,
    "N9": 0.0007340908050537109
  },
  "total_execution_time": 1.9464361667633057
}