{
  "mae_non_fe_test": 0.25942813315877566,
  "r2_non_fe_test": 0.8230179576223008,
  "mae_fe_test": 0.24701807681891827,
  "r2_fe_test": 0.7842983841703015,
  "run_time_sec": 1.0385231971740723,
  "sequence": [
    "N0",
    "N2",
    "N3",
    "N4",
    "N7",
    "N6",
    "N1",
    "N5",
    "N8",
    "N9"
  ],
  "timestamp": "2025-10-07 00:43:54",
  "execution_times": {
    "N0": 0.24173235893249512,
    "N2": 0.07242870330810547,
    "N3": 0.06500124931335449,
    "N4": 0.01628589630126953,
    "N7": 0.04700756072998047,
    "N6": 0.010814666748046875,
    "N1": 0.004570722579956055,
    "N5": 0.0006310939788818359,
    "N8": 0.5726144313812256,
    "N9": 0.0008616447448730469
  },
  "total_execution_time": 1.0319483280181885
}