{
  "mae_non_fe_test": 0.27024847603225394,
  "r2_non_fe_test": 0.8298014233281675,
  "mae_fe_test": 0.23348290391305768,
  "r2_fe_test": 0.7993887884213484,
  "run_time_sec": 11.615868091583252,
  "sequence": [
    "N0",
    "N2",
    "N4",
    "N8",
    "N9"
  ],
  "timestamp": "2025-10-07 00:38:26",
  "execution_times": {
    "N0": 0.2650027275085449,
    "N2": 0.2720358371734619,
    "N4": 0.014876604080200195,
    "N8": 11.061192274093628,
    "N9": 0.0005230903625488281
  },
  "total_execution_time": 11.613630533218384
}