{
  "mae_non_fe_test": 0.2743865757720664,
  "r2_non_fe_test": 0.7807123488783503,
  "mae_fe_test": 0.24692947514351002,
  "r2_fe_test": 0.8063483312226529,
  "run_time_sec": 12.379504442214966,
  "sequence": [
    "N0",
    "N2",
    "N4",
    "N3",
    "N1",
    "N8",
    "N9"
  ],
  "timestamp": "2025-10-07 00:19:08",
  "execution_times": {
    "N0": 0.1753389835357666,
    "N2": 0.05066061019897461,
    "N4": 0.011631011962890625,
    "N3": 0.010779619216918945,
    "N1": 0.05782651901245117,
    "N8": 12.071216344833374,
    "N9": 2.6226043701171875e-06
  },
  "total_execution_time": 12.377455711364746
}