{
  "mae_non_fe_test": 0.2830565641562312,
  "r2_non_fe_test": 0.8215634133839537,
  "mae_fe_test": 0.1837255705627229,
  "r2_fe_test": 0.8477188812126724,
  "run_time_sec": 2.982964038848877,
  "sequence": [
    "N0",
    "N2",
    "N4",
    "N7",
    "N3",
    "N8",
    "N9"
  ],
  "timestamp": "2025-10-07 00:22:00",
  "execution_times": {
    "N0": 0.25907278060913086,
    "N2": 0.07284736633300781,
    "N4": 0.015061378479003906,
    "N7": 0.029879093170166016,
    "N3": 0.06943488121032715,
    "N8": 2.5320184230804443,
    "N9": 6.67572021484375e-06
  },
  "total_execution_time": 2.978320598602295
}