{
  "mae_non_fe_test": 0.28971722211307155,
  "r2_non_fe_test": 0.8090880652405449,
  "mae_fe_test": 0.296188922444549,
  "r2_fe_test": 0.7524981983428882,
  "run_time_sec": 8.825677156448364,
  "sequence": [
    "N0",
    "N2",
    "N1",
    "N6",
    "N8",
    "N9"
  ],
  "timestamp": "2025-10-07 00:23:10",
  "execution_times": {
    "N0": 0.5414443016052246,
    "N2": 0.07056832313537598,
    "N1": 0.05998659133911133,
    "N6": 0.005414724349975586,
    "N8": 8.146103620529175,
    "N9": 2.86102294921875e-06
  },
  "total_execution_time": 8.823520421981812
}