{
  "mae_non_fe_test": 0.2947675362681506,
  "r2_non_fe_test": 0.7769441599625468,
  "mae_fe_test": 0.18325395227067767,
  "r2_fe_test": 0.84435308483499,
  "run_time_sec": 2.663763999938965,
  "sequence": [
    "N0",
    "N2",
    "N4",
    "N1",
    "N8",
    "N9"
  ],
  "timestamp": "2025-10-07 00:13:00",
  "execution_times": {
    "N0": 0.2806670665740967,
    "N2": 0.06943845748901367,
    "N4": 0.015522241592407227,
    "N1": 0.07361865043640137,
    "N8": 2.221524715423584,
    "N9": 5.0067901611328125e-06
  },
  "total_execution_time": 2.660776138305664
}