{
  "mae_non_fe_test": 0.2976442355284253,
  "r2_non_fe_test": 0.8100139807682608,
  "mae_fe_test": 0.19402588360930134,
  "r2_fe_test": 0.8359052489530173,
  "run_time_sec": 2.2680442333221436,
  "sequence": [
    "N0",
    "N2",
    "N7",
    "N3",
    "N8",
    "N9"
  ],
  "timestamp": "2025-10-07 00:56:12",
  "execution_times": {
    "N0": 0.31538939476013184,
    "N2": 0.10322928428649902,
    "N7": 0.05804729461669922,
    "N3": 0.012363910675048828,
    "N8": 1.7753090858459473,
    "N9": 0.0007898807525634766
  },
  "total_execution_time": 2.2651288509368896
}