{
  "mae_non_fe_test": 0.28362787004452744,
  "r2_non_fe_test": 0.8268451972194731,
  "mae_fe_test": 0.18280890438196523,
  "r2_fe_test": 0.8718570212628005,
  "run_time_sec": 1.011887550354004,
  "sequence": [
    "N0",
    "N2",
    "N3",
    "N5",
    "N8",
    "N9"
  ],
  "timestamp": "2025-10-07 00:41:57",
  "execution_times": {
    "N0": 0.19588065147399902,
    "N2": 0.06368160247802734,
    "N3": 0.03997349739074707,
    "N5": 0.0004506111145019531,
    "N8": 0.7069075107574463,
    "N9": 0.0008981227874755859
  },
  "total_execution_time": 1.0077919960021973
}