{
  "mae_non_fe_test": 0.30394581003529303,
  "r2_non_fe_test": 0.8088048708276967,
  "mae_fe_test": 0.19060067736182645,
  "r2_fe_test": 0.8436261096718694,
  "run_time_sec": 1.5497465133666992,
  "sequence": [
    "N0",
    "N2",
    "N4",
    "N6",
    "N3",
    "N5",
    "N8",
    "N9"
  ],
  "timestamp": "2025-10-07 00:57:05",
  "execution_times": {
    "N0": 0.35463833808898926,
    "N2": 0.09320831298828125,
    "N4": 0.017965078353881836,
    "N6": 0.007993698120117188,
    "N3": 0.0009186267852783203,
    "N5": 0.0007188320159912109,
    "N8": 1.0700197219848633,
    "N9": 0.0006449222564697266
  },
  "total_execution_time": 1.546107530593872
}