{
  "mae_non_fe_test": 0.30767743039484413,
  "r2_non_fe_test": 0.7997424083209955,
  "mae_fe_test": 0.20060556197859772,
  "r2_fe_test": 0.8358134025855567,
  "run_time_sec": 1.810271978378296,
  "sequence": [
    "N0",
    "N2",
    "N7",
    "N3",
    "N4",
    "N5",
    "N6",
    "N1",
    "N8",
    "N9"
  ],
  "timestamp": "2025-10-07 00:47:59",
  "execution_times": {
    "N0": 0.3429386615753174,
    "N2": 0.08593297004699707,
    "N7": 0.07681918144226074,
    "N3": 0.07318377494812012,
    "N4": 0.0196380615234375,
    "N5": 0.0006153583526611328,
    "N6": 0.006925344467163086,
    "N1": 0.022478580474853516,
    "N8": 1.176025629043579,
    "N9": 0.0008912086486816406
  },
  "total_execution_time": 1.8054487705230713
}