{
  "mae_non_fe_test": 0.25942813315877566,
  "r2_non_fe_test": 0.8230179576223008,
  "mae_fe_test": 0.24701807681891827,
  "r2_fe_test": 0.7842983841703015,
  "run_time_sec": 1.036546230316162,
  "sequence": [
    "N0",
    "N2",
    "N3",
    "N4",
    "N7",
    "N6",
    "N1",
    "N5",
    "N8",
    "N9"
  ],
  "timestamp": "2025-10-07 01:08:38",
  "execution_times": {
    "N0": 0.3180508613586426,
    "N2": 0.08482146263122559,
    "N3": 0.04698371887207031,
    "N4": 0.013646125793457031,
    "N7": 0.04419875144958496,
    "N6": 0.011358976364135742,
    "N1": 0.006598711013793945,
    "N5": 0.0005800724029541016,
    "N8": 0.5038986206054688,
    "N9": 0.0009555816650390625
  },
  "total_execution_time": 1.031092882156372
}