{
  "mae_non_fe_test": 0.2971153644886631,
  "r2_non_fe_test": 0.8134497952575643,
  "mae_fe_test": 0.19723532055537962,
  "r2_fe_test": 0.8344615617394529,
  "run_time_sec": 2.485487937927246,
  "sequence": [
    "N0",
    "N2",
    "N8",
    "N9"
  ],
  "timestamp": "2025-10-07 00:22:45",
  "execution_times": {
    "N0": 0.4626035690307617,
    "N2": 0.07823681831359863,
    "N8": 1.9414010047912598,
    "N9": 6.4373016357421875e-06
  },
  "total_execution_time": 2.482247829437256
}