{
  "mae_non_fe_test": 0.2981142061028652,
  "r2_non_fe_test": 0.8109194896408418,
  "mae_fe_test": 0.2047500598201537,
  "r2_fe_test": 0.8296344157307718,
  "run_time_sec": 2.3945977687835693,
  "sequence": [
    "N0",
    "N2",
    "N7",
    "N5",
    "N4",
    "N8",
    "N9"
  ],
  "timestamp": "2025-10-07 00:56:06",
  "execution_times": {
    "N0": 0.2875223159790039,
    "N2": 0.0811915397644043,
    "N7": 0.057570457458496094,
    "N5": 0.00043845176696777344,
    "N4": 0.014835834503173828,
    "N8": 1.9492716789245605,
    "N9": 0.0008845329284667969
  },
  "total_execution_time": 2.3917148113250732
}