{
  "mae_non_fe_test": 0.2710844797299454,
  "r2_non_fe_test": 0.8392735766393966,
  "mae_fe_test": 0.2822172034054434,
  "r2_fe_test": 0.7698640339957881,
  "run_time_sec": 6.506103515625,
  "sequence": [
    "N0",
    "N2",
    "N1",
    "N5",
    "N7",
    "N6",
    "N8",
    "N9"
  ],
  "timestamp": "2025-10-07 01:12:23",
  "execution_times": {
    "N0": 0.29042482376098633,
    "N2": 0.08410239219665527,
    "N1": 0.06024932861328125,
    "N5": 0.0005371570587158203,
    "N7": 0.01123809814453125,
    "N6": 0.007914066314697266,
    "N8": 6.048058748245239,
    "N9": 0.0005795955657958984
  },
  "total_execution_time": 6.503104209899902
}