{
  "mae_non_fe_test": 0.2632051911455006,
  "r2_non_fe_test": 0.8404612990695988,
  "mae_fe_test": 0.2285014081023,
  "r2_fe_test": 0.8163642499191117,
  "run_time_sec": 15.174782276153564,
  "sequence": [
    "N0",
    "N2",
    "N1",
    "N8",
    "N9"
  ],
  "timestamp": "2025-10-07 01:08:11",
  "execution_times": {
    "N0": 0.49707746505737305,
    "N2": 0.06975865364074707,
    "N1": 0.05420732498168945,
    "N8": 14.548812866210938,
    "N9": 0.0007879734039306641
  },
  "total_execution_time": 15.170644283294678
}