{
  "mae_non_fe_test": 0.4698288271521296,
  "r2_non_fe_test": 0.5402193489526614,
  "mae_fe_test": 0.422951371592221,
  "r2_fe_test": 0.46024980931377324,
  "run_time_sec": 1.6938345432281494,
  "sequence": [
    "N0",
    "N2",
    "N5",
    "N7",
    "N3",
    "N4",
    "N1",
    "N6",
    "N8",
    "N9"
  ],
  "timestamp": "2025-10-07 01:07:18",
  "execution_times": {
    "N0": 0.4176468849182129,
    "N2": 0.06258034706115723,
    "N5": 0.0005333423614501953,
    "N7": 0.018840312957763672,
    "N3": 0.00045108795166015625,
    "N4": 0.01146245002746582,
    "N1": 0.010587215423583984,
    "N6": 0.011372089385986328,
    "N8": 1.1573669910430908,
    "N9": 0.00045990943908691406
  },
  "total_execution_time": 1.691300630569458
}