{
  "mae_non_fe_test": null,
  "r2_non_fe_test": null,
  "mae_fe_test": null,
  "r2_fe_test": null,
  "run_time_sec": 0.326277494430542,
  "sequence": [
    "N0",
    "N2",
    "N3",
    "N8",
    "N9"
  ],
  "timestamp": "2025-10-07 00:21:05",
  "execution_times": {
    "N0": 0.2225353717803955,
    "N2": 0.06034231185913086,
    "N3": 0.04106569290161133,
    "N8": 0.0021295547485351562,
    "N9": 2.86102294921875e-06
  },
  "total_execution_time": 0.32607579231262207,
  "error": "The 'y_pred' parameter of mean_absolute_error must be an array-like. Got None instead."
}