{
  "mae_non_fe_test": null,
  "r2_non_fe_test": null,
  "mae_fe_test": null,
  "r2_fe_test": null,
  "run_time_sec": 0.4238758087158203,
  "sequence": [
    "N0",
    "N2",
    "N8",
    "N9"
  ],
  "timestamp": "2025-10-07 00:24:36",
  "execution_times": {
    "N0": 0.33112025260925293,
    "N2": 0.08392930030822754,
    "N8": 0.008549213409423828,
    "N9": 5.7220458984375e-06
  },
  "total_execution_time": 0.42360448837280273,
  "error": "The 'y_pred' parameter of mean_absolute_error must be an array-like. Got None instead."
}