{
  "mae_non_fe_test": 0.28013698207498544,
  "r2_non_fe_test": 0.8218867910724174,
  "mae_fe_test": 0.19639412526013894,
  "r2_fe_test": 0.8369121144914377,
  "run_time_sec": 2.655799627304077,
  "sequence": [
    "N0",
    "N2",
    "N8",
    "N9"
  ],
  "timestamp": "2025-10-07 00:07:48",
  "execution_times": {
    "N0": 0.4654362201690674,
    "N2": 0.06814718246459961,
    "N8": 2.119675874710083,
    "N9": 5.245208740234375e-06
  },
  "total_execution_time": 2.6532645225524902
}