{
  "mae_non_fe_test": 0.4698288271521296,
  "r2_non_fe_test": 0.5402193489526614,
  "mae_fe_test": 0.422951371592221,
  "r2_fe_test": 0.46024980931377324,
  "run_time_sec": 2.139005661010742,
  "sequence": [
    "N0",
    "N2",
    "N5",
    "N7",
    "N3",
    "N4",
    "N1",
    "N6",
    "N8",
    "N9"
  ],
  "timestamp": "2025-10-07 00:42:29",
  "execution_times": {
    "N0": 0.5128910541534424,
    "N2": 0.07387757301330566,
    "N5": 0.0006172657012939453,
    "N7": 0.02470850944519043,
    "N3": 0.0005784034729003906,
    "N4": 0.015014410018920898,
    "N1": 0.011785268783569336,
    "N6": 0.013596057891845703,
    "N8": 1.482358455657959,
    "N9": 0.0005662441253662109
  },
  "total_execution_time": 2.135993242263794
}