{
  "mae_non_fe_test": 0.4508993002106925,
  "r2_non_fe_test": 0.599569203115526,
  "mae_fe_test": 0.2732801837740712,
  "r2_fe_test": 0.7627676491219141,
  "run_time_sec": 5.968914747238159,
  "sequence": [
    "N0",
    "N2",
    "N3",
    "N5",
    "N6",
    "N4",
    "N7",
    "N8",
    "N9"
  ],
  "timestamp": "2025-10-07 00:54:30",
  "execution_times": {
    "N0": 0.2664813995361328,
    "N2": 0.07180547714233398,
    "N3": 0.045622825622558594,
    "N5": 0.0004050731658935547,
    "N6": 0.006119251251220703,
    "N4": 0.007465362548828125,
    "N7": 0.004904270172119141,
    "N8": 5.5625646114349365,
    "N9": 0.0005195140838623047
  },
  "total_execution_time": 5.965887784957886
}