{
  "mae_non_fe_test": 0.29697569033019594,
  "r2_non_fe_test": 0.7358052836835252,
  "mae_fe_test": 0.1574906290590557,
  "r2_fe_test": 0.8843536447286373,
  "run_time_sec": 11.497705459594727,
  "sequence": [
    "N0",
    "N2",
    "N1",
    "N6",
    "N7",
    "N5",
    "N3",
    "N8",
    "N9"
  ],
  "timestamp": "2025-10-07 00:46:06",
  "execution_times": {
    "N0": 0.3347768783569336,
    "N2": 0.09849286079406738,
    "N1": 0.031167984008789062,
    "N6": 0.012686491012573242,
    "N7": 0.013343572616577148,
    "N5": 0.0005822181701660156,
    "N3": 0.011587142944335938,
    "N8": 10.991559982299805,
    "N9": 0.0005054473876953125
  },
  "total_execution_time": 11.494702577590942
}