{
  "mae_non_fe_test": 0.2812846206562013,
  "r2_non_fe_test": 0.8387879053081955,
  "mae_fe_test": 0.17824234867295274,
  "r2_fe_test": 0.857323480722299,
  "run_time_sec": 1.2964825630187988,
  "sequence": [
    "N0",
    "N2",
    "N4",
    "N3",
    "N1",
    "N8",
    "N9"
  ],
  "timestamp": "2025-10-07 01:11:40",
  "execution_times": {
    "N0": 0.2677736282348633,
    "N2": 0.08130097389221191,
    "N4": 0.015532732009887695,
    "N3": 0.04947948455810547,
    "N1": 0.007760524749755859,
    "N8": 0.8681113719940186,
    "N9": 0.0009143352508544922
  },
  "total_execution_time": 1.2908730506896973
}