{
  "mae_non_fe_test": 0.27071674623141856,
  "r2_non_fe_test": 0.8244692093846548,
  "mae_fe_test": 0.23784220880624285,
  "r2_fe_test": 0.8263803161679438,
  "run_time_sec": 13.610045909881592,
  "sequence": [
    "N0",
    "N2",
    "N8",
    "N9"
  ],
  "timestamp": "2025-10-07 00:48:53",
  "execution_times": {
    "N0": 0.32857418060302734,
    "N2": 0.07894277572631836,
    "N8": 13.200303077697754,
    "N9": 0.0005209445953369141
  },
  "total_execution_time": 13.608340978622437
}