{
  "mae_non_fe_test": 0.728518336647202,
  "r2_non_fe_test": -0.07812153049625348,
  "mae_fe_test": 0.751527331321491,
  "r2_fe_test": -0.5800389450303476,
  "run_time_sec": 1.2510347366333008,
  "sequence": [
    "N0",
    "N2",
    "N4",
    "N1",
    "N6",
    "N8",
    "N9"
  ],
  "timestamp": "2025-10-07 00:04:41",
  "execution_times": {
    "N0": 0.26590728759765625,
    "N2": 0.08177447319030762,
    "N4": 0.015147686004638672,
    "N1": 0.0526580810546875,
    "N6": 0.04090476036071777,
    "N8": 0.7916529178619385,
    "N9": 3.5762786865234375e-06
  },
  "total_execution_time": 1.2480487823486328
}