{
  "mae_non_fe_test": 0.31370785486286956,
  "r2_non_fe_test": 0.8032898334363426,
  "mae_fe_test": 0.19708528036736045,
  "r2_fe_test": 0.8314871460328092,
  "run_time_sec": 1.8264384269714355,
  "sequence": [
    "N0",
    "N2",
    "N1",
    "N8",
    "N9"
  ],
  "timestamp": "2025-10-07 00:20:59",
  "execution_times": {
    "N0": 0.36811232566833496,
    "N2": 0.07921171188354492,
    "N1": 0.10029029846191406,
    "N8": 1.27608060836792,
    "N9": 3.814697265625e-06
  },
  "total_execution_time": 1.8236987590789795
}