{
  "mae_non_fe_test": 0.26817422315924133,
  "r2_non_fe_test": 0.8300213010545711,
  "mae_fe_test": 0.26754092447054323,
  "r2_fe_test": 0.7940395895504434,
  "run_time_sec": 2.1802432537078857,
  "sequence": [
    "N0",
    "N2",
    "N5",
    "N8",
    "N9"
  ],
  "timestamp": "2025-10-07 00:57:39",
  "execution_times": {
    "N0": 0.290942907333374,
    "N2": 0.08084797859191895,
    "N5": 0.0006520748138427734,
    "N8": 1.8028476238250732,
    "N9": 0.0008025169372558594
  },
  "total_execution_time": 2.176093101501465
}