{
  "mae_non_fe_test": 0.45604840195669427,
  "r2_non_fe_test": 0.5828467501222179,
  "mae_fe_test": 0.29351714574671944,
  "r2_fe_test": 0.6997023740529429,
  "run_time_sec": 0.8788576126098633,
  "sequence": [
    "N0",
    "N2",
    "N5",
    "N7",
    "N1",
    "N4",
    "N3",
    "N6",
    "N8",
    "N9"
  ],
  "timestamp": "2025-10-07 01:10:05",
  "execution_times": {
    "N0": 0.29122090339660645,
    "N2": 0.0727224349975586,
    "N5": 0.0005698204040527344,
    "N7": 0.022518634796142578,
    "N1": 0.012702226638793945,
    "N4": 0.013346672058105469,
    "N3": 0.04586911201477051,
    "N6": 0.011676788330078125,
    "N8": 0.4037158489227295,
    "N9": 0.0006916522979736328
  },
  "total_execution_time": 0.8750340938568115
}