{
  "mae_non_fe_test": 0.2983121439928416,
  "r2_non_fe_test": 0.7740781587691843,
  "mae_fe_test": 0.20165598826859252,
  "r2_fe_test": 0.8310051324053354,
  "run_time_sec": 2.3068554401397705,
  "sequence": [
    "N0",
    "N2",
    "N4",
    "N7",
    "N8",
    "N9"
  ],
  "timestamp": "2025-10-07 00:04:50",
  "execution_times": {
    "N0": 0.25438618659973145,
    "N2": 0.06295180320739746,
    "N4": 0.012562036514282227,
    "N7": 0.042197465896606445,
    "N8": 1.9320130348205566,
    "N9": 4.5299530029296875e-06
  },
  "total_execution_time": 2.304115056991577
}