{
  "mae_non_fe_test": 0.2848852921312371,
  "r2_non_fe_test": 0.8128170310757998,
  "mae_fe_test": 0.19102769570893058,
  "r2_fe_test": 0.8635816902711909,
  "run_time_sec": 1.2565510272979736,
  "sequence": [
    "N0",
    "N2",
    "N7",
    "N4",
    "N8",
    "N9"
  ],
  "timestamp": "2025-10-07 00:08:36",
  "execution_times": {
    "N0": 0.24123930931091309,
    "N2": 0.06211566925048828,
    "N7": 0.048825979232788086,
    "N4": 0.010894298553466797,
    "N8": 0.8891260623931885,
    "N9": 5.7220458984375e-06
  },
  "total_execution_time": 1.2522070407867432
}