{
  "mae_non_fe_test": 0.25852649045896764,
  "r2_non_fe_test": 0.8453331652787991,
  "mae_fe_test": 0.21162982350936044,
  "r2_fe_test": 0.8340784261588966,
  "run_time_sec": 13.468485355377197,
  "sequence": [
    "N0",
    "N2",
    "N8",
    "N9"
  ],
  "timestamp": "2025-10-07 01:10:26",
  "execution_times": {
    "N0": 0.34764599800109863,
    "N2": 0.09076309204101562,
    "N8": 13.027740955352783,
    "N9": 0.0005404949188232422
  },
  "total_execution_time": 13.46669054031372
}