{
  "mae_non_fe_test": 0.29693834145985015,
  "r2_non_fe_test": 0.8134718920320987,
  "mae_fe_test": 0.1982669534292798,
  "r2_fe_test": 0.83369915602649,
  "run_time_sec": 1.8369874954223633,
  "sequence": [
    "N0",
    "N2",
    "N8",
    "N9"
  ],
  "timestamp": "2025-10-07 00:06:10",
  "execution_times": {
    "N0": 0.2129836082458496,
    "N2": 0.05678749084472656,
    "N8": 1.5642387866973877,
    "N9": 5.4836273193359375e-06
  },
  "total_execution_time": 1.8340153694152832
}