{
  "mae_non_fe_test": 0.2760412007937668,
  "r2_non_fe_test": 0.8361764703823727,
  "mae_fe_test": 0.220621270782971,
  "r2_fe_test": 0.8228524590096042,
  "run_time_sec": 1.4378166198730469,
  "sequence": [
    "N0",
    "N2",
    "N8",
    "N9"
  ],
  "timestamp": "2025-10-07 00:06:32",
  "execution_times": {
    "N0": 0.2597949504852295,
    "N2": 0.06657767295837402,
    "N8": 1.1066319942474365,
    "N9": 6.4373016357421875e-06
  },
  "total_execution_time": 1.4330110549926758
}