{
  "mae_non_fe_test": 0.25806259078946997,
  "r2_non_fe_test": 0.836393666213471,
  "mae_fe_test": 0.24608742181513146,
  "r2_fe_test": 0.8128025927856144,
  "run_time_sec": 2.981710910797119,
  "sequence": [
    "N0",
    "N2",
    "N8",
    "N9"
  ],
  "timestamp": "2025-10-07 00:05:14",
  "execution_times": {
    "N0": 0.4603753089904785,
    "N2": 0.12462186813354492,
    "N8": 2.392632246017456,
    "N9": 5.4836273193359375e-06
  },
  "total_execution_time": 2.977634906768799
}