{
  "mae_non_fe_test": null,
  "r2_non_fe_test": null,
  "mae_fe_test": null,
  "r2_fe_test": null,
  "run_time_sec": 0.3528318405151367,
  "sequence": [
    "N0",
    "N2",
    "N4",
    "N8",
    "N9"
  ],
  "timestamp": "2025-10-07 00:22:32",
  "execution_times": {
    "N0": 0.26004934310913086,
    "N2": 0.07143306732177734,
    "N4": 0.018437862396240234,
    "N8": 0.002704620361328125,
    "N9": 3.0994415283203125e-06
  },
  "total_execution_time": 0.3526279926300049,
  "error": "The 'y_pred' parameter of mean_absolute_error must be an array-like. Got None instead."
}