{
  "mae_non_fe_test": 0.3146342112629526,
  "r2_non_fe_test": 0.7995410925790235,
  "mae_fe_test": 0.1913218622664289,
  "r2_fe_test": 0.8423951830916494,
  "run_time_sec": 1.3136065006256104,
  "sequence": [
    "N0",
    "N2",
    "N4",
    "N5",
    "N6",
    "N3",
    "N1",
    "N8",
    "N9"
  ],
  "timestamp": "2025-10-07 00:57:17",
  "execution_times": {
    "N0": 0.2810647487640381,
    "N2": 0.07847762107849121,
    "N4": 0.016573667526245117,
    "N5": 0.0005061626434326172,
    "N6": 0.007393836975097656,
    "N3": 0.021401166915893555,
    "N1": 0.0070531368255615234,
    "N8": 0.8968205451965332,
    "N9": 0.0007920265197753906
  },
  "total_execution_time": 1.3100829124450684
}