{
  "mae_non_fe_test": 0.27760122516759955,
  "r2_non_fe_test": 0.8256286792484462,
  "mae_fe_test": 0.18276015563892348,
  "r2_fe_test": 0.844953874655656,
  "run_time_sec": 2.4459636211395264,
  "sequence": [
    "N0",
    "N2",
    "N5",
    "N8",
    "N9"
  ],
  "timestamp": "2025-10-07 00:57:32",
  "execution_times": {
    "N0": 0.28281426429748535,
    "N2": 0.07950162887573242,
    "N5": 0.0005333423614501953,
    "N8": 2.0800960063934326,
    "N9": 0.0007281303405761719
  },
  "total_execution_time": 2.4436733722686768
}