{
  "mae_non_fe_test": 0.27783515497502786,
  "r2_non_fe_test": 0.8202931236444115,
  "mae_fe_test": 0.22945417733090345,
  "r2_fe_test": 0.8002832736370793,
  "run_time_sec": 1.8155238628387451,
  "sequence": [
    "N0",
    "N2",
    "N7",
    "N5",
    "N8",
    "N9"
  ],
  "timestamp": "2025-10-07 00:58:39",
  "execution_times": {
    "N0": 0.23310422897338867,
    "N2": 0.07606911659240723,
    "N7": 0.01926708221435547,
    "N5": 0.0005984306335449219,
    "N8": 1.4813592433929443,
    "N9": 0.0007603168487548828
  },
  "total_execution_time": 1.8111584186553955
}