{
  "mae_non_fe_test": 0.3127810631174003,
  "r2_non_fe_test": 0.7602992859637837,
  "mae_fe_test": 0.19098054985863572,
  "r2_fe_test": 0.8439164036658241,
  "run_time_sec": 1.479809284210205,
  "sequence": [
    "N0",
    "N2",
    "N1",
    "N6",
    "N8",
    "N9"
  ],
  "timestamp": "2025-10-07 00:08:29",
  "execution_times": {
    "N0": 0.27916550636291504,
    "N2": 0.0677039623260498,
    "N1": 0.05705761909484863,
    "N6": 0.011255502700805664,
    "N8": 1.0611186027526855,
    "N9": 4.76837158203125e-06
  },
  "total_execution_time": 1.4763059616088867
}