{
  "mae_non_fe_test": 0.2690114008063221,
  "r2_non_fe_test": 0.8305347203585609,
  "mae_fe_test": 0.18541438216134323,
  "r2_fe_test": 0.8432507876507683,
  "run_time_sec": 3.3964638710021973,
  "sequence": [
    "N0",
    "N2",
    "N8",
    "N9"
  ],
  "timestamp": "2025-10-07 00:21:57",
  "execution_times": {
    "N0": 0.3660271167755127,
    "N2": 0.3262665271759033,
    "N8": 2.701148271560669,
    "N9": 3.5762786865234375e-06
  },
  "total_execution_time": 3.3934454917907715
}