{
  "mae_non_fe_test": 0.27520067812122134,
  "r2_non_fe_test": 0.8240263740130278,
  "mae_fe_test": 0.2169589197557098,
  "r2_fe_test": 0.8008824726041095,
  "run_time_sec": 12.73802137374878,
  "sequence": [
    "N0",
    "N2",
    "N1",
    "N4",
    "N8",
    "N9"
  ],
  "timestamp": "2025-10-07 00:35:40",
  "execution_times": {
    "N0": 0.34974145889282227,
    "N2": 0.0929105281829834,
    "N1": 0.037290334701538086,
    "N4": 0.01944255828857422,
    "N8": 12.235860824584961,
    "N9": 0.0005023479461669922
  },
  "total_execution_time": 12.735748052597046
}