{
  "mae_non_fe_test": 0.26904888903846574,
  "r2_non_fe_test": 0.8277119082024098,
  "mae_fe_test": 0.21767098169309188,
  "r2_fe_test": 0.8233323101635637,
  "run_time_sec": 13.747092962265015,
  "sequence": [
    "N0",
    "N2",
    "N8",
    "N9"
  ],
  "timestamp": "2025-10-07 00:53:43",
  "execution_times": {
    "N0": 0.3095555305480957,
    "N2": 0.08738255500793457,
    "N8": 13.34760570526123,
    "N9": 0.0003917217254638672
  },
  "total_execution_time": 13.744935512542725
}