{
  "mae_non_fe_test": 0.28061121948529383,
  "r2_non_fe_test": 0.8216712769696206,
  "mae_fe_test": 0.1999739761960503,
  "r2_fe_test": 0.8342273712092141,
  "run_time_sec": 2.0255961418151855,
  "sequence": [
    "N0",
    "N2",
    "N8",
    "N9"
  ],
  "timestamp": "2025-10-07 00:19:54",
  "execution_times": {
    "N0": 0.2729058265686035,
    "N2": 0.06633758544921875,
    "N8": 1.6840600967407227,
    "N9": 3.5762786865234375e-06
  },
  "total_execution_time": 2.0233070850372314
}