{
  "mae_non_fe_test": 0.2682159219737909,
  "r2_non_fe_test": 0.834550325475949,
  "mae_fe_test": 0.1704741147011571,
  "r2_fe_test": 0.8788618096736394,
  "run_time_sec": 0.9914803504943848,
  "sequence": [
    "N0",
    "N2",
    "N1",
    "N3",
    "N6",
    "N8",
    "N9"
  ],
  "timestamp": "2025-10-07 00:24:07",
  "execution_times": {
    "N0": 0.25041794776916504,
    "N2": 0.06347465515136719,
    "N1": 0.05774831771850586,
    "N3": 0.039137840270996094,
    "N6": 0.007946491241455078,
    "N8": 0.567955732345581,
    "N9": 6.67572021484375e-06
  },
  "total_execution_time": 0.9866876602172852
}