{
  "mae_non_fe_test": 0.28263680621546305,
  "r2_non_fe_test": 0.8226030583337616,
  "mae_fe_test": 0.19131871500218994,
  "r2_fe_test": 0.841661867428743,
  "run_time_sec": 2.4793663024902344,
  "sequence": [
    "N0",
    "N2",
    "N4",
    "N3",
    "N8",
    "N9"
  ],
  "timestamp": "2025-10-07 00:10:19",
  "execution_times": {
    "N0": 0.26039552688598633,
    "N2": 0.06658482551574707,
    "N4": 0.015593528747558594,
    "N3": 0.04302668571472168,
    "N8": 2.090608835220337,
    "N9": 4.76837158203125e-06
  },
  "total_execution_time": 2.4762141704559326
}