{
  "mae_non_fe_test": 0.29489596749300495,
  "r2_non_fe_test": 0.8151716888201674,
  "mae_fe_test": 0.19106896578314334,
  "r2_fe_test": 0.8388801942967826,
  "run_time_sec": 1.9051361083984375,
  "sequence": [
    "N0",
    "N2",
    "N1",
    "N8",
    "N9"
  ],
  "timestamp": "2025-10-07 00:08:45",
  "execution_times": {
    "N0": 0.21555352210998535,
    "N2": 0.05885744094848633,
    "N1": 0.06793522834777832,
    "N8": 1.5603303909301758,
    "N9": 5.245208740234375e-06
  },
  "total_execution_time": 1.902681827545166
}