{
  "mae_non_fe_test": 0.3145555322050256,
  "r2_non_fe_test": 0.7695740649196957,
  "mae_fe_test": 0.20335204238619461,
  "r2_fe_test": 0.8273770123667403,
  "run_time_sec": 1.9389762878417969,
  "sequence": [
    "N0",
    "N2",
    "N4",
    "N8",
    "N9"
  ],
  "timestamp": "2025-10-07 00:13:20",
  "execution_times": {
    "N0": 0.23260116577148438,
    "N2": 0.062363624572753906,
    "N4": 0.01411294937133789,
    "N8": 1.6270480155944824,
    "N9": 2.6226043701171875e-06
  },
  "total_execution_time": 1.9361283779144287
}