{
  "mae_non_fe_test": null,
  "r2_non_fe_test": null,
  "mae_fe_test": null,
  "r2_fe_test": null,
  "run_time_sec": 0.3564484119415283,
  "sequence": [
    "N0",
    "N2",
    "N8",
    "N9"
  ],
  "timestamp": "2025-10-07 00:22:14",
  "execution_times": {
    "N0": 0.28200483322143555,
    "N2": 0.0683903694152832,
    "N8": 0.005802154541015625,
    "N9": 4.5299530029296875e-06
  },
  "total_execution_time": 0.3562018871307373,
  "error": "The 'y_pred' parameter of mean_absolute_error must be an array-like. Got None instead."
}