{
  "mae_non_fe_test": 0.2602975844882556,
  "r2_non_fe_test": 0.8485947809499602,
  "mae_fe_test": 0.2422774196732598,
  "r2_fe_test": 0.795448396178593,
  "run_time_sec": 10.45407247543335,
  "sequence": [
    "N0",
    "N2",
    "N7",
    "N5",
    "N8",
    "N9"
  ],
  "timestamp": "2025-10-07 00:56:27",
  "execution_times": {
    "N0": 0.3568546772003174,
    "N2": 0.3160374164581299,
    "N7": 0.022166728973388672,
    "N5": 0.0005414485931396484,
    "N8": 9.75601601600647,
    "N9": 0.0005593299865722656
  },
  "total_execution_time": 10.452175617218018
}