{
  "mae_non_fe_test": 0.2662065025607744,
  "r2_non_fe_test": 0.8350997202985464,
  "mae_fe_test": 0.18173624690976897,
  "r2_fe_test": 0.8739163730951229,
  "run_time_sec": 1.6577787399291992,
  "sequence": [
    "N0",
    "N2",
    "N3",
    "N1",
    "N8",
    "N9"
  ],
  "timestamp": "2025-10-07 00:07:58",
  "execution_times": {
    "N0": 0.27327752113342285,
    "N2": 0.06846952438354492,
    "N3": 0.044245004653930664,
    "N1": 0.018593311309814453,
    "N8": 1.2475359439849854,
    "N9": 6.9141387939453125e-06
  },
  "total_execution_time": 1.6521282196044922
}