{
  "mae_non_fe_test": 0.2885733880712207,
  "r2_non_fe_test": 0.8206815031590357,
  "mae_fe_test": 0.18946523360201162,
  "r2_fe_test": 0.8439490215587375,
  "run_time_sec": 1.969623327255249,
  "sequence": [
    "N0",
    "N2",
    "N3",
    "N8",
    "N9"
  ],
  "timestamp": "2025-10-07 00:25:46",
  "execution_times": {
    "N0": 0.37644147872924805,
    "N2": 0.05184435844421387,
    "N3": 0.03451681137084961,
    "N8": 1.5046336650848389,
    "N9": 3.337860107421875e-06
  },
  "total_execution_time": 1.9674396514892578
}