{
  "mae_non_fe_test": 0.48935404552555756,
  "r2_non_fe_test": 0.5046284553418879,
  "mae_fe_test": 0.2808627168309923,
  "r2_fe_test": 0.7239696694964757,
  "run_time_sec": 1.0725517272949219,
  "sequence": [
    "N0",
    "N2",
    "N3",
    "N7",
    "N4",
    "N6",
    "N8",
    "N9"
  ],
  "timestamp": "2025-10-07 00:51:58",
  "execution_times": {
    "N0": 0.3729417324066162,
    "N2": 0.11127448081970215,
    "N3": 0.021538972854614258,
    "N7": 0.013373374938964844,
    "N4": 0.018383264541625977,
    "N6": 0.01929759979248047,
    "N8": 0.5111367702484131,
    "N9": 0.0007867813110351562
  },
  "total_execution_time": 1.0687329769134521
}