{
  "mae_non_fe_test": 0.27510468431282376,
  "r2_non_fe_test": 0.7923986762709982,
  "mae_fe_test": 0.25192903919489257,
  "r2_fe_test": 0.7939335104816841,
  "run_time_sec": 12.277824401855469,
  "sequence": [
    "N0",
    "N2",
    "N4",
    "N3",
    "N1",
    "N8",
    "N9"
  ],
  "timestamp": "2025-10-07 00:33:13",
  "execution_times": {
    "N0": 0.1820223331451416,
    "N2": 0.05316591262817383,
    "N4": 0.011263370513916016,
    "N3": 0.009185791015625,
    "N1": 0.006682634353637695,
    "N8": 12.01299500465393,
    "N9": 0.0004317760467529297
  },
  "total_execution_time": 12.275746822357178
}