{
  "mae_non_fe_test": 0.4461927911871385,
  "r2_non_fe_test": 0.6860179351812117,
  "mae_fe_test": 0.27899486023475234,
  "r2_fe_test": 0.7445978857873277,
  "run_time_sec": 0.6243345737457275,
  "sequence": [
    "N0",
    "N2",
    "N1",
    "N3",
    "N6",
    "N7",
    "N8",
    "N9"
  ],
  "timestamp": "2025-09-01 10:11:45",
  "execution_times": {
    "N0": 0.21476221084594727,
    "N2": 0.06969833374023438,
    "N1": 0.020325422286987305,
    "N3": 0.03891134262084961,
    "N6": 0.0,
    "N7": 0.010415315628051758,
    "N8": 0.2696828842163086,
    "N9": 0.0
  },
  "total_execution_time": 0.6237955093383789
}