{
  "mae_non_fe_test": 0.3141292518013341,
  "r2_non_fe_test": 0.7893863300521451,
  "mae_fe_test": 0.18890294313658362,
  "r2_fe_test": 0.8509199248999182,
  "run_time_sec": 2.31471586227417,
  "sequence": [
    "N0",
    "N2",
    "N1",
    "N6",
    "N3",
    "N7",
    "N8",
    "N9"
  ],
  "timestamp": "2025-10-07 00:14:00",
  "execution_times": {
    "N0": 0.5119857788085938,
    "N2": 0.07070517539978027,
    "N1": 0.1017465591430664,
    "N6": 0.009477615356445312,
    "N3": 0.03541922569274902,
    "N7": 0.03169965744018555,
    "N8": 1.5499413013458252,
    "N9": 7.3909759521484375e-06
  },
  "total_execution_time": 2.3109827041625977
}