{
  "mae_non_fe_test": 0.28971722211307155,
  "r2_non_fe_test": 0.8090880652405449,
  "mae_fe_test": 0.296188922444549,
  "r2_fe_test": 0.7524981983428882,
  "run_time_sec": 8.524295330047607,
  "sequence": [
    "N0",
    "N2",
    "N1",
    "N6",
    "N8",
    "N9"
  ],
  "timestamp": "2025-10-07 00:08:17",
  "execution_times": {
    "N0": 0.45754289627075195,
    "N2": 0.061637163162231445,
    "N1": 0.054506540298461914,
    "N6": 0.008163690567016602,
    "N8": 7.940200567245483,
    "N9": 5.245208740234375e-06
  },
  "total_execution_time": 8.522056102752686
}