{
  "mae_non_fe_test": 0.27589352897624914,
  "r2_non_fe_test": 0.827163813654629,
  "mae_fe_test": 0.18238476318449634,
  "r2_fe_test": 0.845163383576806,
  "run_time_sec": 2.6538665294647217,
  "sequence": [
    "N0",
    "N2",
    "N8",
    "N9"
  ],
  "timestamp": "2025-10-07 00:48:23",
  "execution_times": {
    "N0": 0.3291752338409424,
    "N2": 0.08406233787536621,
    "N8": 2.2371370792388916,
    "N9": 0.0008320808410644531
  },
  "total_execution_time": 2.6512067317962646
}