{
  "mae_non_fe_test": 0.3141675871473714,
  "r2_non_fe_test": 0.8020251210394388,
  "mae_fe_test": 0.19867192600161923,
  "r2_fe_test": 0.8305172211623771,
  "run_time_sec": 1.9981110095977783,
  "sequence": [
    "N0",
    "N2",
    "N1",
    "N8",
    "N9"
  ],
  "timestamp": "2025-10-07 01:13:15",
  "execution_times": {
    "N0": 0.5759224891662598,
    "N2": 0.10862874984741211,
    "N1": 0.028318166732788086,
    "N8": 1.282118797302246,
    "N9": 0.0006356239318847656
  },
  "total_execution_time": 1.9956238269805908
}