{
  "mae_non_fe_test": 0.2697993248780984,
  "r2_non_fe_test": 0.8170273599959426,
  "mae_fe_test": 0.27213119858254564,
  "r2_fe_test": 0.7914321626801204,
  "run_time_sec": 1.552537202835083,
  "sequence": [
    "N0",
    "N2",
    "N4",
    "N8",
    "N9"
  ],
  "timestamp": "2025-10-07 00:19:13",
  "execution_times": {
    "N0": 0.2612771987915039,
    "N2": 0.06664633750915527,
    "N4": 0.013114452362060547,
    "N8": 1.2078049182891846,
    "N9": 4.5299530029296875e-06
  },
  "total_execution_time": 1.5488474369049072
}