{
  "mae_non_fe_test": 0.3116048427939393,
  "r2_non_fe_test": 0.8060137572794365,
  "mae_fe_test": 0.20055123595121666,
  "r2_fe_test": 0.8298152459055096,
  "run_time_sec": 1.2872378826141357,
  "sequence": [
    "N0",
    "N2",
    "N1",
    "N8",
    "N9"
  ],
  "timestamp": "2025-10-07 00:25:10",
  "execution_times": {
    "N0": 0.19332003593444824,
    "N2": 0.0544281005859375,
    "N1": 0.04437875747680664,
    "N8": 0.9929196834564209,
    "N9": 2.6226043701171875e-06
  },
  "total_execution_time": 1.2850492000579834
}