{
  "mae_non_fe_test": 0.2812223972893479,
  "r2_non_fe_test": 0.8207334803183062,
  "mae_fe_test": 0.18738917979474495,
  "r2_fe_test": 0.844397557085774,
  "run_time_sec": 2.379380464553833,
  "sequence": [
    "N0",
    "N0",
    "N2",
    "N1",
    "N3",
    "N6",
    "N7",
    "N8",
    "N9"
  ],
  "timestamp": "2025-09-01 09:59:22",
  "execution_times": {
    "N0": 0.40319347381591797,
    "N2": 0.06371831893920898,
    "N1": 0.027716398239135742,
    "N3": 0.038613319396972656,
    "N6": 0.00853109359741211,
    "N7": 0.0075223445892333984,
    "N8": 1.8280839920043945,
    "N9": 0.0
  },
  "total_execution_time": 2.3773789405822754
}