{
  "mae_non_fe_test": 0.30244888067390624,
  "r2_non_fe_test": 0.7749419423822436,
  "mae_fe_test": 0.19701220375560938,
  "r2_fe_test": 0.8470028545021346,
  "run_time_sec": 1.3828017711639404,
  "sequence": [
    "N0",
    "N2",
    "N3",
    "N4",
    "N7",
    "N8",
    "N9"
  ],
  "timestamp": "2025-10-07 00:48:54",
  "execution_times": {
    "N0": 0.22916483879089355,
    "N2": 0.06584715843200684,
    "N3": 0.012427091598510742,
    "N4": 0.013612985610961914,
    "N7": 0.04294443130493164,
    "N8": 1.0131747722625732,
    "N9": 0.0008783340454101562
  },
  "total_execution_time": 1.378049612045288
}