{
  "mae_non_fe_test": 0.27984367543142424,
  "r2_non_fe_test": 0.8221720564564697,
  "mae_fe_test": 0.195521720393152,
  "r2_fe_test": 0.8372373230670267,
  "run_time_sec": 2.3933231830596924,
  "sequence": [
    "N0",
    "N2",
    "N8",
    "N9"
  ],
  "timestamp": "2025-10-07 00:12:01",
  "execution_times": {
    "N0": 0.21484375,
    "N2": 0.05933547019958496,
    "N8": 2.116605758666992,
    "N9": 5.245208740234375e-06
  },
  "total_execution_time": 2.3907902240753174
}