{
  "mae_non_fe_test": 0.2640271911531361,
  "r2_non_fe_test": 0.8336963263329735,
  "mae_fe_test": 0.1887361480634849,
  "r2_fe_test": 0.8434800868381935,
  "run_time_sec": 3.4034783840179443,
  "sequence": [
    "N0",
    "N2",
    "N8",
    "N9"
  ],
  "timestamp": "2025-10-07 00:14:45",
  "execution_times": {
    "N0": 0.24821829795837402,
    "N2": 0.06920170783996582,
    "N8": 3.083768367767334,
    "N9": 4.291534423828125e-06
  },
  "total_execution_time": 3.4011926651000977
}