{
  "mae_non_fe_test": 0.2916181836820909,
  "r2_non_fe_test": 0.8244033617991028,
  "mae_fe_test": 0.23121107223372836,
  "r2_fe_test": 0.8251486262802821,
  "run_time_sec": 4.868185043334961,
  "sequence": [
    "N0",
    "N2",
    "N1",
    "N3",
    "N4",
    "N7",
    "N6",
    "N5",
    "N8",
    "N9"
  ],
  "timestamp": "2025-10-07 00:57:37",
  "execution_times": {
    "N0": 0.49616217613220215,
    "N2": 0.07638907432556152,
    "N1": 0.029979944229125977,
    "N3": 0.0005631446838378906,
    "N4": 0.01822662353515625,
    "N7": 0.011877298355102539,
    "N6": 0.007232189178466797,
    "N5": 0.0005941390991210938,
    "N8": 4.223713397979736,
    "N9": 0.0005397796630859375
  },
  "total_execution_time": 4.8652777671813965
}