{
  "mae_non_fe_test": null,
  "r2_non_fe_test": null,
  "mae_fe_test": null,
  "r2_fe_test": null,
  "run_time_sec": 0.3566300868988037,
  "sequence": [
    "N0",
    "N2",
    "N8",
    "N9"
  ],
  "timestamp": "2025-10-07 00:24:27",
  "execution_times": {
    "N0": 0.2794151306152344,
    "N2": 0.07114195823669434,
    "N8": 0.005766391754150391,
    "N9": 3.0994415283203125e-06
  },
  "total_execution_time": 0.3563265800476074,
  "error": "The 'y_pred' parameter of mean_absolute_error must be an array-like. Got None instead."
}