{
  "mae_non_fe_test": 0.2746501739986647,
  "r2_non_fe_test": 0.8365365911380197,
  "mae_fe_test": 0.2369223692494874,
  "r2_fe_test": 0.8301791727384618,
  "run_time_sec": 1.6890978813171387,
  "sequence": [
    "N0",
    "N2",
    "N7",
    "N8",
    "N9"
  ],
  "timestamp": "2025-10-07 00:07:06",
  "execution_times": {
    "N0": 0.2698802947998047,
    "N2": 0.07045507431030273,
    "N7": 0.058441162109375,
    "N8": 1.2861998081207275,
    "N9": 5.9604644775390625e-06
  },
  "total_execution_time": 1.6849822998046875
}