{
  "mae_non_fe_test": 0.29399328417386744,
  "r2_non_fe_test": 0.8159197925747033,
  "mae_fe_test": 0.1870805608285998,
  "r2_fe_test": 0.8408610995275154,
  "run_time_sec": 2.429245710372925,
  "sequence": [
    "N0",
    "N2",
    "N8",
    "N9"
  ],
  "timestamp": "2025-10-07 01:13:10",
  "execution_times": {
    "N0": 0.5201845169067383,
    "N2": 0.0871281623840332,
    "N8": 1.8181040287017822,
    "N9": 0.0006551742553710938
  },
  "total_execution_time": 2.426071882247925
}