{
  "mae_non_fe_test": 0.2773634444437631,
  "r2_non_fe_test": 0.8432229501519579,
  "mae_fe_test": 0.2206506908962472,
  "r2_fe_test": 0.8144696670906539,
  "run_time_sec": 0.9868452548980713,
  "sequence": [
    "N0",
    "N2",
    "N8",
    "N9"
  ],
  "timestamp": "2025-10-07 00:33:16",
  "execution_times": {
    "N0": 0.1969590187072754,
    "N2": 0.05932497978210449,
    "N8": 0.7258806228637695,
    "N9": 0.0008022785186767578
  },
  "total_execution_time": 0.9829668998718262
}