{
  "mae_non_fe_test": 0.2757869966108683,
  "r2_non_fe_test": 0.786143042631116,
  "mae_fe_test": 0.2601120656953063,
  "r2_fe_test": 0.7783969215783905,
  "run_time_sec": 3.6178224086761475,
  "sequence": [
    "N0",
    "N2",
    "N1",
    "N4",
    "N7",
    "N8",
    "N9"
  ],
  "timestamp": "2025-10-07 00:22:53",
  "execution_times": {
    "N0": 0.35443115234375,
    "N2": 0.10112667083740234,
    "N1": 0.08459997177124023,
    "N4": 0.017597675323486328,
    "N7": 0.017841100692749023,
    "N8": 3.035900592803955,
    "N9": 1.0251998901367188e-05
  },
  "total_execution_time": 3.6115074157714844
}