{
  "mae_non_fe_test": 0.25769068384232935,
  "r2_non_fe_test": 0.8404868627526869,
  "mae_fe_test": 0.24181104796317318,
  "r2_fe_test": 0.8073726274724368,
  "run_time_sec": 14.163172245025635,
  "sequence": [
    "N0",
    "N2",
    "N8",
    "N9"
  ],
  "timestamp": "2025-10-07 00:50:44",
  "execution_times": {
    "N0": 0.23787307739257812,
    "N2": 0.07519936561584473,
    "N8": 13.84781265258789,
    "N9": 0.0005278587341308594
  },
  "total_execution_time": 14.161412954330444
}