{
  "mae_non_fe_test": 0.29399328417386744,
  "r2_non_fe_test": 0.8159197925747033,
  "mae_fe_test": 0.1870805608285998,
  "r2_fe_test": 0.8408610995275154,
  "run_time_sec": 2.0954322814941406,
  "sequence": [
    "N0",
    "N2",
    "N8",
    "N9"
  ],
  "timestamp": "2025-10-07 00:36:10",
  "execution_times": {
    "N0": 0.4398376941680908,
    "N2": 0.06848478317260742,
    "N8": 1.5838251113891602,
    "N9": 0.0006823539733886719
  },
  "total_execution_time": 2.092829942703247
}