{
  "mae_non_fe_test": 0.27510468431282376,
  "r2_non_fe_test": 0.7923986762709982,
  "mae_fe_test": 0.25192903919489257,
  "r2_fe_test": 0.7939335104816841,
  "run_time_sec": 12.580181121826172,
  "sequence": [
    "N0",
    "N2",
    "N4",
    "N3",
    "N1",
    "N8",
    "N9"
  ],
  "timestamp": "2025-10-07 01:06:48",
  "execution_times": {
    "N0": 0.18668794631958008,
    "N2": 0.07016921043395996,
    "N4": 0.014582395553588867,
    "N3": 0.012261152267456055,
    "N1": 0.008234024047851562,
    "N8": 12.285377264022827,
    "N9": 0.0005342960357666016
  },
  "total_execution_time": 12.57784628868103
}