{
  "mae_non_fe_test": 0.7327143347018921,
  "r2_non_fe_test": -0.22228767505232971,
  "mae_fe_test": 0.5952019396814004,
  "r2_fe_test": 0.07292163630698267,
  "run_time_sec": 1.3021137714385986,
  "sequence": [
    "N0",
    "N2",
    "N4",
    "N1",
    "N6",
    "N7",
    "N8",
    "N9"
  ],
  "timestamp": "2025-10-07 00:12:40",
  "execution_times": {
    "N0": 0.3264029026031494,
    "N2": 0.3239912986755371,
    "N4": 0.016132354736328125,
    "N1": 0.1029973030090332,
    "N6": 0.011843204498291016,
    "N7": 0.002034902572631836,
    "N8": 0.5160484313964844,
    "N9": 4.0531158447265625e-06
  },
  "total_execution_time": 1.2994544506072998
}