{
  "mae_non_fe_test": 0.26811353737547533,
  "r2_non_fe_test": 0.833260923650486,
  "mae_fe_test": 0.30870601609721654,
  "r2_fe_test": 0.7387380837117239,
  "run_time_sec": 6.637514352798462,
  "sequence": [
    "N0",
    "N2",
    "N1",
    "N6",
    "N7",
    "N8",
    "N9"
  ],
  "timestamp": "2025-10-07 00:25:03",
  "execution_times": {
    "N0": 0.24930286407470703,
    "N2": 0.06623649597167969,
    "N1": 0.031485557556152344,
    "N6": 0.004733085632324219,
    "N7": 0.00615239143371582,
    "N8": 6.277406215667725,
    "N9": 2.6226043701171875e-06
  },
  "total_execution_time": 6.635319232940674
}