{
  "mae_non_fe_test": 0.2812846206562013,
  "r2_non_fe_test": 0.8387879053081955,
  "mae_fe_test": 0.17824234867295274,
  "r2_fe_test": 0.857323480722299,
  "run_time_sec": 1.4213786125183105,
  "sequence": [
    "N0",
    "N2",
    "N4",
    "N3",
    "N1",
    "N8",
    "N9"
  ],
  "timestamp": "2025-10-07 00:35:43",
  "execution_times": {
    "N0": 0.2521672248840332,
    "N2": 0.07781314849853516,
    "N4": 0.02007436752319336,
    "N3": 0.04529261589050293,
    "N1": 0.009537696838378906,
    "N8": 1.0096864700317383,
    "N9": 0.0009784698486328125
  },
  "total_execution_time": 1.4155499935150146
}