{
  "mae_non_fe_test": 0.28843029033776024,
  "r2_non_fe_test": 0.789841337060803,
  "mae_fe_test": 0.188209050121467,
  "r2_fe_test": 0.848101685292957,
  "run_time_sec": 2.6391232013702393,
  "sequence": [
    "N0",
    "N2",
    "N5",
    "N3",
    "N1",
    "N6",
    "N8",
    "N9"
  ],
  "timestamp": "2025-10-07 00:48:31",
  "execution_times": {
    "N0": 0.48042988777160645,
    "N2": 0.07133007049560547,
    "N5": 0.0005025863647460938,
    "N3": 0.00045990943908691406,
    "N1": 0.06058979034423828,
    "N6": 0.009160518646240234,
    "N8": 2.012272596359253,
    "N9": 0.0007958412170410156
  },
  "total_execution_time": 2.6355412006378174
}