{
  "mae_non_fe_test": 0.3298043501395673,
  "r2_non_fe_test": 0.6610264131259289,
  "mae_fe_test": 0.20179236047028687,
  "r2_fe_test": 0.8420068379048284,
  "run_time_sec": 2.068885326385498,
  "sequence": [
    "N0",
    "N2",
    "N3",
    "N5",
    "N7",
    "N6",
    "N4",
    "N8",
    "N9"
  ],
  "timestamp": "2025-10-12 00:46:20",
  "execution_times": {
    "N0": 0.24980473518371582,
    "N2": 0.08787059783935547,
    "N3": 0.0006988048553466797,
    "N5": 0.0006699562072753906,
    "N7": 0.017432451248168945,
    "N6": 0.0059108734130859375,
    "N4": 0.008671045303344727,
    "N8": 1.6937241554260254,
    "N9": 0.0007696151733398438
  },
  "total_execution_time": 2.065552234649658
}