{
  "mae_non_fe_test": 0.2710844797299454,
  "r2_non_fe_test": 0.8392735766393966,
  "mae_fe_test": 0.2822172034054434,
  "r2_fe_test": 0.7698640339957881,
  "run_time_sec": 6.932018518447876,
  "sequence": [
    "N0",
    "N2",
    "N1",
    "N5",
    "N7",
    "N6",
    "N8",
    "N9"
  ],
  "timestamp": "2025-10-07 00:47:46",
  "execution_times": {
    "N0": 0.2951231002807617,
    "N2": 0.0853581428527832,
    "N1": 0.0731048583984375,
    "N5": 0.0007207393646240234,
    "N7": 0.016609668731689453,
    "N6": 0.008067131042480469,
    "N8": 6.449381589889526,
    "N9": 0.0006158351898193359
  },
  "total_execution_time": 6.928981065750122
}