{
  "mae_non_fe_test": 0.7546898961500886,
  "r2_non_fe_test": 0.06074497985948002,
  "mae_fe_test": 0.5184481367031073,
  "r2_fe_test": 0.14276356313470318,
  "run_time_sec": 0.811455249786377,
  "sequence": [
    "N0",
    "N2",
    "N1",
    "N5",
    "N6",
    "N4",
    "N7",
    "N3",
    "N8",
    "N9"
  ],
  "timestamp": "2025-10-07 00:45:31",
  "execution_times": {
    "N0": 0.24573421478271484,
    "N2": 0.299530029296875,
    "N1": 0.05838608741760254,
    "N5": 0.00041985511779785156,
    "N6": 0.011354446411132812,
    "N4": 0.00144195556640625,
    "N7": 0.0035991668701171875,
    "N3": 0.0017790794372558594,
    "N8": 0.18441343307495117,
    "N9": 0.0008797645568847656
  },
  "total_execution_time": 0.8075380325317383
}