{
  "mae_non_fe_test": 0.2852077431245184,
  "r2_non_fe_test": 0.8226568218562611,
  "mae_fe_test": 0.1779800670463723,
  "r2_fe_test": 0.8501439244816444,
  "run_time_sec": 0.8606393337249756,
  "sequence": [
    "N0",
    "N2",
    "N4",
    "N8",
    "N9"
  ],
  "timestamp": "2025-10-07 00:21:54",
  "execution_times": {
    "N0": 0.2530500888824463,
    "N2": 0.0666954517364502,
    "N4": 0.014174461364746094,
    "N8": 0.5226881504058838,
    "N9": 5.0067901611328125e-06
  },
  "total_execution_time": 0.8566131591796875
}