{
  "mae_non_fe_test": 0.2727629821370545,
  "r2_non_fe_test": 0.826633761569175,
  "mae_fe_test": 0.2102642127813844,
  "r2_fe_test": 0.8327250223998642,
  "run_time_sec": 1.5192718505859375,
  "sequence": [
    "N0",
    "N2",
    "N5",
    "N4",
    "N8",
    "N9"
  ],
  "timestamp": "2025-10-07 00:51:21",
  "execution_times": {
    "N0": 0.2818260192871094,
    "N2": 0.08675694465637207,
    "N5": 0.0006608963012695312,
    "N4": 0.018111467361450195,
    "N8": 1.1270928382873535,
    "N9": 0.0008382797241210938
  },
  "total_execution_time": 1.5152864456176758
}