{
  "mae_non_fe_test": 0.25806259078946997,
  "r2_non_fe_test": 0.836393666213471,
  "mae_fe_test": 0.24608742181513146,
  "r2_fe_test": 0.8128025927856144,
  "run_time_sec": 1.5886774063110352,
  "sequence": [
    "N0",
    "N2",
    "N8",
    "N9"
  ],
  "timestamp": "2025-10-07 00:19:59",
  "execution_times": {
    "N0": 0.20067763328552246,
    "N2": 0.05241870880126953,
    "N8": 1.331054925918579,
    "N9": 5.4836273193359375e-06
  },
  "total_execution_time": 1.5841567516326904
}