{
  "mae_non_fe_test": null,
  "r2_non_fe_test": null,
  "mae_fe_test": null,
  "r2_fe_test": null,
  "run_time_sec": 0.33797192573547363,
  "sequence": [
    "N0",
    "N2",
    "N3",
    "N7",
    "N8",
    "N9"
  ],
  "timestamp": "2025-10-07 00:19:20",
  "execution_times": {
    "N0": 0.2445836067199707,
    "N2": 0.06303763389587402,
    "N3": 5.7220458984375e-06,
    "N7": 0.027867555618286133,
    "N8": 0.0022726058959960938,
    "N9": 2.6226043701171875e-06
  },
  "total_execution_time": 0.3377697467803955,
  "error": "The 'y_pred' parameter of mean_absolute_error must be an array-like. Got None instead."
}