{
  "mae_non_fe_test": 0.7018327509293288,
  "r2_non_fe_test": 0.13900496168879695,
  "mae_fe_test": 0.6406921280535727,
  "r2_fe_test": -0.13949831610279118,
  "run_time_sec": 0.7191739082336426,
  "sequence": [
    "N0",
    "N2",
    "N4",
    "N1",
    "N3",
    "N6",
    "N8",
    "N9"
  ],
  "timestamp": "2025-10-07 00:12:42",
  "execution_times": {
    "N0": 0.2288978099822998,
    "N2": 0.05980634689331055,
    "N4": 0.012226343154907227,
    "N1": 0.016436338424682617,
    "N3": 0.009269475936889648,
    "N6": 0.012128114700317383,
    "N8": 0.37718915939331055,
    "N9": 4.5299530029296875e-06
  },
  "total_execution_time": 0.7159581184387207
}