{
  "mae_non_fe_test": 0.2529434226550535,
  "r2_non_fe_test": 0.8396975208136331,
  "mae_fe_test": 0.20800877634214157,
  "r2_fe_test": 0.8429097521277749,
  "run_time_sec": 20.21080470085144,
  "sequence": [
    "N0",
    "N2",
    "N7",
    "N4",
    "N8",
    "N9"
  ],
  "timestamp": "2025-10-07 01:13:53",
  "execution_times": {
    "N0": 0.2654600143432617,
    "N2": 0.07426953315734863,
    "N7": 0.05184435844421387,
    "N4": 0.011841773986816406,
    "N8": 19.80465316772461,
    "N9": 0.0005655288696289062
  },
  "total_execution_time": 20.20863437652588
}