{
  "mae_non_fe_test": 0.2529434226550535,
  "r2_non_fe_test": 0.8396975208136331,
  "mae_fe_test": 0.20800877634214157,
  "r2_fe_test": 0.8429097521277749,
  "run_time_sec": 19.236985683441162,
  "sequence": [
    "N0",
    "N2",
    "N7",
    "N4",
    "N8",
    "N9"
  ],
  "timestamp": "2025-10-07 00:49:15",
  "execution_times": {
    "N0": 0.26157474517822266,
    "N2": 0.07489967346191406,
    "N7": 0.05361151695251465,
    "N4": 0.013594865798950195,
    "N8": 18.83033013343811,
    "N9": 0.0005393028259277344
  },
  "total_execution_time": 19.23455023765564
}