{
  "mae_non_fe_test": 0.27817749091045557,
  "r2_non_fe_test": 0.7919470874107009,
  "mae_fe_test": 0.17767409520035357,
  "r2_fe_test": 0.8496645358917495,
  "run_time_sec": 3.7053534984588623,
  "sequence": [
    "N0",
    "N2",
    "N4",
    "N8",
    "N9"
  ],
  "timestamp": "2025-10-07 00:16:07",
  "execution_times": {
    "N0": 0.3003861904144287,
    "N2": 0.07415199279785156,
    "N4": 0.015323638916015625,
    "N8": 3.3130714893341064,
    "N9": 6.198883056640625e-06
  },
  "total_execution_time": 3.702939510345459
}