{
  "mae_non_fe_test": 0.26045893514489804,
  "r2_non_fe_test": 0.8384637043210539,
  "mae_fe_test": 0.25010317284251227,
  "r2_fe_test": 0.7980735976085778,
  "run_time_sec": 2.0574452877044678,
  "sequence": [
    "N0",
    "N2",
    "N8",
    "N9"
  ],
  "timestamp": "2025-10-07 00:48:25",
  "execution_times": {
    "N0": 0.23407244682312012,
    "N2": 0.07195901870727539,
    "N8": 1.745832920074463,
    "N9": 0.0008671283721923828
  },
  "total_execution_time": 2.052731513977051
}