{
  "mae_non_fe_test": 0.2860740006480977,
  "r2_non_fe_test": 0.8193719619927429,
  "mae_fe_test": 0.2498665899535711,
  "r2_fe_test": 0.8070024676949141,
  "run_time_sec": 2.0492441654205322,
  "sequence": [
    "N0",
    "N2",
    "N5",
    "N8",
    "N9"
  ],
  "timestamp": "2025-10-07 00:42:31",
  "execution_times": {
    "N0": 0.24147629737854004,
    "N2": 0.07257342338562012,
    "N5": 0.0006420612335205078,
    "N8": 1.7299559116363525,
    "N9": 0.0007655620574951172
  },
  "total_execution_time": 2.0454132556915283
}