{
  "mae_non_fe_test": 0.2956451248070427,
  "r2_non_fe_test": 0.8181784501579471,
  "mae_fe_test": 0.21608846451331196,
  "r2_fe_test": 0.8286109453863549,
  "run_time_sec": 1.1409709453582764,
  "sequence": [
    "N0",
    "N2",
    "N1",
    "N8",
    "N9"
  ],
  "timestamp": "2025-10-07 00:05:19",
  "execution_times": {
    "N0": 0.23084354400634766,
    "N2": 0.05750679969787598,
    "N1": 0.028168201446533203,
    "N8": 0.8202297687530518,
    "N9": 5.4836273193359375e-06
  },
  "total_execution_time": 1.136753797531128
}