{
  "mae_non_fe_test": 0.3137078548628696,
  "r2_non_fe_test": 0.8032898334363426,
  "mae_fe_test": 0.19708528036736048,
  "r2_fe_test": 0.8314871460328092,
  "run_time_sec": 1.8227875232696533,
  "sequence": [
    "N0",
    "N2",
    "N1",
    "N8",
    "N9"
  ],
  "timestamp": "2025-10-07 00:06:14",
  "execution_times": {
    "N0": 0.3569827079772949,
    "N2": 0.08101463317871094,
    "N1": 0.09406518936157227,
    "N8": 1.2881219387054443,
    "N9": 5.245208740234375e-06
  },
  "total_execution_time": 1.8201897144317627
}