{
  "mae_non_fe_test": 0.2884302903377603,
  "r2_non_fe_test": 0.789841337060803,
  "mae_fe_test": 0.1882090501214669,
  "r2_fe_test": 0.848101685292957,
  "run_time_sec": 2.418856620788574,
  "sequence": [
    "N0",
    "N2",
    "N5",
    "N3",
    "N1",
    "N6",
    "N8",
    "N9"
  ],
  "timestamp": "2025-10-07 01:13:07",
  "execution_times": {
    "N0": 0.2617378234863281,
    "N2": 0.07484054565429688,
    "N5": 0.00043320655822753906,
    "N3": 0.0004067420959472656,
    "N1": 0.06474876403808594,
    "N6": 0.010604381561279297,
    "N8": 2.002227306365967,
    "N9": 0.0008349418640136719
  },
  "total_execution_time": 2.4158337116241455
}