{
  "mae_non_fe_test": 0.4918637151588443,
  "r2_non_fe_test": 0.4922170658858587,
  "mae_fe_test": 0.19972352899330487,
  "r2_fe_test": 0.8197951121858076,
  "run_time_sec": 1.0433249473571777,
  "sequence": [
    "N0",
    "N2",
    "N5",
    "N4",
    "N3",
    "N7",
    "N6",
    "N1",
    "N8",
    "N9"
  ],
  "timestamp": "2025-10-07 00:48:35",
  "execution_times": {
    "N0": 0.29073667526245117,
    "N2": 0.10282063484191895,
    "N5": 0.0008513927459716797,
    "N4": 0.030336856842041016,
    "N3": 0.0007882118225097656,
    "N7": 0.014209985733032227,
    "N6": 0.028916358947753906,
    "N1": 0.005060672760009766,
    "N8": 0.5654387474060059,
    "N9": 0.0007188320159912109
  },
  "total_execution_time": 1.0398783683776855
}