{
  "mae_non_fe_test": null,
  "r2_non_fe_test": null,
  "mae_fe_test": null,
  "r2_fe_test": null,
  "run_time_sec": 0.2927284240722656,
  "sequence": [
    "N0",
    "N2",
    "N4",
    "N8",
    "N9"
  ],
  "timestamp": "2025-10-07 00:23:21",
  "execution_times": {
    "N0": 0.21604061126708984,
    "N2": 0.05902719497680664,
    "N4": 0.013995170593261719,
    "N8": 0.003378152847290039,
    "N9": 1.621246337890625e-05
  },
  "total_execution_time": 0.29245734214782715,
  "error": "The 'y_pred' parameter of mean_absolute_error must be an array-like. Got None instead."
}