{
  "mae_non_fe_test": 0.2809640010946804,
  "r2_non_fe_test": 0.8226047943545111,
  "mae_fe_test": 0.28116514027111633,
  "r2_fe_test": 0.7782518909977791,
  "run_time_sec": 1.9044561386108398,
  "sequence": [
    "N0",
    "N2",
    "N7",
    "N1",
    "N8",
    "N9"
  ],
  "timestamp": "2025-10-07 00:34:22",
  "execution_times": {
    "N0": 0.4087512493133545,
    "N2": 0.06552767753601074,
    "N7": 0.015621423721313477,
    "N1": 0.008101224899291992,
    "N8": 1.401153802871704,
    "N9": 0.0007853507995605469
  },
  "total_execution_time": 1.8999407291412354
}