{
  "mae_non_fe_test": 0.2642142587246541,
  "r2_non_fe_test": 0.8454120154639915,
  "mae_fe_test": 0.26530320770954297,
  "r2_fe_test": 0.7662908711152079,
  "run_time_sec": 10.424113988876343,
  "sequence": [
    "N0",
    "N2",
    "N3",
    "N5",
    "N7",
    "N1",
    "N4",
    "N8",
    "N9"
  ],
  "timestamp": "2025-10-07 00:44:12",
  "execution_times": {
    "N0": 0.23944950103759766,
    "N2": 0.07110381126403809,
    "N3": 0.043148040771484375,
    "N5": 0.000614166259765625,
    "N7": 0.011421442031860352,
    "N1": 0.038049936294555664,
    "N4": 0.013277769088745117,
    "N8": 10.003626823425293,
    "N9": 0.0006175041198730469
  },
  "total_execution_time": 10.421308994293213
}