{
  "mae_non_fe_test": 0.27218399342241023,
  "r2_non_fe_test": 0.8428479326099597,
  "mae_fe_test": 0.20541101226234204,
  "r2_fe_test": 0.8238086073280805,
  "run_time_sec": 1.4878826141357422,
  "sequence": [
    "N0",
    "N2",
    "N8",
    "N9"
  ],
  "timestamp": "2025-10-07 00:14:34",
  "execution_times": {
    "N0": 0.2654130458831787,
    "N2": 0.06509590148925781,
    "N8": 1.1536176204681396,
    "N9": 5.0067901611328125e-06
  },
  "total_execution_time": 1.4841315746307373
}