{
  "mae_non_fe_test": 0.28169940135946275,
  "r2_non_fe_test": 0.8297865380721616,
  "mae_fe_test": 0.22215679922397097,
  "r2_fe_test": 0.8057010253941533,
  "run_time_sec": 7.710050821304321,
  "sequence": [
    "N0",
    "N2",
    "N8",
    "N9"
  ],
  "timestamp": "2025-10-07 00:50:19",
  "execution_times": {
    "N0": 0.29303717613220215,
    "N2": 0.09730243682861328,
    "N8": 7.317241430282593,
    "N9": 0.0005207061767578125
  },
  "total_execution_time": 7.708101749420166
}