{
  "mae_non_fe_test": 0.5194851023995274,
  "r2_non_fe_test": 0.41897362159603213,
  "mae_fe_test": 0.21304197616089857,
  "r2_fe_test": 0.8330785817155166,
  "run_time_sec": 0.7825808525085449,
  "sequence": [
    "N0",
    "N2",
    "N7",
    "N3",
    "N5",
    "N4",
    "N6",
    "N8",
    "N9"
  ],
  "timestamp": "2025-10-07 00:45:48",
  "execution_times": {
    "N0": 0.24381208419799805,
    "N2": 0.07644343376159668,
    "N7": 0.018916845321655273,
    "N3": 0.012601375579833984,
    "N5": 0.0006022453308105469,
    "N4": 0.013767719268798828,
    "N6": 0.013208150863647461,
    "N8": 0.39971399307250977,
    "N9": 0.0005147457122802734
  },
  "total_execution_time": 0.7795805931091309
}