{
  "mae_non_fe_test": 0.2697043256992081,
  "r2_non_fe_test": 0.8309001329288312,
  "mae_fe_test": 0.24136008214667945,
  "r2_fe_test": 0.8035849645252604,
  "run_time_sec": 2.0937612056732178,
  "sequence": [
    "N0",
    "N2",
    "N8",
    "N9"
  ],
  "timestamp": "2025-10-07 00:15:02",
  "execution_times": {
    "N0": 0.25928807258605957,
    "N2": 0.07098078727722168,
    "N8": 1.759814739227295,
    "N9": 5.9604644775390625e-06
  },
  "total_execution_time": 2.0900895595550537
}