{
  "mae_non_fe_test": 0.7185073280809872,
  "r2_non_fe_test": -0.09470625811012434,
  "mae_fe_test": 0.5682111006236236,
  "r2_fe_test": 0.08331662457984867,
  "run_time_sec": 0.749415397644043,
  "sequence": [
    "N0",
    "N2",
    "N4",
    "N3",
    "N1",
    "N6",
    "N7",
    "N8",
    "N9"
  ],
  "timestamp": "2025-10-07 00:13:44",
  "execution_times": {
    "N0": 0.2398216724395752,
    "N2": 0.06423044204711914,
    "N4": 0.014650821685791016,
    "N3": 5.7220458984375e-06,
    "N1": 0.01788163185119629,
    "N6": 0.01045083999633789,
    "N7": 0.0039501190185546875,
    "N8": 0.39554738998413086,
    "N9": 3.814697265625e-06
  },
  "total_execution_time": 0.7465424537658691
}