{
  "mae_non_fe_test": 0.4918637151588442,
  "r2_non_fe_test": 0.4922170658858587,
  "mae_fe_test": 0.19972352899330487,
  "r2_fe_test": 0.8197951121858076,
  "run_time_sec": 1.0777177810668945,
  "sequence": [
    "N0",
    "N2",
    "N5",
    "N4",
    "N3",
    "N7",
    "N6",
    "N1",
    "N8",
    "N9"
  ],
  "timestamp": "2025-10-07 01:13:11",
  "execution_times": {
    "N0": 0.33986520767211914,
    "N2": 0.0972440242767334,
    "N5": 0.0006091594696044922,
    "N4": 0.02450871467590332,
    "N3": 0.0007567405700683594,
    "N7": 0.009428977966308594,
    "N6": 0.015776395797729492,
    "N1": 0.004448652267456055,
    "N8": 0.5808930397033691,
    "N9": 0.0006806850433349609
  },
  "total_execution_time": 1.074211597442627
}