{
  "mae_non_fe_test": 0.2935781463131775,
  "r2_non_fe_test": 0.7837206271930679,
  "mae_fe_test": 0.1896642385906222,
  "r2_fe_test": 0.8376874476239294,
  "run_time_sec": 2.4728844165802,
  "sequence": [
    "N0",
    "N2",
    "N4",
    "N7",
    "N8",
    "N9"
  ],
  "timestamp": "2025-10-07 00:34:25",
  "execution_times": {
    "N0": 0.2710845470428467,
    "N2": 0.07525348663330078,
    "N4": 0.018994808197021484,
    "N7": 0.04396796226501465,
    "N8": 2.0600180625915527,
    "N9": 0.0006895065307617188
  },
  "total_execution_time": 2.470008373260498
}