{
  "mae_non_fe_test": 0.2746501739986647,
  "r2_non_fe_test": 0.8365365911380197,
  "mae_fe_test": 0.2369223692494874,
  "r2_fe_test": 0.8301791727384618,
  "run_time_sec": 1.6639792919158936,
  "sequence": [
    "N0",
    "N2",
    "N7",
    "N8",
    "N9"
  ],
  "timestamp": "2025-10-07 00:21:52",
  "execution_times": {
    "N0": 0.30463433265686035,
    "N2": 0.0745553970336914,
    "N7": 0.05775642395019531,
    "N8": 1.2229454517364502,
    "N9": 9.775161743164062e-06
  },
  "total_execution_time": 1.6599013805389404
}