{
  "mae_non_fe_test": 0.26171619062439466,
  "r2_non_fe_test": 0.8471330899510925,
  "mae_fe_test": 0.17219126625993303,
  "r2_fe_test": 0.8710793434716076,
  "run_time_sec": 1.1887633800506592,
  "sequence": [
    "N0",
    "N2",
    "N5",
    "N7",
    "N4",
    "N3",
    "N1",
    "N6",
    "N8",
    "N9"
  ],
  "timestamp": "2025-10-07 00:50:07",
  "execution_times": {
    "N0": 0.2701098918914795,
    "N2": 0.08025121688842773,
    "N5": 0.0005557537078857422,
    "N7": 0.062372684478759766,
    "N4": 0.014831066131591797,
    "N3": 0.04964900016784668,
    "N1": 0.009598970413208008,
    "N6": 0.006206035614013672,
    "N8": 0.6888113021850586,
    "N9": 0.0008165836334228516
  },
  "total_execution_time": 1.1832025051116943
}