{
  "mae_non_fe_test": 0.28122239728934784,
  "r2_non_fe_test": 0.8207334803183062,
  "mae_fe_test": 0.1873891797947449,
  "r2_fe_test": 0.844397557085774,
  "run_time_sec": 1.9648258686065674,
  "sequence": [
    "N0",
    "N0",
    "N2",
    "N1",
    "N3",
    "N6",
    "N7",
    "N8"
  ],
  "timestamp": "2025-09-01 09:58:23",
  "execution_times": {
    "N0": 0.21303176879882812,
    "N2": 0.05995798110961914,
    "N1": 0.023133039474487305,
    "N3": 0.03589606285095215,
    "N6": 0.007856369018554688,
    "N7": 0.006528139114379883,
    "N8": 1.618422508239746,
    "N9": 0.0
  },
  "total_execution_time": 1.9648258686065674
}