{
  "mae_non_fe_test": 0.27520067812122134,
  "r2_non_fe_test": 0.8240263740130278,
  "mae_fe_test": 0.2169589197557098,
  "r2_fe_test": 0.8008824726041095,
  "run_time_sec": 11.380563020706177,
  "sequence": [
    "N0",
    "N2",
    "N1",
    "N4",
    "N8",
    "N9"
  ],
  "timestamp": "2025-10-07 00:46:50",
  "execution_times": {
    "N0": 0.2434830665588379,
    "N2": 0.06897878646850586,
    "N1": 0.025333881378173828,
    "N4": 0.013544082641601562,
    "N8": 11.02661395072937,
    "N9": 0.00042438507080078125
  },
  "total_execution_time": 11.37837815284729
}