{
  "mae_non_fe_test": 0.5665215298409813,
  "r2_non_fe_test": 0.32205264756979624,
  "mae_fe_test": 0.29508697491471464,
  "r2_fe_test": 0.6564227040718833,
  "run_time_sec": 0.8143367767333984,
  "sequence": [
    "N0",
    "N2",
    "N7",
    "N5",
    "N3",
    "N4",
    "N1",
    "N6",
    "N8",
    "N9"
  ],
  "timestamp": "2025-10-07 01:10:10",
  "execution_times": {
    "N0": 0.35541749000549316,
    "N2": 0.0993506908416748,
    "N7": 0.05952286720275879,
    "N5": 0.0006439685821533203,
    "N3": 0.056432485580444336,
    "N4": 0.016421079635620117,
    "N1": 0.045807838439941406,
    "N6": 0.01445913314819336,
    "N8": 0.1602475643157959,
    "N9": 0.0007781982421875
  },
  "total_execution_time": 0.8090813159942627
}