{
  "mae_non_fe_test": 0.30638736061219696,
  "r2_non_fe_test": 0.7679214429276054,
  "mae_fe_test": 0.2786359184081388,
  "r2_fe_test": 0.7829547416380931,
  "run_time_sec": 1.3888049125671387,
  "sequence": [
    "N0",
    "N2",
    "N7",
    "N3",
    "N4",
    "N1",
    "N6",
    "N8",
    "N9"
  ],
  "timestamp": "2025-10-07 00:13:13",
  "execution_times": {
    "N0": 0.264664888381958,
    "N2": 0.0658416748046875,
    "N7": 0.028864383697509766,
    "N3": 6.198883056640625e-06,
    "N4": 0.012523174285888672,
    "N1": 0.05507206916809082,
    "N6": 0.006579160690307617,
    "N8": 0.9500348567962646,
    "N9": 8.344650268554688e-06
  },
  "total_execution_time": 1.3835947513580322
}