{
  "mae_non_fe_test": 0.2537527370498178,
  "r2_non_fe_test": 0.8390321354053769,
  "mae_fe_test": 0.23420453867321578,
  "r2_fe_test": 0.8041863261971091,
  "run_time_sec": 14.94876217842102,
  "sequence": [
    "N0",
    "N2",
    "N1",
    "N8",
    "N9"
  ],
  "timestamp": "2025-10-07 00:21:42",
  "execution_times": {
    "N0": 0.5318155288696289,
    "N2": 0.07104086875915527,
    "N1": 0.058821678161621094,
    "N8": 14.284834623336792,
    "N9": 2.6226043701171875e-06
  },
  "total_execution_time": 14.946515321731567
}