{
  "mae_non_fe_test": 0.26045893514489804,
  "r2_non_fe_test": 0.8384637043210539,
  "mae_fe_test": 0.25010317284251227,
  "r2_fe_test": 0.7980735976085778,
  "run_time_sec": 2.1556272506713867,
  "sequence": [
    "N0",
    "N2",
    "N8",
    "N9"
  ],
  "timestamp": "2025-10-07 01:13:02",
  "execution_times": {
    "N0": 0.47147536277770996,
    "N2": 0.06904196739196777,
    "N8": 1.610088586807251,
    "N9": 0.0007829666137695312
  },
  "total_execution_time": 2.1513888835906982
}