{
  "mae_non_fe_test": 0.7701662055772188,
  "r2_non_fe_test": -0.4197421153981773,
  "mae_fe_test": 0.6449649550520498,
  "r2_fe_test": -0.1979568953589823,
  "run_time_sec": 1.1269967555999756,
  "sequence": [
    "N0",
    "N2",
    "N4",
    "N1",
    "N6",
    "N8",
    "N9"
  ],
  "timestamp": "2025-10-07 00:43:49",
  "execution_times": {
    "N0": 0.2198014259338379,
    "N2": 0.0750880241394043,
    "N4": 0.015244483947753906,
    "N1": 0.04445028305053711,
    "N6": 0.011356115341186523,
    "N8": 0.7574810981750488,
    "N9": 0.0005440711975097656
  },
  "total_execution_time": 1.1239655017852783
}