{
  "mae_non_fe_test": 0.32403383032075045,
  "r2_non_fe_test": 0.8014379690764141,
  "mae_fe_test": 0.17181049686418245,
  "r2_fe_test": 0.8564656246329847,
  "run_time_sec": 0.6771819591522217,
  "sequence": [
    "N0",
    "N2",
    "N3",
    "N6",
    "N4",
    "N8",
    "N9"
  ],
  "timestamp": "2025-10-07 00:42:15",
  "execution_times": {
    "N0": 0.28302741050720215,
    "N2": 0.08036208152770996,
    "N3": 0.05029797554016113,
    "N6": 0.010075569152832031,
    "N4": 0.011572599411010742,
    "N8": 0.2362217903137207,
    "N9": 0.0007724761962890625
  },
  "total_execution_time": 0.6723299026489258
}