{
  "mae_non_fe_test": 0.26212202074461155,
  "r2_non_fe_test": 0.8485563963016753,
  "mae_fe_test": 0.22196315945077447,
  "r2_fe_test": 0.8328172861807358,
  "run_time_sec": 1.6875815391540527,
  "sequence": [
    "N0",
    "N2",
    "N8",
    "N9"
  ],
  "timestamp": "2025-10-07 00:20:51",
  "execution_times": {
    "N0": 0.34196996688842773,
    "N2": 0.08180832862854004,
    "N8": 1.2590456008911133,
    "N9": 4.76837158203125e-06
  },
  "total_execution_time": 1.682828664779663
}