{
  "mae_non_fe_test": 0.2913281697603673,
  "r2_non_fe_test": 0.811360400317163,
  "mae_fe_test": 0.18042199644267864,
  "r2_fe_test": 0.861580589333367,
  "run_time_sec": 9.352192163467407,
  "sequence": [
    "N0",
    "N2",
    "N3",
    "N1",
    "N4",
    "N5",
    "N6",
    "N8",
    "N9"
  ],
  "timestamp": "2025-10-07 00:57:29",
  "execution_times": {
    "N0": 0.3196558952331543,
    "N2": 0.09593510627746582,
    "N3": 0.0009224414825439453,
    "N1": 0.03464651107788086,
    "N4": 0.017724275588989258,
    "N5": 0.0005533695220947266,
    "N6": 0.015050649642944336,
    "N8": 8.86434006690979,
    "N9": 0.0005133152008056641
  },
  "total_execution_time": 9.349341630935669
}