{
  "mae_non_fe_test": 0.2760412007937668,
  "r2_non_fe_test": 0.8361764703823727,
  "mae_fe_test": 0.220621270782971,
  "r2_fe_test": 0.8228524590096042,
  "run_time_sec": 1.6596179008483887,
  "sequence": [
    "N0",
    "N2",
    "N8",
    "N9"
  ],
  "timestamp": "2025-10-07 00:21:17",
  "execution_times": {
    "N0": 0.2669548988342285,
    "N2": 0.07610368728637695,
    "N8": 1.3122243881225586,
    "N9": 5.7220458984375e-06
  },
  "total_execution_time": 1.6552886962890625
}