{
  "mae_non_fe_test": 0.2717595572129315,
  "r2_non_fe_test": 0.8379598414687173,
  "mae_fe_test": 0.2213685121932899,
  "r2_fe_test": 0.8289167569633676,
  "run_time_sec": 1.380760669708252,
  "sequence": [
    "N0",
    "N2",
    "N1",
    "N7",
    "N8",
    "N9"
  ],
  "timestamp": "2025-10-07 00:15:13",
  "execution_times": {
    "N0": 0.28583335876464844,
    "N2": 0.0781240463256836,
    "N1": 0.06025266647338867,
    "N7": 0.007268667221069336,
    "N8": 0.9448003768920898,
    "N9": 5.4836273193359375e-06
  },
  "total_execution_time": 1.3762845993041992
}