{
  "mae_non_fe_test": 0.30244888067390624,
  "r2_non_fe_test": 0.7749419423822436,
  "mae_fe_test": 0.19701220375560938,
  "r2_fe_test": 0.8470028545021346,
  "run_time_sec": 1.4057917594909668,
  "sequence": [
    "N0",
    "N2",
    "N3",
    "N4",
    "N7",
    "N8",
    "N9"
  ],
  "timestamp": "2025-10-07 01:13:31",
  "execution_times": {
    "N0": 0.23238420486450195,
    "N2": 0.07167220115661621,
    "N3": 0.013288736343383789,
    "N4": 0.01283884048461914,
    "N7": 0.03949856758117676,
    "N8": 1.0300397872924805,
    "N9": 0.0008919239044189453
  },
  "total_execution_time": 1.4006142616271973
}