{
  "mae_non_fe_test": 0.28263680621546305,
  "r2_non_fe_test": 0.8226030583337616,
  "mae_fe_test": 0.19131871500218992,
  "r2_fe_test": 0.841661867428743,
  "run_time_sec": 2.203643798828125,
  "sequence": [
    "N0",
    "N2",
    "N4",
    "N3",
    "N8",
    "N9"
  ],
  "timestamp": "2025-10-07 00:25:08",
  "execution_times": {
    "N0": 0.24203801155090332,
    "N2": 0.06243538856506348,
    "N4": 0.012591838836669922,
    "N3": 0.03991389274597168,
    "N8": 1.8440415859222412,
    "N9": 3.5762786865234375e-06
  },
  "total_execution_time": 2.201024293899536
}