{
  "mae_non_fe_test": 0.27142618384917033,
  "r2_non_fe_test": 0.803048538348919,
  "mae_fe_test": 0.19787157583818743,
  "r2_fe_test": 0.8561384163879446,
  "run_time_sec": 10.03483247756958,
  "sequence": [
    "N0",
    "N2",
    "N3",
    "N5",
    "N1",
    "N6",
    "N7",
    "N4",
    "N8",
    "N9"
  ],
  "timestamp": "2025-10-07 00:45:06",
  "execution_times": {
    "N0": 0.24152421951293945,
    "N2": 0.07459187507629395,
    "N3": 0.013534069061279297,
    "N5": 0.0005621910095214844,
    "N1": 0.04534506797790527,
    "N6": 0.010446786880493164,
    "N7": 0.014139413833618164,
    "N4": 0.012037277221679688,
    "N8": 9.619296789169312,
    "N9": 0.00041937828063964844
  },
  "total_execution_time": 10.031897068023682
}