{
  "mae_non_fe_test": 0.28016900665200994,
  "r2_non_fe_test": 0.7932237446706184,
  "mae_fe_test": 0.30280131456254367,
  "r2_fe_test": 0.7343355871081662,
  "run_time_sec": 2.9630331993103027,
  "sequence": [
    "N0",
    "N2",
    "N5",
    "N3",
    "N1",
    "N4",
    "N7",
    "N8",
    "N9"
  ],
  "timestamp": "2025-10-07 01:11:43",
  "execution_times": {
    "N0": 0.3095858097076416,
    "N2": 0.07965660095214844,
    "N5": 0.0006165504455566406,
    "N3": 0.04609179496765137,
    "N1": 0.011679410934448242,
    "N4": 0.012604236602783203,
    "N7": 0.007134914398193359,
    "N8": 2.487785816192627,
    "N9": 0.0010378360748291016
  },
  "total_execution_time": 2.956192970275879
}