{
  "mae_non_fe_test": 0.2683859135758139,
  "r2_non_fe_test": 0.8447408583420116,
  "mae_fe_test": 0.21000984451037394,
  "r2_fe_test": 0.8277640211083066,
  "run_time_sec": 1.3151779174804688,
  "sequence": [
    "N0",
    "N2",
    "N8",
    "N9"
  ],
  "timestamp": "2025-10-07 00:04:07",
  "execution_times": {
    "N0": 0.22539758682250977,
    "N2": 0.06409692764282227,
    "N8": 1.0217599868774414,
    "N9": 8.106231689453125e-06
  },
  "total_execution_time": 1.311262607574463
}