{
  "mae_non_fe_test": 0.2621277983048985,
  "r2_non_fe_test": 0.8314605910958257,
  "mae_fe_test": 0.19992035437167852,
  "r2_fe_test": 0.8557960566729467,
  "run_time_sec": 17.154319047927856,
  "sequence": [
    "N0",
    "N2",
    "N5",
    "N7",
    "N4",
    "N3",
    "N8",
    "N9"
  ],
  "timestamp": "2025-10-12 00:45:23",
  "execution_times": {
    "N0": 0.45734429359436035,
    "N2": 0.07860469818115234,
    "N5": 0.0006237030029296875,
    "N7": 0.06506824493408203,
    "N4": 0.013513803482055664,
    "N3": 0.011871337890625,
    "N8": 16.52080774307251,
    "N9": 0.0010819435119628906
  },
  "total_execution_time": 17.148915767669678
}