{
  "mae_non_fe_test": 0.29105980314111496,
  "r2_non_fe_test": 0.7914923979893169,
  "mae_fe_test": 0.18985547675994893,
  "r2_fe_test": 0.843415264213993,
  "run_time_sec": 2.599783420562744,
  "sequence": [
    "N0",
    "N2",
    "N3",
    "N4",
    "N6",
    "N1",
    "N5",
    "N7",
    "N8",
    "N9"
  ],
  "timestamp": "2025-10-07 00:51:02",
  "execution_times": {
    "N0": 0.5507473945617676,
    "N2": 0.08516597747802734,
    "N3": 0.05383729934692383,
    "N4": 0.015634775161743164,
    "N6": 0.012358427047729492,
    "N1": 0.0338442325592041,
    "N5": 0.0005867481231689453,
    "N7": 0.033418893814086914,
    "N8": 1.8097119331359863,
    "N9": 0.0007064342498779297
  },
  "total_execution_time": 2.5960121154785156
}