{
  "mae_non_fe_test": 0.29179595448111767,
  "r2_non_fe_test": 0.7872289235963517,
  "mae_fe_test": 0.18306545972340482,
  "r2_fe_test": 0.8430653699873556,
  "run_time_sec": 2.802929401397705,
  "sequence": [
    "N0",
    "N2",
    "N1",
    "N4",
    "N5",
    "N8",
    "N9"
  ],
  "timestamp": "2025-10-07 01:10:35",
  "execution_times": {
    "N0": 0.32726383209228516,
    "N2": 0.09384465217590332,
    "N1": 0.03329658508300781,
    "N4": 0.01761484146118164,
    "N5": 0.0011615753173828125,
    "N8": 2.323939085006714,
    "N9": 0.0006954669952392578
  },
  "total_execution_time": 2.797816038131714
}