{
  "mae_non_fe_test": 0.26683086555971136,
  "r2_non_fe_test": 0.8302414065557537,
  "mae_fe_test": 0.265239392817771,
  "r2_fe_test": 0.7869150279523378,
  "run_time_sec": 2.3174004554748535,
  "sequence": [
    "N0",
    "N2",
    "N8",
    "N9"
  ],
  "timestamp": "2025-10-07 00:08:57",
  "execution_times": {
    "N0": 0.32909464836120605,
    "N2": 0.10376453399658203,
    "N8": 1.8806755542755127,
    "N9": 5.245208740234375e-06
  },
  "total_execution_time": 2.313539981842041
}