{
  "mae_non_fe_test": 0.26683086555971136,
  "r2_non_fe_test": 0.8302414065557537,
  "mae_fe_test": 0.265239392817771,
  "r2_fe_test": 0.7869150279523378,
  "run_time_sec": 1.9035296440124512,
  "sequence": [
    "N0",
    "N2",
    "N8",
    "N9"
  ],
  "timestamp": "2025-10-07 00:23:48",
  "execution_times": {
    "N0": 0.24692606925964355,
    "N2": 0.06810402870178223,
    "N8": 1.5845015048980713,
    "N9": 4.5299530029296875e-06
  },
  "total_execution_time": 1.8995361328125
}