{
  "mae_non_fe_test": 0.2577938497033297,
  "r2_non_fe_test": 0.8458309912153467,
  "mae_fe_test": 0.24178517259547125,
  "r2_fe_test": 0.799602623871281,
  "run_time_sec": 12.56336784362793,
  "sequence": [
    "N0",
    "N2",
    "N1",
    "N3",
    "N8",
    "N9"
  ],
  "timestamp": "2025-10-07 00:07:40",
  "execution_times": {
    "N0": 0.2617053985595703,
    "N2": 0.06578421592712402,
    "N1": 0.05556154251098633,
    "N3": 6.9141387939453125e-06,
    "N8": 12.178485870361328,
    "N9": 4.291534423828125e-06
  },
  "total_execution_time": 12.561548233032227
}