{
  "mae_non_fe_test": 0.27954314276187486,
  "r2_non_fe_test": 0.8217337362715936,
  "mae_fe_test": 0.19452389224022187,
  "r2_fe_test": 0.8381790286823223,
  "run_time_sec": 2.679764986038208,
  "sequence": [
    "N0",
    "N2",
    "N8",
    "N9"
  ],
  "timestamp": "2025-10-07 00:11:33",
  "execution_times": {
    "N0": 0.5092833042144775,
    "N2": 0.0647134780883789,
    "N8": 2.103389024734497,
    "N9": 2.86102294921875e-06
  },
  "total_execution_time": 2.6773886680603027
}