{
  "mae_non_fe_test": 0.292150210197905,
  "r2_non_fe_test": 0.8105531640564826,
  "mae_fe_test": 0.25721210603932104,
  "r2_fe_test": 0.8063833057800558,
  "run_time_sec": 5.91431188583374,
  "sequence": [
    "N0",
    "N2",
    "N1",
    "N7",
    "N6",
    "N5",
    "N8",
    "N9"
  ],
  "timestamp": "2025-10-07 00:49:23",
  "execution_times": {
    "N0": 0.3185720443725586,
    "N2": 0.0907750129699707,
    "N1": 0.04007697105407715,
    "N7": 0.02055835723876953,
    "N6": 0.012853145599365234,
    "N5": 0.0007038116455078125,
    "N8": 5.427379131317139,
    "N9": 0.0005362033843994141
  },
  "total_execution_time": 5.911454677581787
}