{
  "mae_non_fe_test": 0.8070250233357865,
  "r2_non_fe_test": -0.3581970991729997,
  "mae_fe_test": 0.8975003252987244,
  "r2_fe_test": -1.3866624165153634,
  "run_time_sec": 1.5181481838226318,
  "sequence": [
    "N0",
    "N2",
    "N5",
    "N4",
    "N3",
    "N1",
    "N6",
    "N7",
    "N8",
    "N9"
  ],
  "timestamp": "2025-10-07 01:09:51",
  "execution_times": {
    "N0": 0.4704759120941162,
    "N2": 0.06905078887939453,
    "N5": 0.0005307197570800781,
    "N4": 0.014352560043334961,
    "N3": 0.01005411148071289,
    "N1": 0.011118412017822266,
    "N6": 0.010953903198242188,
    "N7": 0.0024404525756835938,
    "N8": 0.9258620738983154,
    "N9": 0.0004975795745849609
  },
  "total_execution_time": 1.515336513519287
}