{
  "mae_non_fe_test": 0.2755604898195772,
  "r2_non_fe_test": 0.8210564735407535,
  "mae_fe_test": 0.23304706353115756,
  "r2_fe_test": 0.7958067887159082,
  "run_time_sec": 2.2895021438598633,
  "sequence": [
    "N0",
    "N2",
    "N8",
    "N9"
  ],
  "timestamp": "2025-10-12 00:46:16",
  "execution_times": {
    "N0": 0.5485200881958008,
    "N2": 0.09939074516296387,
    "N8": 1.6370046138763428,
    "N9": 0.0008268356323242188
  },
  "total_execution_time": 2.2857422828674316
}