{
  "mae_non_fe_test": 0.29298094133111724,
  "r2_non_fe_test": 0.7840852450112903,
  "mae_fe_test": 0.18718379279472308,
  "r2_fe_test": 0.8419512167290091,
  "run_time_sec": 2.7497825622558594,
  "sequence": [
    "N0",
    "N2",
    "N4",
    "N1",
    "N7",
    "N8",
    "N9"
  ],
  "timestamp": "2025-10-07 00:04:17",
  "execution_times": {
    "N0": 0.3133227825164795,
    "N2": 0.1049506664276123,
    "N4": 0.016226530075073242,
    "N1": 0.0572817325592041,
    "N7": 0.007612705230712891,
    "N8": 2.2457642555236816,
    "N9": 6.198883056640625e-06
  },
  "total_execution_time": 2.7451648712158203
}