{
  "mae_non_fe_test": 0.2971153644886631,
  "r2_non_fe_test": 0.8134497952575643,
  "mae_fe_test": 0.19723532055537976,
  "r2_fe_test": 0.8344615617394527,
  "run_time_sec": 2.029794692993164,
  "sequence": [
    "N0",
    "N2",
    "N8",
    "N9"
  ],
  "timestamp": "2025-10-07 00:07:54",
  "execution_times": {
    "N0": 0.409665584564209,
    "N2": 0.054720401763916016,
    "N8": 1.5629463195800781,
    "N9": 5.7220458984375e-06
  },
  "total_execution_time": 2.0273380279541016
}