{
  "mae_non_fe_test": 0.28169062851994,
  "r2_non_fe_test": 0.8190828502832879,
  "mae_fe_test": 0.25411849149649773,
  "r2_fe_test": 0.7822631644635166,
  "run_time_sec": 9.885351657867432,
  "sequence": [
    "N0",
    "N2",
    "N4",
    "N7",
    "N5",
    "N1",
    "N8",
    "N9"
  ],
  "timestamp": "2025-10-07 00:58:55",
  "execution_times": {
    "N0": 0.28865742683410645,
    "N2": 0.09508466720581055,
    "N4": 0.020307540893554688,
    "N7": 0.015649080276489258,
    "N5": 0.0008053779602050781,
    "N1": 0.05410027503967285,
    "N8": 9.407646894454956,
    "N9": 0.00045299530029296875
  },
  "total_execution_time": 9.882704257965088
}