{
  "mae_non_fe_test": 0.2684311160138088,
  "r2_non_fe_test": 0.8312487847278899,
  "mae_fe_test": 0.18289543322781054,
  "r2_fe_test": 0.8455878132547135,
  "run_time_sec": 3.1837244033813477,
  "sequence": [
    "N0",
    "N2",
    "N8",
    "N9"
  ],
  "timestamp": "2025-10-07 00:54:35",
  "execution_times": {
    "N0": 0.32813310623168945,
    "N2": 0.08224153518676758,
    "N8": 2.7700350284576416,
    "N9": 0.0008165836334228516
  },
  "total_execution_time": 3.1812262535095215
}