{
  "mae_non_fe_test": 0.2743865757720664,
  "r2_non_fe_test": 0.7807123488783503,
  "mae_fe_test": 0.24692947514351002,
  "r2_fe_test": 0.8063483312226529,
  "run_time_sec": 17.092556715011597,
  "sequence": [
    "N0",
    "N2",
    "N4",
    "N3",
    "N1",
    "N8",
    "N9"
  ],
  "timestamp": "2025-10-07 00:04:04",
  "execution_times": {
    "N0": 0.21858525276184082,
    "N2": 0.0601503849029541,
    "N4": 0.01235818862915039,
    "N3": 0.012827157974243164,
    "N1": 0.06685686111450195,
    "N8": 16.71921682357788,
    "N9": 4.0531158447265625e-06
  },
  "total_execution_time": 17.089998722076416
}