{
  "mae_non_fe_test": 0.27802729288589156,
  "r2_non_fe_test": 0.8268136352503689,
  "mae_fe_test": 0.19635129844973467,
  "r2_fe_test": 0.8340423138695872,
  "run_time_sec": 2.534686803817749,
  "sequence": [
    "N0",
    "N2",
    "N7",
    "N8",
    "N9"
  ],
  "timestamp": "2025-10-07 00:14:15",
  "execution_times": {
    "N0": 0.299485445022583,
    "N2": 0.07417964935302734,
    "N7": 0.03648114204406738,
    "N8": 2.1222355365753174,
    "N9": 2.384185791015625e-06
  },
  "total_execution_time": 2.532384157180786
}