{
  "mae_non_fe_test": 0.2662065025607744,
  "r2_non_fe_test": 0.8350997202985464,
  "mae_fe_test": 0.18173624690976897,
  "r2_fe_test": 0.8739163730951229,
  "run_time_sec": 1.5770759582519531,
  "sequence": [
    "N0",
    "N2",
    "N3",
    "N1",
    "N8",
    "N9"
  ],
  "timestamp": "2025-10-07 00:22:49",
  "execution_times": {
    "N0": 0.2604036331176758,
    "N2": 0.06425738334655762,
    "N3": 0.042830705642700195,
    "N1": 0.015619993209838867,
    "N8": 1.189438819885254,
    "N9": 6.198883056640625e-06
  },
  "total_execution_time": 1.572556734085083
}