{
  "mae_non_fe_test": 0.2796139830945317,
  "r2_non_fe_test": 0.8218134649988134,
  "mae_fe_test": 0.19274111533113433,
  "r2_fe_test": 0.8389133064527213,
  "run_time_sec": 2.50872802734375,
  "sequence": [
    "N0",
    "N2",
    "N8",
    "N9"
  ],
  "timestamp": "2025-10-07 00:12:22",
  "execution_times": {
    "N0": 0.2620971202850342,
    "N2": 0.06468629837036133,
    "N8": 2.1793012619018555,
    "N9": 4.76837158203125e-06
  },
  "total_execution_time": 2.506089448928833
}