{
  "mae_non_fe_test": 0.25478384331007153,
  "r2_non_fe_test": 0.8453974553363285,
  "mae_fe_test": 0.26535536530777687,
  "r2_fe_test": 0.797583664271658,
  "run_time_sec": 13.465981483459473,
  "sequence": [
    "N0",
    "N2",
    "N8",
    "N9"
  ],
  "timestamp": "2025-10-07 00:42:44",
  "execution_times": {
    "N0": 0.37827634811401367,
    "N2": 0.12200355529785156,
    "N8": 12.963533639907837,
    "N9": 0.0005156993865966797
  },
  "total_execution_time": 13.464329242706299
}