{
  "mae_non_fe_test": 0.2684007348472805,
  "r2_non_fe_test": 0.8408764548125456,
  "mae_fe_test": 0.22028070432973723,
  "r2_fe_test": 0.817204024640248,
  "run_time_sec": 1.5869154930114746,
  "sequence": [
    "N0",
    "N2",
    "N8",
    "N9"
  ],
  "timestamp": "2025-10-07 00:58:26",
  "execution_times": {
    "N0": 0.40973639488220215,
    "N2": 0.12247896194458008,
    "N8": 1.0503628253936768,
    "N9": 0.0006997585296630859
  },
  "total_execution_time": 1.583277940750122
}