{
  "mae_non_fe_test": 0.31830471801382143,
  "r2_non_fe_test": 0.7192391338985261,
  "mae_fe_test": 0.2353145431007238,
  "r2_fe_test": 0.8272999034061177,
  "run_time_sec": 5.783190965652466,
  "sequence": [
    "N0",
    "N2",
    "N5",
    "N1",
    "N6",
    "N4",
    "N7",
    "N8",
    "N9"
  ],
  "timestamp": "2025-10-07 01:10:57",
  "execution_times": {
    "N0": 0.30085134506225586,
    "N2": 0.08336782455444336,
    "N5": 0.0005500316619873047,
    "N1": 0.02435302734375,
    "N6": 0.006200313568115234,
    "N4": 0.009300470352172852,
    "N7": 0.007209300994873047,
    "N8": 5.3484344482421875,
    "N9": 0.0005011558532714844
  },
  "total_execution_time": 5.780767917633057
}