{
  "mae_non_fe_test": null,
  "r2_non_fe_test": null,
  "mae_fe_test": null,
  "r2_fe_test": null,
  "run_time_sec": 0.5035147666931152,
  "sequence": [
    "N0",
    "N2",
    "N8",
    "N9"
  ],
  "timestamp": "2025-10-07 00:24:38",
  "execution_times": {
    "N0": 0.43948912620544434,
    "N2": 0.059006690979003906,
    "N8": 0.004824638366699219,
    "N9": 3.0994415283203125e-06
  },
  "total_execution_time": 0.5033235549926758,
  "error": "The 'y_pred' parameter of mean_absolute_error must be an array-like. Got None instead."
}