{
  "mae_non_fe_test": 0.5932089173298797,
  "r2_non_fe_test": 0.15803821975658705,
  "mae_fe_test": 0.22521408894248598,
  "r2_fe_test": 0.8074290056408373,
  "run_time_sec": 1.4247994422912598,
  "sequence": [
    "N0",
    "N2",
    "N5",
    "N7",
    "N1",
    "N4",
    "N6",
    "N3",
    "N8",
    "N9"
  ],
  "timestamp": "2025-10-07 00:54:37",
  "execution_times": {
    "N0": 0.30179333686828613,
    "N2": 0.09404850006103516,
    "N5": 0.0006051063537597656,
    "N7": 0.01979231834411621,
    "N1": 0.08449077606201172,
    "N4": 0.021197795867919922,
    "N6": 0.014490127563476562,
    "N3": 0.002101898193359375,
    "N8": 0.8828809261322021,
    "N9": 0.0005755424499511719
  },
  "total_execution_time": 1.4219763278961182
}