{
  "mae_non_fe_test": 0.2714145417361537,
  "r2_non_fe_test": 0.8286727306526797,
  "mae_fe_test": 0.24727117247806074,
  "r2_fe_test": 0.8135710495989402,
  "run_time_sec": 8.309152364730835,
  "sequence": [
    "N0",
    "N2",
    "N5",
    "N1",
    "N4",
    "N7",
    "N6",
    "N3",
    "N8",
    "N9"
  ],
  "timestamp": "2025-10-12 00:46:06",
  "execution_times": {
    "N0": 1.260730266571045,
    "N2": 0.09572792053222656,
    "N5": 0.0007791519165039062,
    "N1": 0.02774357795715332,
    "N4": 0.016623735427856445,
    "N7": 0.01026773452758789,
    "N6": 0.007151365280151367,
    "N3": 0.031302452087402344,
    "N8": 6.854596138000488,
    "N9": 0.0006227493286132812
  },
  "total_execution_time": 8.305545091629028
}