{
  "mae_non_fe_test": 0.2744064447361612,
  "r2_non_fe_test": 0.8255689743275063,
  "mae_fe_test": 0.24500247786623325,
  "r2_fe_test": 0.7848134201940653,
  "run_time_sec": 1.6659812927246094,
  "sequence": [
    "N0",
    "N2",
    "N8",
    "N9"
  ],
  "timestamp": "2025-10-07 00:09:23",
  "execution_times": {
    "N0": 0.36287713050842285,
    "N2": 0.055490970611572266,
    "N8": 1.2434535026550293,
    "N9": 5.245208740234375e-06
  },
  "total_execution_time": 1.6618268489837646
}