{
  "mae_non_fe_test": 0.29071237593579824,
  "r2_non_fe_test": 0.7904272558482677,
  "mae_fe_test": 0.2525492941861997,
  "r2_fe_test": 0.7942769653137994,
  "run_time_sec": 1.2328126430511475,
  "sequence": [
    "N0",
    "N2",
    "N4",
    "N6",
    "N1",
    "N7",
    "N5",
    "N8",
    "N9"
  ],
  "timestamp": "2025-10-12 00:46:14",
  "execution_times": {
    "N0": 0.30911755561828613,
    "N2": 0.08018088340759277,
    "N4": 0.01568460464477539,
    "N6": 0.006122589111328125,
    "N1": 0.007137775421142578,
    "N7": 0.00447845458984375,
    "N5": 0.0006022453308105469,
    "N8": 0.8034248352050781,
    "N9": 0.0012974739074707031
  },
  "total_execution_time": 1.2280464172363281
}