{
  "mae_non_fe_test": 0.26911453098441995,
  "r2_non_fe_test": 0.8220353660653157,
  "mae_fe_test": 0.21457186411280238,
  "r2_fe_test": 0.8273943812903075,
  "run_time_sec": 2.0017080307006836,
  "sequence": [
    "N0",
    "N2",
    "N1",
    "N4",
    "N7",
    "N8",
    "N9"
  ],
  "timestamp": "2025-10-07 00:54:48",
  "execution_times": {
    "N0": 0.3269939422607422,
    "N2": 0.08412790298461914,
    "N1": 0.06096959114074707,
    "N4": 0.015426874160766602,
    "N7": 0.013618230819702148,
    "N8": 1.495025396347046,
    "N9": 0.0008955001831054688
  },
  "total_execution_time": 1.9970574378967285
}