{
  "mae_non_fe_test": 0.2701056490758862,
  "r2_non_fe_test": 0.8308417181983081,
  "mae_fe_test": 0.26623464617827963,
  "r2_fe_test": 0.7869882930310461,
  "run_time_sec": 2.309650421142578,
  "sequence": [
    "N0",
    "N2",
    "N8",
    "N9"
  ],
  "timestamp": "2025-10-07 00:57:54",
  "execution_times": {
    "N0": 0.2749300003051758,
    "N2": 0.09511566162109375,
    "N8": 1.9341092109680176,
    "N9": 0.0008382797241210938
  },
  "total_execution_time": 2.304993152618408
}