{
  "mae_non_fe_test": 0.28940122721432165,
  "r2_non_fe_test": 0.8039509005357155,
  "mae_fe_test": 0.24784128575161637,
  "r2_fe_test": 0.8033156809551141,
  "run_time_sec": 1.3620176315307617,
  "sequence": [
    "N0",
    "N2",
    "N1",
    "N6",
    "N8",
    "N9"
  ],
  "timestamp": "2025-10-07 00:22:10",
  "execution_times": {
    "N0": 0.29047250747680664,
    "N2": 0.07783818244934082,
    "N1": 0.06319308280944824,
    "N6": 0.004841327667236328,
    "N8": 0.9212079048156738,
    "N9": 5.0067901611328125e-06
  },
  "total_execution_time": 1.357558012008667
}