{
  "mae_non_fe_test": 0.2706232693214764,
  "r2_non_fe_test": 0.8400104240021518,
  "mae_fe_test": 0.1947643438080633,
  "r2_fe_test": 0.8413163344936638,
  "run_time_sec": 8.350326299667358,
  "sequence": [
    "N0",
    "N2",
    "N7",
    "N3",
    "N6",
    "N8",
    "N9"
  ],
  "timestamp": "2025-10-07 00:52:48",
  "execution_times": {
    "N0": 0.2762305736541748,
    "N2": 0.0752573013305664,
    "N7": 0.02264404296875,
    "N3": 0.010767221450805664,
    "N6": 0.010298013687133789,
    "N8": 7.952519655227661,
    "N9": 0.00037097930908203125
  },
  "total_execution_time": 8.348087787628174
}