{
  "mae_non_fe_test": 0.2697993248780984,
  "r2_non_fe_test": 0.8170273599959426,
  "mae_fe_test": 0.27213119858254564,
  "r2_fe_test": 0.7914321626801204,
  "run_time_sec": 1.7731363773345947,
  "sequence": [
    "N0",
    "N2",
    "N4",
    "N8",
    "N9"
  ],
  "timestamp": "2025-10-07 00:04:10",
  "execution_times": {
    "N0": 0.2436370849609375,
    "N2": 0.06615591049194336,
    "N4": 0.013018608093261719,
    "N8": 1.446288824081421,
    "N9": 7.3909759521484375e-06
  },
  "total_execution_time": 1.7691078186035156
}