{
  "mae_non_fe_test": 0.2885733880712207,
  "r2_non_fe_test": 0.8206815031590357,
  "mae_fe_test": 0.18946523360201162,
  "r2_fe_test": 0.8439490215587375,
  "run_time_sec": 2.336214303970337,
  "sequence": [
    "N0",
    "N2",
    "N3",
    "N8",
    "N9"
  ],
  "timestamp": "2025-10-07 00:11:00",
  "execution_times": {
    "N0": 0.45548319816589355,
    "N2": 0.0613093376159668,
    "N3": 0.03935408592224121,
    "N8": 1.7776002883911133,
    "N9": 5.0067901611328125e-06
  },
  "total_execution_time": 2.333751916885376
}