{
  "mae_non_fe_test": null,
  "r2_non_fe_test": null,
  "mae_fe_test": null,
  "r2_fe_test": null,
  "run_time_sec": 0.26737332344055176,
  "sequence": [
    "N0",
    "N2",
    "N4",
    "N8",
    "N9"
  ],
  "timestamp": "2025-10-07 00:25:04",
  "execution_times": {
    "N0": 0.19287395477294922,
    "N2": 0.05928444862365723,
    "N4": 0.012546777725219727,
    "N8": 0.0024847984313964844,
    "N9": 2.6226043701171875e-06
  },
  "total_execution_time": 0.2671926021575928,
  "error": "The 'y_pred' parameter of mean_absolute_error must be an array-like. Got None instead."
}