{
  "mae_non_fe_test": 0.31844452237576465,
  "r2_non_fe_test": 0.7657173480325863,
  "mae_fe_test": 0.18789133785003925,
  "r2_fe_test": 0.8435643334044016,
  "run_time_sec": 1.559373140335083,
  "sequence": [
    "N0",
    "N2",
    "N1",
    "N4",
    "N6",
    "N8",
    "N9"
  ],
  "timestamp": "2025-10-07 00:23:33",
  "execution_times": {
    "N0": 0.2739267349243164,
    "N2": 0.06670355796813965,
    "N1": 0.053682804107666016,
    "N4": 0.013983726501464844,
    "N6": 0.005455732345581055,
    "N8": 1.141770601272583,
    "N9": 4.291534423828125e-06
  },
  "total_execution_time": 1.5555274486541748
}