{
  "mae_non_fe_test": 0.2943841476075127,
  "r2_non_fe_test": 0.8155709837677293,
  "mae_fe_test": 0.18832848066552757,
  "r2_fe_test": 0.8403981850047051,
  "run_time_sec": 2.260943651199341,
  "sequence": [
    "N0",
    "N2",
    "N1",
    "N8",
    "N9"
  ],
  "timestamp": "2025-10-07 00:57:11",
  "execution_times": {
    "N0": 0.27255940437316895,
    "N2": 0.07802176475524902,
    "N1": 0.02665233612060547,
    "N8": 1.879594326019287,
    "N9": 0.0007588863372802734
  },
  "total_execution_time": 2.257586717605591
}