{
  "mae_non_fe_test": 0.2685864765891425,
  "r2_non_fe_test": 0.8307296275854391,
  "mae_fe_test": 0.18623735280497064,
  "r2_fe_test": 0.8432521837483428,
  "run_time_sec": 3.02980899810791,
  "sequence": [
    "N0",
    "N2",
    "N8",
    "N9"
  ],
  "timestamp": "2025-10-07 00:14:38",
  "execution_times": {
    "N0": 0.2227323055267334,
    "N2": 0.06271052360534668,
    "N8": 2.7417850494384766,
    "N9": 4.5299530029296875e-06
  },
  "total_execution_time": 3.0272324085235596
}