{
  "mae_non_fe_test": null,
  "r2_non_fe_test": null,
  "mae_fe_test": null,
  "r2_fe_test": null,
  "run_time_sec": 0.36701130867004395,
  "sequence": [
    "N0",
    "N2",
    "N8",
    "N9"
  ],
  "timestamp": "2025-10-07 00:19:56",
  "execution_times": {
    "N0": 0.29567646980285645,
    "N2": 0.06594300270080566,
    "N8": 0.005187034606933594,
    "N9": 2.6226043701171875e-06
  },
  "total_execution_time": 0.3668091297149658,
  "error": "The 'y_pred' parameter of mean_absolute_error must be an array-like. Got None instead."
}