{
  "mae_non_fe_test": 0.27564798420431474,
  "r2_non_fe_test": 0.8378373111974666,
  "mae_fe_test": 0.21410480687942493,
  "r2_fe_test": 0.8158545808457284,
  "run_time_sec": 1.4647164344787598,
  "sequence": [
    "N0",
    "N2",
    "N8",
    "N9"
  ],
  "timestamp": "2025-10-07 00:07:56",
  "execution_times": {
    "N0": 0.3295919895172119,
    "N2": 0.08216261863708496,
    "N8": 1.0489020347595215,
    "N9": 5.9604644775390625e-06
  },
  "total_execution_time": 1.460662603378296
}