{
  "mae_non_fe_test": 0.32660075927971355,
  "r2_non_fe_test": 0.7474777182523205,
  "mae_fe_test": 0.3131273793921623,
  "r2_fe_test": 0.7210672126171794,
  "run_time_sec": 1.292102336883545,
  "sequence": [
    "N0",
    "N2",
    "N1",
    "N3",
    "N6",
    "N7",
    "N4",
    "N5",
    "N8",
    "N9"
  ],
  "timestamp": "2025-10-07 00:57:03",
  "execution_times": {
    "N0": 0.26127052307128906,
    "N2": 0.08037400245666504,
    "N1": 0.03236865997314453,
    "N3": 0.0005671977996826172,
    "N6": 0.005968332290649414,
    "N7": 0.007735729217529297,
    "N4": 0.006399869918823242,
    "N5": 0.0005185604095458984,
    "N8": 0.8907909393310547,
    "N9": 0.0009522438049316406
  },
  "total_execution_time": 1.2869460582733154
}