{
  "mae_non_fe_test": 0.2809644371804105,
  "r2_non_fe_test": 0.8324291835321909,
  "mae_fe_test": 0.23316131843026983,
  "r2_fe_test": 0.819626148993569,
  "run_time_sec": 1.8046941757202148,
  "sequence": [
    "N0",
    "N2",
    "N1",
    "N8",
    "N9"
  ],
  "timestamp": "2025-10-07 00:05:01",
  "execution_times": {
    "N0": 0.3497600555419922,
    "N2": 0.08984827995300293,
    "N1": 0.041785240173339844,
    "N8": 1.3191351890563965,
    "N9": 5.0067901611328125e-06
  },
  "total_execution_time": 1.8005337715148926
}