{
  "mae_non_fe_test": 0.2794928752260487,
  "r2_non_fe_test": 0.8302796681175618,
  "mae_fe_test": 0.17491133961674854,
  "r2_fe_test": 0.8613417832218622,
  "run_time_sec": 0.9994359016418457,
  "sequence": [
    "N0",
    "N2",
    "N4",
    "N1",
    "N3",
    "N6",
    "N7",
    "N8",
    "N9"
  ],
  "timestamp": "2025-10-07 00:05:49",
  "execution_times": {
    "N0": 0.2704811096191406,
    "N2": 0.06837081909179688,
    "N4": 0.016339540481567383,
    "N1": 0.05275464057922363,
    "N3": 0.009837627410888672,
    "N6": 0.011968851089477539,
    "N7": 0.02729964256286621,
    "N8": 0.5373318195343018,
    "N9": 6.9141387939453125e-06
  },
  "total_execution_time": 0.9943909645080566
}