{
  "mae_non_fe_test": 0.27763573537651826,
  "r2_non_fe_test": 0.8352006111737171,
  "mae_fe_test": 0.2345606326645598,
  "r2_fe_test": 0.7889004248736061,
  "run_time_sec": 0.9034874439239502,
  "sequence": [
    "N0",
    "N2",
    "N1",
    "N8",
    "N9"
  ],
  "timestamp": "2025-10-07 01:10:04",
  "execution_times": {
    "N0": 0.18090224266052246,
    "N2": 0.05914449691772461,
    "N1": 0.020801782608032227,
    "N8": 0.6380922794342041,
    "N9": 0.0008847713470458984
  },
  "total_execution_time": 0.8998255729675293
}