{
  "mae_non_fe_test": 0.4461927911871385,
  "r2_non_fe_test": 0.6860179351812117,
  "mae_fe_test": 0.27899486023475234,
  "r2_fe_test": 0.7445978857873277,
  "run_time_sec": 0.6859948635101318,
  "sequence": [
    "N0",
    "N2",
    "N1",
    "N3",
    "N6",
    "N7",
    "N8",
    "N9"
  ],
  "timestamp": "2025-09-01 10:27:44",
  "execution_times": {
    "N0": 0.24171853065490723,
    "N2": 0.07403945922851562,
    "N1": 0.01999950408935547,
    "N3": 0.03518390655517578,
    "N6": 0.01660895347595215,
    "N7": 0.0,
    "N8": 0.2984445095062256,
    "N9": 0.0
  },
  "total_execution_time": 0.6859948635101318
}