{
  "mae_non_fe_test": 0.29408891681262134,
  "r2_non_fe_test": 0.8161379977014998,
  "mae_fe_test": 0.18627363399655592,
  "r2_fe_test": 0.841269771807916,
  "run_time_sec": 2.1707592010498047,
  "sequence": [
    "N0",
    "N2",
    "N8",
    "N9"
  ],
  "timestamp": "2025-10-07 00:54:40",
  "execution_times": {
    "N0": 0.2618584632873535,
    "N2": 0.07761359214782715,
    "N8": 1.8278920650482178,
    "N9": 0.0005638599395751953
  },
  "total_execution_time": 2.1679279804229736
}