{
  "mae_non_fe_test": 0.27855005571063307,
  "r2_non_fe_test": 0.8122143169024388,
  "mae_fe_test": 0.2623159950646528,
  "r2_fe_test": 0.8084905141040348,
  "run_time_sec": 0.9526870250701904,
  "sequence": [
    "N0",
    "N2",
    "N4",
    "N3",
    "N5",
    "N1",
    "N6",
    "N7",
    "N8",
    "N9"
  ],
  "timestamp": "2025-10-07 00:47:57",
  "execution_times": {
    "N0": 0.21934032440185547,
    "N2": 0.06682705879211426,
    "N4": 0.014718770980834961,
    "N3": 0.014215230941772461,
    "N5": 0.0005688667297363281,
    "N1": 0.011385917663574219,
    "N6": 0.0066149234771728516,
    "N7": 0.007664203643798828,
    "N8": 0.6052331924438477,
    "N9": 0.0008652210235595703
  },
  "total_execution_time": 0.9474337100982666
}