{
  "mae_non_fe_test": 0.3045817332420479,
  "r2_non_fe_test": 0.8051539713713078,
  "mae_fe_test": 0.2132418570173383,
  "r2_fe_test": 0.8206511235047902,
  "run_time_sec": 1.983076572418213,
  "sequence": [
    "N0",
    "N2",
    "N7",
    "N3",
    "N8",
    "N9"
  ],
  "timestamp": "2025-10-07 00:23:26",
  "execution_times": {
    "N0": 0.2456672191619873,
    "N2": 0.06171846389770508,
    "N7": 0.04972720146179199,
    "N3": 0.01117253303527832,
    "N8": 1.6115219593048096,
    "N9": 4.0531158447265625e-06
  },
  "total_execution_time": 1.979811429977417
}