{
  "mae_non_fe_test": 0.26908849039607025,
  "r2_non_fe_test": 0.8335249474431061,
  "mae_fe_test": 0.24498088721973404,
  "r2_fe_test": 0.8135990456969362,
  "run_time_sec": 1.741896152496338,
  "sequence": [
    "N0",
    "N2",
    "N3",
    "N8",
    "N9"
  ],
  "timestamp": "2025-10-07 01:09:49",
  "execution_times": {
    "N0": 0.21888279914855957,
    "N2": 0.0657358169555664,
    "N3": 0.0006086826324462891,
    "N8": 1.4521026611328125,
    "N9": 0.0007612705230712891
  },
  "total_execution_time": 1.738091230392456
}