{
  "mae_non_fe_test": 0.2810847754915458,
  "r2_non_fe_test": 0.8352840336782383,
  "mae_fe_test": 0.2091244012840006,
  "r2_fe_test": 0.8308486574425148,
  "run_time_sec": 1.3409767150878906,
  "sequence": [
    "N0",
    "N2",
    "N1",
    "N8",
    "N9"
  ],
  "timestamp": "2025-10-07 00:11:24",
  "execution_times": {
    "N0": 0.40115785598754883,
    "N2": 0.06996536254882812,
    "N1": 0.027445316314697266,
    "N8": 0.8381483554840088,
    "N9": 5.7220458984375e-06
  },
  "total_execution_time": 1.3367226123809814
}