{
  "mae_non_fe_test": 0.27165560427919444,
  "r2_non_fe_test": 0.816362462322425,
  "mae_fe_test": 0.2894494556835466,
  "r2_fe_test": 0.7639898528481243,
  "run_time_sec": 2.681735038757324,
  "sequence": [
    "N0",
    "N2",
    "N4",
    "N8",
    "N9"
  ],
  "timestamp": "2025-10-07 00:05:08",
  "execution_times": {
    "N0": 0.5884559154510498,
    "N2": 0.09184050559997559,
    "N4": 0.017951250076293945,
    "N8": 1.9792265892028809,
    "N9": 5.7220458984375e-06
  },
  "total_execution_time": 2.6774799823760986
}