{
  "mae_non_fe_test": 0.27763573537651826,
  "r2_non_fe_test": 0.8352006111737171,
  "mae_fe_test": 0.2345606326645598,
  "r2_fe_test": 0.7889004248736061,
  "run_time_sec": 0.9612085819244385,
  "sequence": [
    "N0",
    "N2",
    "N1",
    "N8",
    "N9"
  ],
  "timestamp": "2025-10-07 00:34:52",
  "execution_times": {
    "N0": 0.20843124389648438,
    "N2": 0.0623774528503418,
    "N1": 0.023462295532226562,
    "N8": 0.662384033203125,
    "N9": 0.0008306503295898438
  },
  "total_execution_time": 0.9574856758117676
}