{
  "mae_non_fe_test": 0.27124269533502154,
  "r2_non_fe_test": 0.8284572693776627,
  "mae_fe_test": 0.1838418018480098,
  "r2_fe_test": 0.8432902333407544,
  "run_time_sec": 2.9210636615753174,
  "sequence": [
    "N0",
    "N2",
    "N7",
    "N3",
    "N8",
    "N9"
  ],
  "timestamp": "2025-10-07 00:14:10",
  "execution_times": {
    "N0": 0.2702031135559082,
    "N2": 0.06780028343200684,
    "N7": 0.029918432235717773,
    "N3": 6.9141387939453125e-06,
    "N8": 2.5507030487060547,
    "N9": 2.86102294921875e-06
  },
  "total_execution_time": 2.9186346530914307
}