{
  "mae_non_fe_test": 0.31121865215078115,
  "r2_non_fe_test": 0.7717174546677004,
  "mae_fe_test": 0.1943505478794799,
  "r2_fe_test": 0.834247549109291,
  "run_time_sec": 2.0541257858276367,
  "sequence": [
    "N0",
    "N2",
    "N5",
    "N4",
    "N7",
    "N8",
    "N9"
  ],
  "timestamp": "2025-10-12 00:46:10",
  "execution_times": {
    "N0": 0.25176191329956055,
    "N2": 0.07523941993713379,
    "N5": 0.00042939186096191406,
    "N4": 0.014229774475097656,
    "N7": 0.044089555740356445,
    "N8": 1.6646018028259277,
    "N9": 0.0007193088531494141
  },
  "total_execution_time": 2.0510711669921875
}