{
  "mae_non_fe_test": 0.28122239728934784,
  "r2_non_fe_test": 0.8207334803183062,
  "mae_fe_test": 0.18738917979474495,
  "r2_fe_test": 0.844397557085774,
  "run_time_sec": 1.9976370334625244,
  "sequence": [
    "N0",
    "N0",
    "N2",
    "N1",
    "N3",
    "N6",
    "N7",
    "N8"
  ],
  "timestamp": "2025-09-01 09:59:19",
  "execution_times": {
    "N0": 0.23587584495544434,
    "N2": 0.06627845764160156,
    "N1": 0.02828049659729004,
    "N3": 0.037485361099243164,
    "N6": 0.00800943374633789,
    "N7": 0.0075109004974365234,
    "N8": 1.6116747856140137,
    "N9": 0.0
  },
  "total_execution_time": 1.9951152801513672
}