{
  "mae_non_fe_test": 0.28939250346777523,
  "r2_non_fe_test": 0.8176916830892013,
  "mae_fe_test": 0.22474826942714998,
  "r2_fe_test": 0.8115015858898471,
  "run_time_sec": 6.927326917648315,
  "sequence": [
    "N0",
    "N2",
    "N1",
    "N8",
    "N9"
  ],
  "timestamp": "2025-10-07 00:35:57",
  "execution_times": {
    "N0": 0.25783872604370117,
    "N2": 0.06914973258972168,
    "N1": 0.05204200744628906,
    "N8": 6.545973062515259,
    "N9": 0.0005061626434326172
  },
  "total_execution_time": 6.925509691238403
}