{
  "mae_non_fe_test": 0.282272317881424,
  "r2_non_fe_test": 0.8111266222075938,
  "mae_fe_test": 0.27592635443355473,
  "r2_fe_test": 0.7744089635989369,
  "run_time_sec": 7.575926780700684,
  "sequence": [
    "N0",
    "N2",
    "N5",
    "N1",
    "N7",
    "N6",
    "N8",
    "N9"
  ],
  "timestamp": "2025-10-07 00:55:13",
  "execution_times": {
    "N0": 0.24436306953430176,
    "N2": 0.07227110862731934,
    "N5": 0.0005083084106445312,
    "N1": 0.061112403869628906,
    "N7": 0.04162430763244629,
    "N6": 0.006359577178955078,
    "N8": 7.146894693374634,
    "N9": 0.0004596710205078125
  },
  "total_execution_time": 7.5735931396484375
}