{
  "mae_non_fe_test": 0.28115535414619086,
  "r2_non_fe_test": 0.8205962624842402,
  "mae_fe_test": 0.1996049255971356,
  "r2_fe_test": 0.8340538359825755,
  "run_time_sec": 2.3859713077545166,
  "sequence": [
    "N0",
    "N2",
    "N8",
    "N9"
  ],
  "timestamp": "2025-10-07 00:14:13",
  "execution_times": {
    "N0": 0.24547052383422852,
    "N2": 0.07235884666442871,
    "N8": 2.0654921531677246,
    "N9": 2.86102294921875e-06
  },
  "total_execution_time": 2.383324384689331
}