{
  "mae_non_fe_test": 0.2895458911432819,
  "r2_non_fe_test": 0.7972453073951581,
  "mae_fe_test": 0.18807274074403071,
  "r2_fe_test": 0.849806000281315,
  "run_time_sec": 2.261946678161621,
  "sequence": [
    "N0",
    "N2",
    "N3",
    "N1",
    "N4",
    "N6",
    "N8",
    "N9"
  ],
  "timestamp": "2025-10-07 00:54:20",
  "execution_times": {
    "N0": 0.21282029151916504,
    "N2": 0.06908702850341797,
    "N3": 0.011543035507202148,
    "N1": 0.03829503059387207,
    "N4": 0.01266622543334961,
    "N6": 0.007957220077514648,
    "N8": 1.9037883281707764,
    "N9": 0.0008542537689208984
  },
  "total_execution_time": 2.2570114135742188
}