{
  "mae_non_fe_test": 0.2812846206562013,
  "r2_non_fe_test": 0.8387879053081955,
  "mae_fe_test": 0.17824234867295274,
  "r2_fe_test": 0.857323480722299,
  "run_time_sec": 1.1798121929168701,
  "sequence": [
    "N0",
    "N2",
    "N4",
    "N3",
    "N1",
    "N8",
    "N9"
  ],
  "timestamp": "2025-10-07 00:47:03",
  "execution_times": {
    "N0": 0.2746593952178955,
    "N2": 0.08432602882385254,
    "N4": 0.015863418579101562,
    "N3": 0.04471015930175781,
    "N1": 0.009765148162841797,
    "N8": 0.7443909645080566,
    "N9": 0.0008456707000732422
  },
  "total_execution_time": 1.174560785293579
}