{
  "mae_non_fe_test": null,
  "r2_non_fe_test": null,
  "mae_fe_test": null,
  "r2_fe_test": null,
  "run_time_sec": 0.37166714668273926,
  "sequence": [
    "N0",
    "N2",
    "N7",
    "N4",
    "N8",
    "N9"
  ],
  "timestamp": "2025-10-07 00:26:53",
  "execution_times": {
    "N0": 0.23443913459777832,
    "N2": 0.0639348030090332,
    "N7": 0.056638240814208984,
    "N4": 0.013089656829833984,
    "N8": 0.003020763397216797,
    "N9": 3.5762786865234375e-06
  },
  "total_execution_time": 0.3711261749267578,
  "error": "The 'y_pred' parameter of mean_absolute_error must be an array-like. Got None instead."
}