{
  "mae_non_fe_test": 0.26922139201302253,
  "r2_non_fe_test": 0.844830678242164,
  "mae_fe_test": 0.17331409031312142,
  "r2_fe_test": 0.8808880244596153,
  "run_time_sec": 1.2871472835540771,
  "sequence": [
    "N0",
    "N2",
    "N4",
    "N5",
    "N6",
    "N8",
    "N9"
  ],
  "timestamp": "2025-10-07 00:51:40",
  "execution_times": {
    "N0": 0.22289276123046875,
    "N2": 0.06483912467956543,
    "N4": 0.015605688095092773,
    "N5": 0.0005195140838623047,
    "N6": 0.010622739791870117,
    "N8": 0.9663774967193604,
    "N9": 0.0008809566497802734
  },
  "total_execution_time": 1.28173828125
}