{
  "mae_non_fe_test": 0.2948534558697909,
  "r2_non_fe_test": 0.8152432548873656,
  "mae_fe_test": 0.184076954628294,
  "r2_fe_test": 0.8419772071939506,
  "run_time_sec": 1.999145746231079,
  "sequence": [
    "N0",
    "N2",
    "N8",
    "N9"
  ],
  "timestamp": "2025-10-07 00:57:20",
  "execution_times": {
    "N0": 0.461092472076416,
    "N2": 0.07527995109558105,
    "N8": 1.4594130516052246,
    "N9": 0.0007023811340332031
  },
  "total_execution_time": 1.9964878559112549
}