{
  "mae_non_fe_test": 0.26832409861141154,
  "r2_non_fe_test": 0.8307440415039442,
  "mae_fe_test": 0.18300543993595456,
  "r2_fe_test": 0.8456844784591864,
  "run_time_sec": 3.4480979442596436,
  "sequence": [
    "N0",
    "N2",
    "N8",
    "N9"
  ],
  "timestamp": "2025-10-12 00:45:40",
  "execution_times": {
    "N0": 0.32102370262145996,
    "N2": 0.10298633575439453,
    "N8": 3.0204226970672607,
    "N9": 0.0007812976837158203
  },
  "total_execution_time": 3.445214033126831
}