{
  "mae_non_fe_test": 0.28122239728934784,
  "r2_non_fe_test": 0.8207334803183062,
  "mae_fe_test": 0.18738917979474495,
  "r2_fe_test": 0.844397557085774,
  "run_time_sec": 2.1137583255767822,
  "sequence": [
    "N0",
    "N0",
    "N2",
    "N1",
    "N3",
    "N6",
    "N7",
    "N8"
  ],
  "timestamp": "2025-09-01 09:57:23",
  "execution_times": {
    "N0": 0.21327853202819824,
    "N2": 0.1968073844909668,
    "N1": 0.02592921257019043,
    "N3": 0.03383994102478027,
    "N6": 0.0045435428619384766,
    "N7": 0.005011320114135742,
    "N8": 1.628770351409912,
    "N9": 0.0
  },
  "total_execution_time": 2.108180284500122
}