{
  "mae_non_fe_test": 0.25852649045896764,
  "r2_non_fe_test": 0.8453331652787991,
  "mae_fe_test": 0.21162982350936044,
  "r2_fe_test": 0.8340784261588966,
  "run_time_sec": 11.281673908233643,
  "sequence": [
    "N0",
    "N2",
    "N8",
    "N9"
  ],
  "timestamp": "2025-10-07 00:35:10",
  "execution_times": {
    "N0": 0.3181874752044678,
    "N2": 0.07967090606689453,
    "N8": 10.881736278533936,
    "N9": 0.0005092620849609375
  },
  "total_execution_time": 11.280103921890259
}