{
  "mae_non_fe_test": 0.2935781463131775,
  "r2_non_fe_test": 0.7837206271930679,
  "mae_fe_test": 0.18966423859062212,
  "r2_fe_test": 0.8376874476239295,
  "run_time_sec": 2.97757887840271,
  "sequence": [
    "N0",
    "N2",
    "N4",
    "N7",
    "N8",
    "N9"
  ],
  "timestamp": "2025-10-07 00:44:38",
  "execution_times": {
    "N0": 0.536428689956665,
    "N2": 0.08752918243408203,
    "N4": 0.01868915557861328,
    "N7": 0.04651331901550293,
    "N8": 2.284600257873535,
    "N9": 0.00058746337890625
  },
  "total_execution_time": 2.9743480682373047
}