{
  "mae_non_fe_test": 0.27378295521938234,
  "r2_non_fe_test": 0.8394451793713484,
  "mae_fe_test": 0.2409334517665288,
  "r2_fe_test": 0.7967313899954774,
  "run_time_sec": 1.9818058013916016,
  "sequence": [
    "N0",
    "N2",
    "N8",
    "N9"
  ],
  "timestamp": "2025-10-07 00:26:22",
  "execution_times": {
    "N0": 0.37403321266174316,
    "N2": 0.09584879875183105,
    "N8": 1.5071818828582764,
    "N9": 6.9141387939453125e-06
  },
  "total_execution_time": 1.9770708084106445
}