{
  "mae_non_fe_test": 0.31416758714737136,
  "r2_non_fe_test": 0.8020251210394388,
  "mae_fe_test": 0.1986719260016193,
  "r2_fe_test": 0.8305172211623771,
  "run_time_sec": 1.5220448970794678,
  "sequence": [
    "N0",
    "N2",
    "N8",
    "N9"
  ],
  "timestamp": "2025-10-07 00:53:45",
  "execution_times": {
    "N0": 0.24472880363464355,
    "N2": 0.07180571556091309,
    "N8": 1.201906681060791,
    "N9": 0.00115966796875
  },
  "total_execution_time": 1.5196008682250977
}