{
  "mae_non_fe_test": 0.7013090849401128,
  "r2_non_fe_test": 0.17060605958254083,
  "mae_fe_test": 0.30238943016457603,
  "r2_fe_test": 0.5979592290493763,
  "run_time_sec": 0.817746639251709,
  "sequence": [
    "N0",
    "N2",
    "N1",
    "N6",
    "N3",
    "N4",
    "N7",
    "N8",
    "N9"
  ],
  "timestamp": "2025-10-07 00:52:13",
  "execution_times": {
    "N0": 0.23879408836364746,
    "N2": 0.07189178466796875,
    "N1": 0.06645989418029785,
    "N6": 0.009738922119140625,
    "N3": 0.0016314983367919922,
    "N4": 0.001302957534790039,
    "N7": 0.003829479217529297,
    "N8": 0.42035508155822754,
    "N9": 0.0006825923919677734
  },
  "total_execution_time": 0.8146862983703613
}