{
  "mae_non_fe_test": null,
  "r2_non_fe_test": null,
  "mae_fe_test": null,
  "r2_fe_test": null,
  "run_time_sec": 0.27519655227661133,
  "sequence": [
    "N0",
    "N2",
    "N8",
    "N9"
  ],
  "timestamp": "2025-10-07 00:25:47",
  "execution_times": {
    "N0": 0.20953702926635742,
    "N2": 0.060514211654663086,
    "N8": 0.004971027374267578,
    "N9": 3.0994415283203125e-06
  },
  "total_execution_time": 0.2750253677368164,
  "error": "The 'y_pred' parameter of mean_absolute_error must be an array-like. Got None instead."
}