{
  "mae_non_fe_test": 0.2683859135758139,
  "r2_non_fe_test": 0.8447408583420116,
  "mae_fe_test": 0.21000984451037394,
  "r2_fe_test": 0.8277640211083066,
  "run_time_sec": 1.066565990447998,
  "sequence": [
    "N0",
    "N2",
    "N8",
    "N9"
  ],
  "timestamp": "2025-10-07 00:19:11",
  "execution_times": {
    "N0": 0.17785310745239258,
    "N2": 0.050495147705078125,
    "N8": 0.8345913887023926,
    "N9": 7.62939453125e-06
  },
  "total_execution_time": 1.0629472732543945
}