{
  "mae_non_fe_test": 0.2945189737067719,
  "r2_non_fe_test": 0.8153923815308233,
  "mae_fe_test": 0.1861572905507486,
  "r2_fe_test": 0.8409229744784219,
  "run_time_sec": 2.0021142959594727,
  "sequence": [
    "N0",
    "N2",
    "N8",
    "N9"
  ],
  "timestamp": "2025-10-07 00:47:39",
  "execution_times": {
    "N0": 0.23427152633666992,
    "N2": 0.07203269004821777,
    "N8": 1.6921610832214355,
    "N9": 0.0007176399230957031
  },
  "total_execution_time": 1.999182939529419
}