{
  "mae_non_fe_test": 0.30241521875828165,
  "r2_non_fe_test": 0.8079205124941882,
  "mae_fe_test": 0.19478036962387238,
  "r2_fe_test": 0.8378402893054759,
  "run_time_sec": 1.9117028713226318,
  "sequence": [
    "N0",
    "N2",
    "N3",
    "N8",
    "N9"
  ],
  "timestamp": "2025-10-07 00:12:18",
  "execution_times": {
    "N0": 0.2794461250305176,
    "N2": 0.07111573219299316,
    "N3": 0.04727482795715332,
    "N8": 1.511547565460205,
    "N9": 4.76837158203125e-06
  },
  "total_execution_time": 1.9093890190124512
}