{
  "mae_non_fe_test": 0.2911250016297484,
  "r2_non_fe_test": 0.7489153760181134,
  "mae_fe_test": 0.18056655913703729,
  "r2_fe_test": 0.8645735222110158,
  "run_time_sec": 9.052649974822998,
  "sequence": [
    "N0",
    "N2",
    "N4",
    "N5",
    "N6",
    "N7",
    "N1",
    "N8",
    "N9"
  ],
  "timestamp": "2025-10-07 00:52:59",
  "execution_times": {
    "N0": 0.23816394805908203,
    "N2": 0.06888580322265625,
    "N4": 0.013563871383666992,
    "N5": 0.00044465065002441406,
    "N6": 0.009932994842529297,
    "N7": 0.00972604751586914,
    "N1": 0.033779144287109375,
    "N8": 8.674548149108887,
    "N9": 0.0005552768707275391
  },
  "total_execution_time": 9.049599885940552
}