{
  "mae_non_fe_test": 0.31138840220836433,
  "r2_non_fe_test": 0.7619785014151419,
  "mae_fe_test": 0.19191379107399806,
  "r2_fe_test": 0.8437462609739383,
  "run_time_sec": 1.8549582958221436,
  "sequence": [
    "N0",
    "N2",
    "N1",
    "N6",
    "N8",
    "N9"
  ],
  "timestamp": "2025-10-07 00:56:03",
  "execution_times": {
    "N0": 0.5106539726257324,
    "N2": 0.08511137962341309,
    "N1": 0.062012672424316406,
    "N6": 0.01024770736694336,
    "N8": 1.1832842826843262,
    "N9": 0.0007236003875732422
  },
  "total_execution_time": 1.8520336151123047
}