{
  "mae_non_fe_test": 0.2690936467519859,
  "r2_non_fe_test": 0.8308969267933528,
  "mae_fe_test": 0.18550287536656362,
  "r2_fe_test": 0.8430835056305884,
  "run_time_sec": 3.0219781398773193,
  "sequence": [
    "N0",
    "N2",
    "N8",
    "N9"
  ],
  "timestamp": "2025-10-07 00:22:41",
  "execution_times": {
    "N0": 0.3018462657928467,
    "N2": 0.0709986686706543,
    "N8": 2.646691083908081,
    "N9": 4.5299530029296875e-06
  },
  "total_execution_time": 3.019540548324585
}