{
  "mae_non_fe_test": 0.2757869966108683,
  "r2_non_fe_test": 0.786143042631116,
  "mae_fe_test": 0.2601120656953063,
  "r2_fe_test": 0.7783969215783905,
  "run_time_sec": 2.1159729957580566,
  "sequence": [
    "N0",
    "N2",
    "N1",
    "N4",
    "N7",
    "N8",
    "N9"
  ],
  "timestamp": "2025-10-07 00:08:01",
  "execution_times": {
    "N0": 0.3289341926574707,
    "N2": 0.07334327697753906,
    "N1": 0.07837271690368652,
    "N4": 0.013676643371582031,
    "N7": 0.014330148696899414,
    "N8": 1.6023926734924316,
    "N9": 7.62939453125e-06
  },
  "total_execution_time": 2.1110572814941406
}