{
  "mae_non_fe_test": null,
  "r2_non_fe_test": null,
  "mae_fe_test": null,
  "r2_fe_test": null,
  "run_time_sec": 0.36848878860473633,
  "sequence": [
    "N0",
    "N2",
    "N4",
    "N8",
    "N9"
  ],
  "timestamp": "2025-10-07 00:23:31",
  "execution_times": {
    "N0": 0.27742528915405273,
    "N2": 0.07377934455871582,
    "N4": 0.014263391494750977,
    "N8": 0.0027098655700683594,
    "N9": 8.344650268554688e-06
  },
  "total_execution_time": 0.36818623542785645,
  "error": "The 'y_pred' parameter of mean_absolute_error must be an array-like. Got None instead."
}