{
  "mae_non_fe_test": 0.2773634444437631,
  "r2_non_fe_test": 0.8432229501519579,
  "mae_fe_test": 0.2206506908962472,
  "r2_fe_test": 0.8144696670906539,
  "run_time_sec": 1.2429776191711426,
  "sequence": [
    "N0",
    "N2",
    "N8",
    "N9"
  ],
  "timestamp": "2025-10-07 01:06:54",
  "execution_times": {
    "N0": 0.29450464248657227,
    "N2": 0.07031059265136719,
    "N8": 0.8733556270599365,
    "N9": 0.0006911754608154297
  },
  "total_execution_time": 1.2388620376586914
}