{
  "mae_non_fe_test": 0.31598241141190603,
  "r2_non_fe_test": 0.7998192467644165,
  "mae_fe_test": 0.1982779536293757,
  "r2_fe_test": 0.8315968941830401,
  "run_time_sec": 1.5242078304290771,
  "sequence": [
    "N0",
    "N2",
    "N8",
    "N9"
  ],
  "timestamp": "2025-10-07 00:07:27",
  "execution_times": {
    "N0": 0.24736452102661133,
    "N2": 0.07613706588745117,
    "N8": 1.1982927322387695,
    "N9": 3.5762786865234375e-06
  },
  "total_execution_time": 1.5217978954315186
}