{
  "mae_non_fe_test": 0.2758935289762492,
  "r2_non_fe_test": 0.827163813654629,
  "mae_fe_test": 0.1823847631844964,
  "r2_fe_test": 0.845163383576806,
  "run_time_sec": 2.483248233795166,
  "sequence": [
    "N0",
    "N2",
    "N8",
    "N9"
  ],
  "timestamp": "2025-10-07 00:36:02",
  "execution_times": {
    "N0": 0.2445371150970459,
    "N2": 0.07396674156188965,
    "N8": 2.1614131927490234,
    "N9": 0.0007641315460205078
  },
  "total_execution_time": 2.4806811809539795
}