{
  "mae_non_fe_test": 0.2899978198543175,
  "r2_non_fe_test": 0.8179777831252697,
  "mae_fe_test": 0.21743727710159544,
  "r2_fe_test": 0.8164033954749348,
  "run_time_sec": 7.202044486999512,
  "sequence": [
    "N0",
    "N2",
    "N1",
    "N8",
    "N9"
  ],
  "timestamp": "2025-10-07 00:05:57",
  "execution_times": {
    "N0": 0.30172085762023926,
    "N2": 0.06808805465698242,
    "N1": 0.057562828063964844,
    "N8": 6.7729713916778564,
    "N9": 4.0531158447265625e-06
  },
  "total_execution_time": 7.200347185134888
}