{
  "mae_non_fe_test": 0.2747763329633202,
  "r2_non_fe_test": 0.8375832072552593,
  "mae_fe_test": 0.21774275877636004,
  "r2_fe_test": 0.8279062860684192,
  "run_time_sec": 10.098730564117432,
  "sequence": [
    "N0",
    "N2",
    "N8",
    "N9"
  ],
  "timestamp": "2025-10-07 00:50:29",
  "execution_times": {
    "N0": 0.30837249755859375,
    "N2": 0.08989477157592773,
    "N8": 9.697729587554932,
    "N9": 0.0005390644073486328
  },
  "total_execution_time": 10.096535921096802
}