{
  "mae_non_fe_test": 0.31830471801382143,
  "r2_non_fe_test": 0.7192391338985261,
  "mae_fe_test": 0.2353145431007238,
  "r2_fe_test": 0.8272999034061177,
  "run_time_sec": 7.1464903354644775,
  "sequence": [
    "N0",
    "N2",
    "N5",
    "N1",
    "N6",
    "N4",
    "N7",
    "N8",
    "N9"
  ],
  "timestamp": "2025-10-07 00:46:18",
  "execution_times": {
    "N0": 0.33217930793762207,
    "N2": 0.08633637428283691,
    "N5": 0.0006492137908935547,
    "N1": 0.024968862533569336,
    "N6": 0.007210731506347656,
    "N4": 0.010900020599365234,
    "N7": 0.008769750595092773,
    "N8": 6.672159433364868,
    "N9": 0.0005137920379638672
  },
  "total_execution_time": 7.14368748664856
}