{
  "mae_non_fe_test": 0.32403383032075045,
  "r2_non_fe_test": 0.8014379690764141,
  "mae_fe_test": 0.17181049686418245,
  "r2_fe_test": 0.8564656246329847,
  "run_time_sec": 0.5643155574798584,
  "sequence": [
    "N0",
    "N2",
    "N3",
    "N6",
    "N4",
    "N8",
    "N9"
  ],
  "timestamp": "2025-10-07 00:33:25",
  "execution_times": {
    "N0": 0.2646956443786621,
    "N2": 0.06963443756103516,
    "N3": 0.04182934761047363,
    "N6": 0.008932113647460938,
    "N4": 0.009108543395996094,
    "N8": 0.16556215286254883,
    "N9": 0.0007898807525634766
  },
  "total_execution_time": 0.5605521202087402
}