{
  "mae_non_fe_test": 0.26816310784718383,
  "r2_non_fe_test": 0.8312359094825433,
  "mae_fe_test": 0.18318878931053856,
  "r2_fe_test": 0.8455101382852852,
  "run_time_sec": 3.198981761932373,
  "sequence": [
    "N0",
    "N2",
    "N8",
    "N9"
  ],
  "timestamp": "2025-10-07 00:52:20",
  "execution_times": {
    "N0": 0.362943172454834,
    "N2": 0.10229372978210449,
    "N8": 2.730189323425293,
    "N9": 0.0007519721984863281
  },
  "total_execution_time": 3.1961781978607178
}