{
  "mae_non_fe_test": 0.5673260434448077,
  "r2_non_fe_test": 0.25521992171620034,
  "mae_fe_test": 0.3682828478874336,
  "r2_fe_test": 0.3976784757869488,
  "run_time_sec": 1.400118112564087,
  "sequence": [
    "N0",
    "N2",
    "N3",
    "N1",
    "N4",
    "N7",
    "N5",
    "N6",
    "N8",
    "N9"
  ],
  "timestamp": "2025-10-07 01:10:29",
  "execution_times": {
    "N0": 0.5582330226898193,
    "N2": 0.10773038864135742,
    "N3": 0.0007047653198242188,
    "N1": 0.03451871871948242,
    "N4": 0.018457889556884766,
    "N7": 0.05695009231567383,
    "N5": 0.0006768703460693359,
    "N6": 0.015406131744384766,
    "N8": 0.6026184558868408,
    "N9": 0.0006372928619384766
  },
  "total_execution_time": 1.3959336280822754
}