{
  "mae_non_fe_test": 0.29901035836526096,
  "r2_non_fe_test": 0.7884532651963537,
  "mae_fe_test": 0.27707094226305934,
  "r2_fe_test": 0.7648650546084184,
  "run_time_sec": 1.102996587753296,
  "sequence": [
    "N0",
    "N2",
    "N4",
    "N1",
    "N6",
    "N8",
    "N9"
  ],
  "timestamp": "2025-10-07 00:15:49",
  "execution_times": {
    "N0": 0.2467975616455078,
    "N2": 0.06261539459228516,
    "N4": 0.014599084854125977,
    "N1": 0.0456998348236084,
    "N6": 0.005005836486816406,
    "N8": 0.7236087322235107,
    "N9": 7.3909759521484375e-06
  },
  "total_execution_time": 1.0983338356018066
}