{
  "mae_non_fe_test": 0.2962096729331305,
  "r2_non_fe_test": 0.8159097946291662,
  "mae_fe_test": 0.1745744701270492,
  "r2_fe_test": 0.8562263603748949,
  "run_time_sec": 6.31648325920105,
  "sequence": [
    "N0",
    "N2",
    "N1",
    "N8",
    "N9"
  ],
  "timestamp": "2025-10-07 00:14:29",
  "execution_times": {
    "N0": 0.4206569194793701,
    "N2": 0.0628504753112793,
    "N1": 0.0870215892791748,
    "N8": 5.74396538734436,
    "N9": 3.0994415283203125e-06
  },
  "total_execution_time": 6.314497470855713
}