{
  "mae_non_fe_test": 0.2668792073333422,
  "r2_non_fe_test": 0.8472252524150141,
  "mae_fe_test": 0.21498739425853586,
  "r2_fe_test": 0.8293679992529798,
  "run_time_sec": 1.5730364322662354,
  "sequence": [
    "N0",
    "N2",
    "N8",
    "N9"
  ],
  "timestamp": "2025-10-07 00:11:41",
  "execution_times": {
    "N0": 0.24732089042663574,
    "N2": 0.07042670249938965,
    "N8": 1.2515275478363037,
    "N9": 4.0531158447265625e-06
  },
  "total_execution_time": 1.5692791938781738
}