{
  "mae_non_fe_test": null,
  "r2_non_fe_test": null,
  "mae_fe_test": null,
  "r2_fe_test": null,
  "run_time_sec": 0.3815803527832031,
  "sequence": [
    "N0",
    "N2",
    "N4",
    "N8",
    "N9"
  ],
  "timestamp": "2025-10-07 00:21:43",
  "execution_times": {
    "N0": 0.2860558032989502,
    "N2": 0.07587265968322754,
    "N4": 0.01602649688720703,
    "N8": 0.003281831741333008,
    "N9": 1.71661376953125e-05
  },
  "total_execution_time": 0.3812539577484131,
  "error": "The 'y_pred' parameter of mean_absolute_error must be an array-like. Got None instead."
}