{
  "mae_non_fe_test": 0.2818766997318949,
  "r2_non_fe_test": 0.8149595670488131,
  "mae_fe_test": 0.18258052212858736,
  "r2_fe_test": 0.8473927683532381,
  "run_time_sec": 2.559119701385498,
  "sequence": [
    "N0",
    "N2",
    "N4",
    "N7",
    "N3",
    "N8",
    "N9"
  ],
  "timestamp": "2025-10-07 00:52:23",
  "execution_times": {
    "N0": 0.3133385181427002,
    "N2": 0.0965120792388916,
    "N4": 0.019490480422973633,
    "N7": 0.015948772430419922,
    "N3": 0.05887603759765625,
    "N8": 2.051027297973633,
    "N9": 0.0007808208465576172
  },
  "total_execution_time": 2.555974006652832
}