{
  "mae_non_fe_test": 0.2690936467519859,
  "r2_non_fe_test": 0.8308969267933528,
  "mae_fe_test": 0.18550287536656362,
  "r2_fe_test": 0.8430835056305884,
  "run_time_sec": 2.9753849506378174,
  "sequence": [
    "N0",
    "N2",
    "N8",
    "N9"
  ],
  "timestamp": "2025-10-07 00:07:51",
  "execution_times": {
    "N0": 0.30078864097595215,
    "N2": 0.08248496055603027,
    "N8": 2.5895984172821045,
    "N9": 5.7220458984375e-06
  },
  "total_execution_time": 2.9728777408599854
}