{
  "mae_non_fe_test": 0.27337990334083206,
  "r2_non_fe_test": 0.839381129071476,
  "mae_fe_test": 0.18748424198686497,
  "r2_fe_test": 0.8562582495553511,
  "run_time_sec": 1.2097735404968262,
  "sequence": [
    "N0",
    "N2",
    "N4",
    "N1",
    "N3",
    "N6",
    "N7",
    "N8",
    "N9"
  ],
  "timestamp": "2025-10-07 00:35:49",
  "execution_times": {
    "N0": 0.3179054260253906,
    "N2": 0.0831754207611084,
    "N4": 0.01877903938293457,
    "N1": 0.04791259765625,
    "N3": 0.011917352676391602,
    "N6": 0.00876307487487793,
    "N7": 0.0339665412902832,
    "N8": 0.6812834739685059,
    "N9": 0.0009894371032714844
  },
  "total_execution_time": 1.2046923637390137
}