{
  "mae_non_fe_test": 0.2537527370498178,
  "r2_non_fe_test": 0.8390321354053769,
  "mae_fe_test": 0.23420453867321578,
  "r2_fe_test": 0.8041863261971091,
  "run_time_sec": 14.573599100112915,
  "sequence": [
    "N0",
    "N2",
    "N1",
    "N8",
    "N9"
  ],
  "timestamp": "2025-10-07 00:06:56",
  "execution_times": {
    "N0": 0.46245408058166504,
    "N2": 0.06508326530456543,
    "N1": 0.05259990692138672,
    "N8": 13.99143934249878,
    "N9": 3.814697265625e-06
  },
  "total_execution_time": 14.571580410003662
}