{
  "mae_non_fe_test": 0.27142618384917033,
  "r2_non_fe_test": 0.803048538348919,
  "mae_fe_test": 0.19787157583818743,
  "r2_fe_test": 0.8561384163879446,
  "run_time_sec": 10.269040822982788,
  "sequence": [
    "N0",
    "N2",
    "N3",
    "N5",
    "N1",
    "N6",
    "N7",
    "N4",
    "N8",
    "N9"
  ],
  "timestamp": "2025-10-07 01:09:47",
  "execution_times": {
    "N0": 0.24255156517028809,
    "N2": 0.07160329818725586,
    "N3": 0.012821197509765625,
    "N5": 0.0005474090576171875,
    "N1": 0.03995990753173828,
    "N6": 0.009558677673339844,
    "N7": 0.013178586959838867,
    "N4": 0.011729955673217773,
    "N8": 9.863891839981079,
    "N9": 0.00047016143798828125
  },
  "total_execution_time": 10.266312599182129
}