{
  "mae_non_fe_test": 0.26167273462481755,
  "r2_non_fe_test": 0.8379116584896554,
  "mae_fe_test": 0.1847984171055248,
  "r2_fe_test": 0.8591830212169553,
  "run_time_sec": 13.01629900932312,
  "sequence": [
    "N0",
    "N2",
    "N4",
    "N6",
    "N5",
    "N1",
    "N3",
    "N8",
    "N9"
  ],
  "timestamp": "2025-10-07 00:44:55",
  "execution_times": {
    "N0": 0.505042314529419,
    "N2": 0.07704591751098633,
    "N4": 0.021095991134643555,
    "N6": 0.01450490951538086,
    "N5": 0.0005304813385009766,
    "N1": 0.011725425720214844,
    "N3": 0.04007363319396973,
    "N8": 12.342851877212524,
    "N9": 0.0005311965942382812
  },
  "total_execution_time": 13.013401746749878
}