{
  "mae_non_fe_test": 0.2983121439928416,
  "r2_non_fe_test": 0.7740781587691843,
  "mae_fe_test": 0.20165598826859252,
  "r2_fe_test": 0.8310051324053354,
  "run_time_sec": 2.2411375045776367,
  "sequence": [
    "N0",
    "N2",
    "N4",
    "N7",
    "N8",
    "N9"
  ],
  "timestamp": "2025-10-07 00:19:43",
  "execution_times": {
    "N0": 0.21697068214416504,
    "N2": 0.06015610694885254,
    "N4": 0.012326955795288086,
    "N7": 0.0397181510925293,
    "N8": 1.9094669818878174,
    "N9": 3.814697265625e-06
  },
  "total_execution_time": 2.238642692565918
}