{
  "mae_non_fe_test": 0.30789148783425685,
  "r2_non_fe_test": 0.7805076439975069,
  "mae_fe_test": 0.1861811903057092,
  "r2_fe_test": 0.8405639528412018,
  "run_time_sec": 2.013685703277588,
  "sequence": [
    "N0",
    "N2",
    "N4",
    "N1",
    "N8",
    "N9"
  ],
  "timestamp": "2025-10-07 00:14:42",
  "execution_times": {
    "N0": 0.23882198333740234,
    "N2": 0.06760740280151367,
    "N4": 0.013802766799926758,
    "N1": 0.04694771766662598,
    "N8": 1.6437852382659912,
    "N9": 4.291534423828125e-06
  },
  "total_execution_time": 2.010969400405884
}