{
  "mae_non_fe_test": 0.2801316096429489,
  "r2_non_fe_test": 0.8167290974647539,
  "mae_fe_test": 0.2621786583593736,
  "r2_fe_test": 0.7511066642460963,
  "run_time_sec": 2.148991346359253,
  "sequence": [
    "N0",
    "N2",
    "N8",
    "N9"
  ],
  "timestamp": "2025-10-07 00:13:06",
  "execution_times": {
    "N0": 0.29762911796569824,
    "N2": 0.07088279724121094,
    "N8": 1.776315450668335,
    "N9": 4.76837158203125e-06
  },
  "total_execution_time": 2.144832134246826
}