{
  "mae_non_fe_test": 0.27378295521938234,
  "r2_non_fe_test": 0.8394451793713484,
  "mae_fe_test": 0.2409334517665288,
  "r2_fe_test": 0.7967313899954774,
  "run_time_sec": 1.465601921081543,
  "sequence": [
    "N0",
    "N2",
    "N8",
    "N9"
  ],
  "timestamp": "2025-10-07 00:11:36",
  "execution_times": {
    "N0": 0.2828333377838135,
    "N2": 0.07047772407531738,
    "N8": 1.1085264682769775,
    "N9": 4.291534423828125e-06
  },
  "total_execution_time": 1.4618418216705322
}