{
  "mae_non_fe_test": 0.2698698536920713,
  "r2_non_fe_test": 0.8320902033874679,
  "mae_fe_test": 0.22321304566620445,
  "r2_fe_test": 0.8133871459253138,
  "run_time_sec": 10.819950580596924,
  "sequence": [
    "N0",
    "N2",
    "N3",
    "N7",
    "N8",
    "N9"
  ],
  "timestamp": "2025-10-07 00:42:26",
  "execution_times": {
    "N0": 0.3300776481628418,
    "N2": 0.09875965118408203,
    "N3": 0.0007236003875732422,
    "N7": 0.04500722885131836,
    "N8": 10.342857360839844,
    "N9": 0.0005822181701660156
  },
  "total_execution_time": 10.818007707595825
}