{
  "mae_non_fe_test": 0.26220076370526535,
  "r2_non_fe_test": 0.8331271709755839,
  "mae_fe_test": 0.24625814312335165,
  "r2_fe_test": 0.7986519178302892,
  "run_time_sec": 17.028642654418945,
  "sequence": [
    "N0",
    "N2",
    "N1",
    "N8",
    "N9"
  ],
  "timestamp": "2025-10-07 00:04:37",
  "execution_times": {
    "N0": 0.308591365814209,
    "N2": 0.08735775947570801,
    "N1": 0.08318901062011719,
    "N8": 16.53305697441101,
    "N9": 0.0003981590270996094
  },
  "total_execution_time": 17.012593269348145
}