{
  "mae_non_fe_test": 0.2628274095102054,
  "r2_non_fe_test": 0.8367492036957611,
  "mae_fe_test": 0.1913851628874076,
  "r2_fe_test": 0.8654683282086099,
  "run_time_sec": 13.684671878814697,
  "sequence": [
    "N0",
    "N2",
    "N3",
    "N8",
    "N9"
  ],
  "timestamp": "2025-10-07 01:14:25",
  "execution_times": {
    "N0": 0.4554462432861328,
    "N2": 0.08681511878967285,
    "N3": 0.05388998985290527,
    "N8": 13.085831880569458,
    "N9": 0.0005972385406494141
  },
  "total_execution_time": 13.682580471038818
}