{
  "mae_non_fe_test": 0.3197073494105828,
  "r2_non_fe_test": 0.7623303317070531,
  "mae_fe_test": 0.18691915964335415,
  "r2_fe_test": 0.8446240631745514,
  "run_time_sec": 1.5033767223358154,
  "sequence": [
    "N0",
    "N2",
    "N1",
    "N4",
    "N6",
    "N8",
    "N9"
  ],
  "timestamp": "2025-10-07 00:56:50",
  "execution_times": {
    "N0": 0.2222423553466797,
    "N2": 0.07070684432983398,
    "N1": 0.05401134490966797,
    "N4": 0.011475324630737305,
    "N6": 0.0058019161224365234,
    "N8": 1.1353206634521484,
    "N9": 0.0006544589996337891
  },
  "total_execution_time": 1.5002129077911377
}