{
  "mae_non_fe_test": 0.2654803844780125,
  "r2_non_fe_test": 0.8233542770507589,
  "mae_fe_test": 0.21832753192160134,
  "r2_fe_test": 0.8202218845991882,
  "run_time_sec": 14.645591497421265,
  "sequence": [
    "N0",
    "N2",
    "N1",
    "N8",
    "N9"
  ],
  "timestamp": "2025-10-07 00:10:05",
  "execution_times": {
    "N0": 0.31650876998901367,
    "N2": 0.0865781307220459,
    "N1": 0.10276317596435547,
    "N8": 14.137948989868164,
    "N9": 3.337860107421875e-06
  },
  "total_execution_time": 14.643802404403687
}