{
  "mae_non_fe_test": 0.30989074856588933,
  "r2_non_fe_test": 0.7757020865952003,
  "mae_fe_test": 0.19125135221182543,
  "r2_fe_test": 0.8377213921233475,
  "run_time_sec": 2.247971296310425,
  "sequence": [
    "N0",
    "N2",
    "N5",
    "N4",
    "N7",
    "N8",
    "N9"
  ],
  "timestamp": "2025-10-07 01:13:55",
  "execution_times": {
    "N0": 0.2340860366821289,
    "N2": 0.07715082168579102,
    "N5": 0.0005304813385009766,
    "N4": 0.016549110412597656,
    "N7": 0.007218360900878906,
    "N8": 1.9086687564849854,
    "N9": 0.0007424354553222656
  },
  "total_execution_time": 2.244946002960205
}