{
  "mae_non_fe_test": 0.3045817332420479,
  "r2_non_fe_test": 0.8051539713713078,
  "mae_fe_test": 0.2132418570173383,
  "r2_fe_test": 0.8206511235047902,
  "run_time_sec": 1.9852666854858398,
  "sequence": [
    "N0",
    "N2",
    "N7",
    "N3",
    "N8",
    "N9"
  ],
  "timestamp": "2025-10-07 00:08:33",
  "execution_times": {
    "N0": 0.24957871437072754,
    "N2": 0.06324124336242676,
    "N7": 0.04810523986816406,
    "N3": 0.011004924774169922,
    "N8": 1.6105389595031738,
    "N9": 4.291534423828125e-06
  },
  "total_execution_time": 1.982473373413086
}