{
  "mae_non_fe_test": 0.2600816981396996,
  "r2_non_fe_test": 0.8229333147056879,
  "mae_fe_test": 0.1975316504861673,
  "r2_fe_test": 0.8481100235703382,
  "run_time_sec": 9.823044061660767,
  "sequence": [
    "N0",
    "N2",
    "N7",
    "N6",
    "N5",
    "N1",
    "N4",
    "N8",
    "N9"
  ],
  "timestamp": "2025-10-07 00:43:37",
  "execution_times": {
    "N0": 0.25942254066467285,
    "N2": 0.08280491828918457,
    "N7": 0.0640256404876709,
    "N6": 0.014398574829101562,
    "N5": 0.0008075237274169922,
    "N1": 0.009241819381713867,
    "N4": 0.01383209228515625,
    "N8": 9.374810695648193,
    "N9": 0.00047588348388671875
  },
  "total_execution_time": 9.819819688796997
}