{
  "mae_non_fe_test": 0.3174792253374775,
  "r2_non_fe_test": 0.7684411493790613,
  "mae_fe_test": 0.18625878149482938,
  "r2_fe_test": 0.8436595346740858,
  "run_time_sec": 1.7172539234161377,
  "sequence": [
    "N0",
    "N2",
    "N4",
    "N7",
    "N1",
    "N3",
    "N5",
    "N6",
    "N8",
    "N9"
  ],
  "timestamp": "2025-10-07 00:49:54",
  "execution_times": {
    "N0": 0.295562744140625,
    "N2": 0.11180281639099121,
    "N4": 0.01903057098388672,
    "N7": 0.009714126586914062,
    "N1": 0.05627703666687012,
    "N3": 0.0006127357482910156,
    "N5": 0.0006535053253173828,
    "N6": 0.007908821105957031,
    "N8": 1.2108714580535889,
    "N9": 0.0007627010345458984
  },
  "total_execution_time": 1.7131965160369873
}