{
  "mae_non_fe_test": 0.2710248178501866,
  "r2_non_fe_test": 0.8335622080004293,
  "mae_fe_test": 0.21151258595651418,
  "r2_fe_test": 0.8248284029497162,
  "run_time_sec": 8.982181072235107,
  "sequence": [
    "N0",
    "N2",
    "N1",
    "N8",
    "N9"
  ],
  "timestamp": "2025-10-07 00:35:26",
  "execution_times": {
    "N0": 0.19783711433410645,
    "N2": 0.059388160705566406,
    "N1": 0.042243242263793945,
    "N8": 8.680035591125488,
    "N9": 0.0005743503570556641
  },
  "total_execution_time": 8.98007845878601
}