{
  "mae_non_fe_test": 0.2901596674176095,
  "r2_non_fe_test": 0.8268218085122462,
  "mae_fe_test": 0.2871882040845733,
  "r2_fe_test": 0.7803663234701013,
  "run_time_sec": 1.1111176013946533,
  "sequence": [
    "N0",
    "N2",
    "N7",
    "N5",
    "N1",
    "N4",
    "N3",
    "N6",
    "N8",
    "N9"
  ],
  "timestamp": "2025-10-07 00:56:14",
  "execution_times": {
    "N0": 0.29371070861816406,
    "N2": 0.0814213752746582,
    "N7": 0.022556781768798828,
    "N5": 0.0006172657012939453,
    "N1": 0.04279470443725586,
    "N4": 0.01359415054321289,
    "N3": 0.01057577133178711,
    "N6": 0.006842374801635742,
    "N8": 0.6327056884765625,
    "N9": 0.000865936279296875
  },
  "total_execution_time": 1.105684757232666
}