{
  "mae_non_fe_test": 0.2588451178265946,
  "r2_non_fe_test": 0.8457771470339496,
  "mae_fe_test": 0.1605299132409044,
  "r2_fe_test": 0.8730083295605396,
  "run_time_sec": 7.826098680496216,
  "sequence": [
    "N0",
    "N2",
    "N4",
    "N1",
    "N5",
    "N3",
    "N6",
    "N7",
    "N8",
    "N9"
  ],
  "timestamp": "2025-10-07 00:46:38",
  "execution_times": {
    "N0": 0.2492983341217041,
    "N2": 0.07716631889343262,
    "N4": 0.01780843734741211,
    "N1": 0.011829376220703125,
    "N5": 0.0005400180816650391,
    "N3": 0.04535388946533203,
    "N6": 0.009690523147583008,
    "N7": 0.011980772018432617,
    "N8": 7.3993120193481445,
    "N9": 0.0005233287811279297
  },
  "total_execution_time": 7.823503017425537
}