{
  "mae_non_fe_test": 0.26852840837328285,
  "r2_non_fe_test": 0.8425582513895044,
  "mae_fe_test": 0.22743266167053258,
  "r2_fe_test": 0.8135457450754129,
  "run_time_sec": 1.246880292892456,
  "sequence": [
    "N0",
    "N2",
    "N8",
    "N9"
  ],
  "timestamp": "2025-10-07 00:09:20",
  "execution_times": {
    "N0": 0.3675961494445801,
    "N2": 0.051712751388549805,
    "N8": 0.8237411975860596,
    "N9": 5.245208740234375e-06
  },
  "total_execution_time": 1.2430553436279297
}