{
  "mae_non_fe_test": 0.27409569312001025,
  "r2_non_fe_test": 0.8210076276846037,
  "mae_fe_test": 0.23198740068853474,
  "r2_fe_test": 0.8019058926754322,
  "run_time_sec": 10.090054512023926,
  "sequence": [
    "N0",
    "N2",
    "N4",
    "N7",
    "N8",
    "N9"
  ],
  "timestamp": "2025-10-07 00:57:01",
  "execution_times": {
    "N0": 0.22307300567626953,
    "N2": 0.07103800773620605,
    "N4": 0.015002965927124023,
    "N7": 0.006848335266113281,
    "N8": 9.771454811096191,
    "N9": 0.0005500316619873047
  },
  "total_execution_time": 10.087967157363892
}