{
  "mae_non_fe_test": 0.2608198225400939,
  "r2_non_fe_test": 0.841681073509439,
  "mae_fe_test": 0.2961416042740455,
  "r2_fe_test": 0.7494586275246075,
  "run_time_sec": 7.380069732666016,
  "sequence": [
    "N0",
    "N2",
    "N3",
    "N1",
    "N7",
    "N6",
    "N8",
    "N9"
  ],
  "timestamp": "2025-10-07 00:09:32",
  "execution_times": {
    "N0": 0.2344832420349121,
    "N2": 0.0628046989440918,
    "N3": 5.9604644775390625e-06,
    "N1": 0.030046701431274414,
    "N7": 0.03784894943237305,
    "N6": 0.005204439163208008,
    "N8": 7.006052494049072,
    "N9": 4.76837158203125e-06
  },
  "total_execution_time": 7.376451253890991
}