{
  "mae_non_fe_test": 0.25478384331007153,
  "r2_non_fe_test": 0.8453974553363285,
  "mae_fe_test": 0.26535536530777687,
  "r2_fe_test": 0.797583664271658,
  "run_time_sec": 11.984508037567139,
  "sequence": [
    "N0",
    "N2",
    "N8",
    "N9"
  ],
  "timestamp": "2025-10-07 01:07:31",
  "execution_times": {
    "N0": 0.29314756393432617,
    "N2": 0.07252907752990723,
    "N8": 11.615823030471802,
    "N9": 0.0005984306335449219
  },
  "total_execution_time": 11.98209810256958
}