{
  "mae_non_fe_test": 0.2689169477773379,
  "r2_non_fe_test": 0.8309495541278284,
  "mae_fe_test": 0.1864620238041109,
  "r2_fe_test": 0.8431168623354159,
  "run_time_sec": 2.7409462928771973,
  "sequence": [
    "N0",
    "N2",
    "N7",
    "N8",
    "N9"
  ],
  "timestamp": "2025-10-07 00:19:16",
  "execution_times": {
    "N0": 0.3118019104003906,
    "N2": 0.07359552383422852,
    "N7": 0.021373510360717773,
    "N8": 2.331925630569458,
    "N9": 3.5762786865234375e-06
  },
  "total_execution_time": 2.7387001514434814
}