{
  "mae_non_fe_test": 0.2761842806867615,
  "r2_non_fe_test": 0.7838085016641925,
  "mae_fe_test": 0.22026092250406054,
  "r2_fe_test": 0.818404551819118,
  "run_time_sec": 14.061300277709961,
  "sequence": [
    "N0",
    "N2",
    "N4",
    "N8",
    "N9"
  ],
  "timestamp": "2025-10-07 00:45:25",
  "execution_times": {
    "N0": 0.2640552520751953,
    "N2": 0.07679224014282227,
    "N4": 0.015923500061035156,
    "N8": 13.70231580734253,
    "N9": 0.00039649009704589844
  },
  "total_execution_time": 14.059483289718628
}