{
  "mae_non_fe_test": 0.2839322161008046,
  "r2_non_fe_test": 0.8281777381527609,
  "mae_fe_test": 0.23823056684245886,
  "r2_fe_test": 0.817146077967291,
  "run_time_sec": 1.8187146186828613,
  "sequence": [
    "N0",
    "N2",
    "N8",
    "N9"
  ],
  "timestamp": "2025-10-07 00:50:09",
  "execution_times": {
    "N0": 0.5842113494873047,
    "N2": 0.08098506927490234,
    "N8": 1.1480579376220703,
    "N9": 0.0008158683776855469
  },
  "total_execution_time": 1.814070224761963
}