{
  "mae_non_fe_test": 0.27337990334083206,
  "r2_non_fe_test": 0.839381129071476,
  "mae_fe_test": 0.18748424198686497,
  "r2_fe_test": 0.8562582495553511,
  "run_time_sec": 1.1897952556610107,
  "sequence": [
    "N0",
    "N2",
    "N4",
    "N1",
    "N3",
    "N6",
    "N7",
    "N8",
    "N9"
  ],
  "timestamp": "2025-10-07 01:12:24",
  "execution_times": {
    "N0": 0.27692747116088867,
    "N2": 0.07857608795166016,
    "N4": 0.016382932662963867,
    "N1": 0.04782366752624512,
    "N3": 0.012625932693481445,
    "N6": 0.006620645523071289,
    "N7": 0.030013084411621094,
    "N8": 0.7142822742462158,
    "N9": 0.0008990764617919922
  },
  "total_execution_time": 1.1841511726379395
}