{
  "mae_non_fe_test": 0.28013698207498544,
  "r2_non_fe_test": 0.8218867910724174,
  "mae_fe_test": 0.19639412526013894,
  "r2_fe_test": 0.8369121144914378,
  "run_time_sec": 2.6270408630371094,
  "sequence": [
    "N0",
    "N2",
    "N8",
    "N9"
  ],
  "timestamp": "2025-10-07 00:11:28",
  "execution_times": {
    "N0": 0.42940378189086914,
    "N2": 0.062108516693115234,
    "N8": 2.1329643726348877,
    "N9": 7.152557373046875e-06
  },
  "total_execution_time": 2.624483823776245
}