{
  "mae_non_fe_test": 0.28559337985357164,
  "r2_non_fe_test": 0.8314667261920405,
  "mae_fe_test": 0.18705640455239786,
  "r2_fe_test": 0.8516460120344654,
  "run_time_sec": 0.8159177303314209,
  "sequence": [
    "N0",
    "N2",
    "N8",
    "N9"
  ],
  "timestamp": "2025-10-07 00:23:00",
  "execution_times": {
    "N0": 0.21047115325927734,
    "N2": 0.055803775787353516,
    "N8": 0.5462322235107422,
    "N9": 4.5299530029296875e-06
  },
  "total_execution_time": 0.812511682510376
}