{
  "mae_non_fe_test": 0.4461927911871385,
  "r2_non_fe_test": 0.6860179351812118,
  "mae_fe_test": 0.27899486023475234,
  "r2_fe_test": 0.7445978857873277,
  "run_time_sec": 0.6308498382568359,
  "sequence": [
    "N0",
    "N2",
    "N1",
    "N3",
    "N6",
    "N7",
    "N8",
    "N9"
  ],
  "timestamp": "2025-09-01 10:23:27",
  "execution_times": {
    "N0": 0.2268056869506836,
    "N2": 0.05942678451538086,
    "N1": 0.020930051803588867,
    "N3": 0.0400393009185791,
    "N6": 0.0,
    "N7": 0.010001897811889648,
    "N8": 0.26613473892211914,
    "N9": 0.0
  },
  "total_execution_time": 0.6233384609222412
}