{
  "mae_non_fe_test": 0.30244888067390624,
  "r2_non_fe_test": 0.7749419423822436,
  "mae_fe_test": 0.19701220375560938,
  "r2_fe_test": 0.8470028545021346,
  "run_time_sec": 1.425309419631958,
  "sequence": [
    "N0",
    "N2",
    "N3",
    "N4",
    "N7",
    "N8",
    "N9"
  ],
  "timestamp": "2025-10-07 00:36:31",
  "execution_times": {
    "N0": 0.22522616386413574,
    "N2": 0.07067489624023438,
    "N3": 0.014852762222290039,
    "N4": 0.012795448303222656,
    "N7": 0.0423128604888916,
    "N8": 1.0524225234985352,
    "N9": 0.0007963180541992188
  },
  "total_execution_time": 1.4190809726715088
}