{
  "mae_non_fe_test": 0.2722966575754423,
  "r2_non_fe_test": 0.8397952131819447,
  "mae_fe_test": 0.23608308264836536,
  "r2_fe_test": 0.8025026379271676,
  "run_time_sec": 1.462766170501709,
  "sequence": [
    "N0",
    "N2",
    "N8",
    "N9"
  ],
  "timestamp": "2025-10-07 00:11:55",
  "execution_times": {
    "N0": 0.27408838272094727,
    "N2": 0.07037830352783203,
    "N8": 1.1144928932189941,
    "N9": 5.0067901611328125e-06
  },
  "total_execution_time": 1.4589645862579346
}