{
  "mae_non_fe_test": 0.2758935289762492,
  "r2_non_fe_test": 0.827163813654629,
  "mae_fe_test": 0.1823847631844964,
  "r2_fe_test": 0.845163383576806,
  "run_time_sec": 2.733078718185425,
  "sequence": [
    "N0",
    "N2",
    "N8",
    "N9"
  ],
  "timestamp": "2025-10-07 01:12:59",
  "execution_times": {
    "N0": 0.40041303634643555,
    "N2": 0.1165318489074707,
    "N8": 2.213167190551758,
    "N9": 0.0006928443908691406
  },
  "total_execution_time": 2.730804920196533
}