{
  "mae_non_fe_test": 0.27232928973649057,
  "r2_non_fe_test": 0.8169769729294898,
  "mae_fe_test": 0.279038548374833,
  "r2_fe_test": 0.7819500792643869,
  "run_time_sec": 2.3154637813568115,
  "sequence": [
    "N0",
    "N2",
    "N4",
    "N8",
    "N9"
  ],
  "timestamp": "2025-10-07 01:10:12",
  "execution_times": {
    "N0": 0.3397083282470703,
    "N2": 0.09610581398010254,
    "N4": 0.021993160247802734,
    "N8": 1.8523032665252686,
    "N9": 0.0007786750793457031
  },
  "total_execution_time": 2.31088924407959
}