{
  "mae_non_fe_test": 0.272781017352979,
  "r2_non_fe_test": 0.8258480371462146,
  "mae_fe_test": 0.24634671842768027,
  "r2_fe_test": 0.7799391027692064,
  "run_time_sec": 2.2162528038024902,
  "sequence": [
    "N0",
    "N2",
    "N8",
    "N9"
  ],
  "timestamp": "2025-10-07 00:13:47",
  "execution_times": {
    "N0": 0.26811671257019043,
    "N2": 0.07335782051086426,
    "N8": 1.8709964752197266,
    "N9": 4.76837158203125e-06
  },
  "total_execution_time": 2.2124757766723633
}