{
  "mae_non_fe_test": 0.3041642397336863,
  "r2_non_fe_test": 0.7965777822654333,
  "mae_fe_test": 0.22003976656396557,
  "r2_fe_test": 0.8361755695455105,
  "run_time_sec": 5.244444847106934,
  "sequence": [
    "N0",
    "N2",
    "N1",
    "N4",
    "N6",
    "N8",
    "N9"
  ],
  "timestamp": "2025-10-07 00:06:29",
  "execution_times": {
    "N0": 0.2567756175994873,
    "N2": 0.06866598129272461,
    "N1": 0.030370473861694336,
    "N4": 0.014218330383300781,
    "N6": 0.0070858001708984375,
    "N8": 4.864846229553223,
    "N9": 4.0531158447265625e-06
  },
  "total_execution_time": 5.241966485977173
}