{
  "mae_non_fe_test": 0.2834644448401356,
  "r2_non_fe_test": 0.7912433110562535,
  "mae_fe_test": 0.3187228985262095,
  "r2_fe_test": 0.7167119565127138,
  "run_time_sec": 12.523620843887329,
  "sequence": [
    "N0",
    "N2",
    "N3",
    "N7",
    "N6",
    "N1",
    "N8",
    "N9"
  ],
  "timestamp": "2025-10-12 00:45:37",
  "execution_times": {
    "N0": 0.3477487564086914,
    "N2": 0.13073968887329102,
    "N3": 0.07654976844787598,
    "N7": 0.017214059829711914,
    "N6": 0.01569056510925293,
    "N1": 0.038390159606933594,
    "N8": 11.89193844795227,
    "N9": 0.0006303787231445312
  },
  "total_execution_time": 12.518901824951172
}