{
  "mae_non_fe_test": 0.26220076370526535,
  "r2_non_fe_test": 0.8331271709755839,
  "mae_fe_test": 0.24625814312335165,
  "r2_fe_test": 0.7986519178302892,
  "run_time_sec": 11.20384430885315,
  "sequence": [
    "N0",
    "N2",
    "N1",
    "N8",
    "N9"
  ],
  "timestamp": "2025-10-07 00:19:33",
  "execution_times": {
    "N0": 0.21517229080200195,
    "N2": 0.057952165603637695,
    "N1": 0.05074501037597656,
    "N8": 10.878561019897461,
    "N9": 2.384185791015625e-06
  },
  "total_execution_time": 11.202432870864868
}