{
  "mae_non_fe_test": 0.26326353189562995,
  "r2_non_fe_test": 0.8377553871544372,
  "mae_fe_test": 0.24851362544375566,
  "r2_fe_test": 0.8048399881375747,
  "run_time_sec": 2.601349115371704,
  "sequence": [
    "N0",
    "N2",
    "N5",
    "N3",
    "N4",
    "N7",
    "N8",
    "N9"
  ],
  "timestamp": "2025-10-07 00:49:57",
  "execution_times": {
    "N0": 0.6343803405761719,
    "N2": 0.0926826000213623,
    "N5": 0.0006597042083740234,
    "N3": 0.013578176498413086,
    "N4": 0.018617630004882812,
    "N7": 0.014355659484863281,
    "N8": 1.8213348388671875,
    "N9": 0.0008883476257324219
  },
  "total_execution_time": 2.5964972972869873
}