{
  "mae_non_fe_test": 0.28591920020194783,
  "r2_non_fe_test": 0.8277274394151122,
  "mae_fe_test": 0.18510424640852247,
  "r2_fe_test": 0.860879319920997,
  "run_time_sec": 1.296191930770874,
  "sequence": [
    "N0",
    "N2",
    "N4",
    "N3",
    "N8",
    "N9"
  ],
  "timestamp": "2025-10-07 00:10:23",
  "execution_times": {
    "N0": 0.2620582580566406,
    "N2": 0.06829547882080078,
    "N4": 0.014492511749267578,
    "N3": 0.04283404350280762,
    "N8": 0.9041061401367188,
    "N9": 9.059906005859375e-06
  },
  "total_execution_time": 1.2917954921722412
}