{
  "mae_non_fe_test": 0.25510860560185983,
  "r2_non_fe_test": 0.8383594444486792,
  "mae_fe_test": 0.22650377393024443,
  "r2_fe_test": 0.8284841075190713,
  "run_time_sec": 14.819663524627686,
  "sequence": [
    "N0",
    "N2",
    "N1",
    "N8",
    "N9"
  ],
  "timestamp": "2025-10-07 00:38:13",
  "execution_times": {
    "N0": 0.2754082679748535,
    "N2": 0.0950772762298584,
    "N1": 0.07186174392700195,
    "N8": 14.37433648109436,
    "N9": 0.0006310939788818359
  },
  "total_execution_time": 14.817314863204956
}