{
  "mae_non_fe_test": 0.328031638570411,
  "r2_non_fe_test": 0.739786994216307,
  "mae_fe_test": 0.1853539258794284,
  "r2_fe_test": 0.8456480184035781,
  "run_time_sec": 2.7099146842956543,
  "sequence": [
    "N0",
    "N2",
    "N7",
    "N3",
    "N6",
    "N5",
    "N1",
    "N4",
    "N8",
    "N9"
  ],
  "timestamp": "2025-10-07 00:52:27",
  "execution_times": {
    "N0": 0.7171840667724609,
    "N2": 0.11612057685852051,
    "N7": 0.10724377632141113,
    "N3": 0.07676410675048828,
    "N6": 0.009736061096191406,
    "N5": 0.001003265380859375,
    "N1": 0.02797555923461914,
    "N4": 0.009602785110473633,
    "N8": 1.639192819595337,
    "N9": 0.000736236572265625
  },
  "total_execution_time": 2.705559253692627
}