{
  "mae_non_fe_test": 0.2677916535223254,
  "r2_non_fe_test": 0.831981248123708,
  "mae_fe_test": 0.18400876015780354,
  "r2_fe_test": 0.8447361179721953,
  "run_time_sec": 2.8291711807250977,
  "sequence": [
    "N0",
    "N2",
    "N7",
    "N5",
    "N8",
    "N9"
  ],
  "timestamp": "2025-10-07 00:56:10",
  "execution_times": {
    "N0": 0.2467041015625,
    "N2": 0.07833313941955566,
    "N7": 0.018557071685791016,
    "N5": 0.0004944801330566406,
    "N8": 2.4815611839294434,
    "N9": 0.0007169246673583984
  },
  "total_execution_time": 2.826366901397705
}