{
  "mae_non_fe_test": 0.3046457775076983,
  "r2_non_fe_test": 0.7835411993861334,
  "mae_fe_test": 0.1963382590549031,
  "r2_fe_test": 0.8689261530944139,
  "run_time_sec": 1.7384068965911865,
  "sequence": [
    "N0",
    "N2",
    "N1",
    "N7",
    "N6",
    "N5",
    "N3",
    "N4",
    "N8",
    "N9"
  ],
  "timestamp": "2025-10-07 00:48:01",
  "execution_times": {
    "N0": 0.49662256240844727,
    "N2": 0.07930564880371094,
    "N1": 0.030080795288085938,
    "N7": 0.012654542922973633,
    "N6": 0.011818885803222656,
    "N5": 0.0006070137023925781,
    "N3": 0.052748918533325195,
    "N4": 0.014916658401489258,
    "N8": 1.0335137844085693,
    "N9": 0.0007882118225097656
  },
  "total_execution_time": 1.7330570220947266
}