{
  "mae_non_fe_test": 0.2994516189974589,
  "r2_non_fe_test": 0.8079824435920197,
  "mae_fe_test": 0.2039618354862107,
  "r2_fe_test": 0.8301422572824728,
  "run_time_sec": 2.0302209854125977,
  "sequence": [
    "N0",
    "N2",
    "N7",
    "N8",
    "N9"
  ],
  "timestamp": "2025-10-07 00:15:10",
  "execution_times": {
    "N0": 0.2332611083984375,
    "N2": 0.06287837028503418,
    "N7": 0.04940199851989746,
    "N8": 1.6821398735046387,
    "N9": 5.245208740234375e-06
  },
  "total_execution_time": 2.027686595916748
}