{
  "mae_non_fe_test": 0.4461927911871385,
  "r2_non_fe_test": 0.6860179351812117,
  "mae_fe_test": 0.2789948602347523,
  "r2_fe_test": 0.7445978857873277,
  "run_time_sec": 0.668947696685791,
  "sequence": [
    "N0",
    "N2",
    "N1",
    "N3",
    "N6",
    "N7",
    "N8",
    "N9"
  ],
  "timestamp": "2025-09-01 10:25:27",
  "execution_times": {
    "N0": 0.23681855201721191,
    "N2": 0.06323599815368652,
    "N1": 0.0274655818939209,
    "N3": 0.036362409591674805,
    "N6": 0.008209943771362305,
    "N7": 0.0050351619720458984,
    "N8": 0.28931140899658203,
    "N9": 0.0
  },
  "total_execution_time": 0.6664390563964844
}