{
  "mae_non_fe_test": 0.27777287041562354,
  "r2_non_fe_test": 0.8330998928924234,
  "mae_fe_test": 0.21167660100041616,
  "r2_fe_test": 0.8233965584523739,
  "run_time_sec": 8.130251169204712,
  "sequence": [
    "N0",
    "N2",
    "N8",
    "N9"
  ],
  "timestamp": "2025-10-07 00:52:39",
  "execution_times": {
    "N0": 0.481067419052124,
    "N2": 0.07177042961120605,
    "N8": 7.575024604797363,
    "N9": 0.0005919933319091797
  },
  "total_execution_time": 8.128454446792603
}