{
  "mae_non_fe_test": 0.2808928841892004,
  "r2_non_fe_test": 0.8238179542174289,
  "mae_fe_test": 0.18131780641205641,
  "r2_fe_test": 0.8775470403418506,
  "run_time_sec": 1.1213757991790771,
  "sequence": [
    "N0",
    "N2",
    "N4",
    "N3",
    "N1",
    "N8",
    "N9"
  ],
  "timestamp": "2025-10-07 00:05:44",
  "execution_times": {
    "N0": 0.24387526512145996,
    "N2": 0.06313419342041016,
    "N4": 0.013245344161987305,
    "N3": 0.039676666259765625,
    "N1": 0.06253719329833984,
    "N8": 0.6945874691009521,
    "N9": 7.152557373046875e-06
  },
  "total_execution_time": 1.117063283920288
}