{
  "mae_non_fe_test": 0.2813348001674172,
  "r2_non_fe_test": 0.8263788698389241,
  "mae_fe_test": 0.27861346250466623,
  "r2_fe_test": 0.7768508522612207,
  "run_time_sec": 5.994813680648804,
  "sequence": [
    "N0",
    "N2",
    "N1",
    "N6",
    "N5",
    "N8",
    "N9"
  ],
  "timestamp": "2025-10-07 01:09:17",
  "execution_times": {
    "N0": 0.22937393188476562,
    "N2": 0.06784272193908691,
    "N1": 0.05464315414428711,
    "N6": 0.005966901779174805,
    "N5": 0.0006730556488037109,
    "N8": 5.633530139923096,
    "N9": 0.0005438327789306641
  },
  "total_execution_time": 5.9925737380981445
}