{
  "mae_non_fe_test": 0.28013698207498544,
  "r2_non_fe_test": 0.8218867910724174,
  "mae_fe_test": 0.196394125260139,
  "r2_fe_test": 0.8369121144914377,
  "run_time_sec": 2.6435775756835938,
  "sequence": [
    "N0",
    "N2",
    "N8",
    "N9"
  ],
  "timestamp": "2025-10-07 00:22:38",
  "execution_times": {
    "N0": 0.4122629165649414,
    "N2": 0.06442594528198242,
    "N8": 2.164459228515625,
    "N9": 3.814697265625e-06
  },
  "total_execution_time": 2.6411519050598145
}