{
  "mae_non_fe_test": 0.708539019946407,
  "r2_non_fe_test": 0.03100362644262844,
  "mae_fe_test": 0.5497502107708336,
  "r2_fe_test": 0.17036715698207072,
  "run_time_sec": 0.795159101486206,
  "sequence": [
    "N0",
    "N2",
    "N4",
    "N5",
    "N6",
    "N7",
    "N1",
    "N8",
    "N9"
  ],
  "timestamp": "2025-10-07 00:57:02",
  "execution_times": {
    "N0": 0.2571420669555664,
    "N2": 0.07245707511901855,
    "N4": 0.015731334686279297,
    "N5": 0.0005826950073242188,
    "N6": 0.014656782150268555,
    "N7": 0.0031571388244628906,
    "N1": 0.0020754337310791016,
    "N8": 0.42586731910705566,
    "N9": 0.0008056163787841797
  },
  "total_execution_time": 0.7924754619598389
}