{
  "mae_non_fe_test": 0.2645726437389342,
  "r2_non_fe_test": 0.8278748462452109,
  "mae_fe_test": 0.2292273736013693,
  "r2_fe_test": 0.8127234691067398,
  "run_time_sec": 12.066861152648926,
  "sequence": [
    "N0",
    "N2",
    "N1",
    "N8",
    "N9"
  ],
  "timestamp": "2025-10-07 00:25:30",
  "execution_times": {
    "N0": 0.3932008743286133,
    "N2": 0.05559253692626953,
    "N1": 0.04814481735229492,
    "N8": 11.568280935287476,
    "N9": 3.337860107421875e-06
  },
  "total_execution_time": 12.06522250175476
}