{
  "mae_non_fe_test": null,
  "r2_non_fe_test": null,
  "mae_fe_test": null,
  "r2_fe_test": null,
  "run_time_sec": 0.2915639877319336,
  "sequence": [
    "N0",
    "N2",
    "N8",
    "N9"
  ],
  "timestamp": "2025-10-07 00:22:05",
  "execution_times": {
    "N0": 0.2280893325805664,
    "N2": 0.05821061134338379,
    "N8": 0.004996061325073242,
    "N9": 8.58306884765625e-06
  },
  "total_execution_time": 0.2913045883178711,
  "error": "The 'y_pred' parameter of mean_absolute_error must be an array-like. Got None instead."
}