{
  "mae_non_fe_test": 0.31150845493588614,
  "r2_non_fe_test": 0.7977250683361305,
  "mae_fe_test": 0.18790738102497823,
  "r2_fe_test": 0.8437346473382334,
  "run_time_sec": 1.559565544128418,
  "sequence": [
    "N0",
    "N2",
    "N4",
    "N6",
    "N7",
    "N5",
    "N3",
    "N8",
    "N9"
  ],
  "timestamp": "2025-10-07 01:07:03",
  "execution_times": {
    "N0": 0.3136894702911377,
    "N2": 0.4165980815887451,
    "N4": 0.01546025276184082,
    "N6": 0.007269382476806641,
    "N7": 0.0067026615142822266,
    "N5": 0.00046896934509277344,
    "N3": 0.02118825912475586,
    "N8": 0.7727077007293701,
    "N9": 0.0007228851318359375
  },
  "total_execution_time": 1.5548076629638672
}