{
  "mae_non_fe_test": 0.26905176077186616,
  "r2_non_fe_test": 0.8407442217455006,
  "mae_fe_test": 0.23021838999072505,
  "r2_fe_test": 0.8053454502679542,
  "run_time_sec": 1.2937772274017334,
  "sequence": [
    "N0",
    "N2",
    "N1",
    "N8",
    "N9"
  ],
  "timestamp": "2025-10-07 00:07:15",
  "execution_times": {
    "N0": 0.27613115310668945,
    "N2": 0.06857752799987793,
    "N1": 0.05722999572753906,
    "N8": 0.8878731727600098,
    "N9": 6.67572021484375e-06
  },
  "total_execution_time": 1.289818525314331
}