{
  "mae_non_fe_test": 0.3161574222111303,
  "r2_non_fe_test": 0.7675092173291008,
  "mae_fe_test": 0.20298652014841914,
  "r2_fe_test": 0.8283406467722965,
  "run_time_sec": 2.0680618286132812,
  "sequence": [
    "N0",
    "N2",
    "N4",
    "N8",
    "N9"
  ],
  "timestamp": "2025-10-07 00:12:32",
  "execution_times": {
    "N0": 0.22912240028381348,
    "N2": 0.05998802185058594,
    "N4": 0.012523651123046875,
    "N8": 1.763913869857788,
    "N9": 5.4836273193359375e-06
  },
  "total_execution_time": 2.0655534267425537
}