{
  "mae_non_fe_test": 0.44619279118713845,
  "r2_non_fe_test": 0.6860179351812117,
  "mae_fe_test": 0.2789948602347523,
  "r2_fe_test": 0.7445978857873277,
  "run_time_sec": 0.6135423183441162,
  "sequence": [
    "N0",
    "N2",
    "N1",
    "N3",
    "N6",
    "N7",
    "N8",
    "N9"
  ],
  "timestamp": "2025-09-01 10:19:25",
  "execution_times": {
    "N0": 0.22824311256408691,
    "N2": 0.06137561798095703,
    "N1": 0.020235300064086914,
    "N3": 0.030282974243164062,
    "N6": 0.0,
    "N7": 0.010003805160522461,
    "N8": 0.24588823318481445,
    "N9": 0.0
  },
  "total_execution_time": 0.5960290431976318
}