{
  "mae_non_fe_test": 0.26794761181775245,
  "r2_non_fe_test": 0.831380583410994,
  "mae_fe_test": 0.18416911717569168,
  "r2_fe_test": 0.844778984331078,
  "run_time_sec": 2.959681987762451,
  "sequence": [
    "N0",
    "N2",
    "N7",
    "N8",
    "N9"
  ],
  "timestamp": "2025-10-07 00:33:21",
  "execution_times": {
    "N0": 0.3332498073577881,
    "N2": 0.08182692527770996,
    "N7": 0.019670724868774414,
    "N8": 2.521812677383423,
    "N9": 0.0007042884826660156
  },
  "total_execution_time": 2.9572644233703613
}