{
  "mae_non_fe_test": 0.2809593317235632,
  "r2_non_fe_test": 0.8210178260210654,
  "mae_fe_test": 0.19952921580069397,
  "r2_fe_test": 0.8338596918693996,
  "run_time_sec": 2.4398539066314697,
  "sequence": [
    "N0",
    "N2",
    "N8",
    "N9"
  ],
  "timestamp": "2025-10-07 00:13:57",
  "execution_times": {
    "N0": 0.23149991035461426,
    "N2": 0.06448841094970703,
    "N8": 2.1410207748413086,
    "N9": 5.245208740234375e-06
  },
  "total_execution_time": 2.43701434135437
}