{
  "mae_non_fe_test": 0.2775529154355708,
  "r2_non_fe_test": 0.8254562060362929,
  "mae_fe_test": 0.20557476727739304,
  "r2_fe_test": 0.8406990375260026,
  "run_time_sec": 2.532341241836548,
  "sequence": [
    "N0",
    "N2",
    "N7",
    "N1",
    "N6",
    "N4",
    "N5",
    "N8",
    "N9"
  ],
  "timestamp": "2025-10-07 00:50:59",
  "execution_times": {
    "N0": 0.26171016693115234,
    "N2": 0.08080697059631348,
    "N7": 0.023852109909057617,
    "N1": 0.04558205604553223,
    "N6": 0.010959625244140625,
    "N4": 0.013912200927734375,
    "N5": 0.0006020069122314453,
    "N8": 2.090830087661743,
    "N9": 0.0007293224334716797
  },
  "total_execution_time": 2.528984546661377
}