{
  "mae_non_fe_test": 0.29761595169083205,
  "r2_non_fe_test": 0.8117959737590911,
  "mae_fe_test": 0.20668464000767647,
  "r2_fe_test": 0.8281942489480671,
  "run_time_sec": 2.170816421508789,
  "sequence": [
    "N0",
    "N2",
    "N7",
    "N1",
    "N5",
    "N4",
    "N8",
    "N9"
  ],
  "timestamp": "2025-10-07 00:42:00",
  "execution_times": {
    "N0": 0.25504040718078613,
    "N2": 0.07229089736938477,
    "N7": 0.0521550178527832,
    "N1": 0.01080632209777832,
    "N5": 0.0005710124969482422,
    "N4": 0.011489629745483398,
    "N8": 1.7645578384399414,
    "N9": 0.0008285045623779297
  },
  "total_execution_time": 2.1677396297454834
}