{
  "mae_non_fe_test": 0.2612717210898544,
  "r2_non_fe_test": 0.8488825020561952,
  "mae_fe_test": 0.22148209123315385,
  "r2_fe_test": 0.8324254997999478,
  "run_time_sec": 1.6699786186218262,
  "sequence": [
    "N0",
    "N2",
    "N8",
    "N9"
  ],
  "timestamp": "2025-10-07 00:14:03",
  "execution_times": {
    "N0": 0.2543771266937256,
    "N2": 0.08140158653259277,
    "N8": 1.329944372177124,
    "N9": 6.198883056640625e-06
  },
  "total_execution_time": 1.665729284286499
}