{
  "mae_non_fe_test": 0.2535726180293398,
  "r2_non_fe_test": 0.8418595542610553,
  "mae_fe_test": 0.2827779367792912,
  "r2_fe_test": 0.7827739171318162,
  "run_time_sec": 16.43734622001648,
  "sequence": [
    "N0",
    "N2",
    "N5",
    "N7",
    "N4",
    "N8",
    "N9"
  ],
  "timestamp": "2025-10-07 00:48:18",
  "execution_times": {
    "N0": 0.2889409065246582,
    "N2": 0.08617448806762695,
    "N5": 0.0006537437438964844,
    "N7": 0.024319171905517578,
    "N4": 0.013593196868896484,
    "N8": 16.021012544631958,
    "N9": 0.0004649162292480469
  },
  "total_execution_time": 16.4351589679718
}