{
  "mae_non_fe_test": 0.2535726180293398,
  "r2_non_fe_test": 0.8418595542610553,
  "mae_fe_test": 0.2827779367792912,
  "r2_fe_test": 0.7827739171318162,
  "run_time_sec": 15.5713951587677,
  "sequence": [
    "N0",
    "N2",
    "N5",
    "N7",
    "N4",
    "N8",
    "N9"
  ],
  "timestamp": "2025-10-07 01:12:55",
  "execution_times": {
    "N0": 0.5014007091522217,
    "N2": 0.06848812103271484,
    "N5": 0.0005593299865722656,
    "N7": 0.01938486099243164,
    "N4": 0.011337995529174805,
    "N8": 14.967723369598389,
    "N9": 0.0004131793975830078
  },
  "total_execution_time": 15.569307565689087
}