{
  "mae_non_fe_test": 0.7100984858113675,
  "r2_non_fe_test": 0.1208058390350637,
  "mae_fe_test": 0.32315416258116336,
  "r2_fe_test": 0.2669373133368541,
  "run_time_sec": 0.781003475189209,
  "sequence": [
    "N0",
    "N2",
    "N1",
    "N6",
    "N3",
    "N4",
    "N7",
    "N8",
    "N9"
  ],
  "timestamp": "2025-10-07 00:21:51",
  "execution_times": {
    "N0": 0.23197531700134277,
    "N2": 0.06257152557373047,
    "N1": 0.05436444282531738,
    "N6": 0.011153697967529297,
    "N3": 0.0007112026214599609,
    "N4": 0.0006303787231445312,
    "N7": 0.003297090530395508,
    "N8": 0.41252923011779785,
    "N9": 3.814697265625e-06
  },
  "total_execution_time": 0.7772367000579834
}