{
  "mae_non_fe_test": 0.26891694777733793,
  "r2_non_fe_test": 0.8309495541278284,
  "mae_fe_test": 0.18646202380411092,
  "r2_fe_test": 0.8431168623354159,
  "run_time_sec": 3.0562987327575684,
  "sequence": [
    "N0",
    "N2",
    "N7",
    "N8",
    "N9"
  ],
  "timestamp": "2025-10-07 00:04:13",
  "execution_times": {
    "N0": 0.34879493713378906,
    "N2": 0.08624148368835449,
    "N7": 0.022705793380737305,
    "N8": 2.5960280895233154,
    "N9": 5.0067901611328125e-06
  },
  "total_execution_time": 3.0537753105163574
}