{
  "mae_non_fe_test": 0.2773634444437631,
  "r2_non_fe_test": 0.8432229501519579,
  "mae_fe_test": 0.2206506908962472,
  "r2_fe_test": 0.8144696670906539,
  "run_time_sec": 1.3813810348510742,
  "sequence": [
    "N0",
    "N2",
    "N8",
    "N9"
  ],
  "timestamp": "2025-10-07 00:42:03",
  "execution_times": {
    "N0": 0.30404138565063477,
    "N2": 0.08210110664367676,
    "N8": 0.9907793998718262,
    "N9": 0.0007541179656982422
  },
  "total_execution_time": 1.377676010131836
}