{
  "mae_non_fe_test": 0.2975544787021136,
  "r2_non_fe_test": 0.812828238909168,
  "mae_fe_test": 0.19738212948378014,
  "r2_fe_test": 0.8339572573836216,
  "run_time_sec": 1.9667847156524658,
  "sequence": [
    "N0",
    "N2",
    "N8",
    "N9"
  ],
  "timestamp": "2025-10-07 00:05:48",
  "execution_times": {
    "N0": 0.3921990394592285,
    "N2": 0.05454611778259277,
    "N8": 1.517726182937622,
    "N9": 4.5299530029296875e-06
  },
  "total_execution_time": 1.9644758701324463
}