{
  "mae_non_fe_test": 0.7108908904410147,
  "r2_non_fe_test": 0.01820601019874668,
  "mae_fe_test": 0.5482698462115064,
  "r2_fe_test": 0.177142807925304,
  "run_time_sec": 1.0593976974487305,
  "sequence": [
    "N0",
    "N2",
    "N4",
    "N6",
    "N7",
    "N3",
    "N1",
    "N8",
    "N9"
  ],
  "timestamp": "2025-10-07 00:58:18",
  "execution_times": {
    "N0": 0.37451791763305664,
    "N2": 0.10183000564575195,
    "N4": 0.021239042282104492,
    "N6": 0.017909526824951172,
    "N7": 0.006449699401855469,
    "N3": 0.002050638198852539,
    "N1": 0.005665779113769531,
    "N8": 0.5253252983093262,
    "N9": 0.0006728172302246094
  },
  "total_execution_time": 1.0556607246398926
}