{
  "mae_non_fe_test": 0.2529434226550535,
  "r2_non_fe_test": 0.8396975208136331,
  "mae_fe_test": 0.20800877634214157,
  "r2_fe_test": 0.8429097521277749,
  "run_time_sec": 19.70198941230774,
  "sequence": [
    "N0",
    "N2",
    "N7",
    "N4",
    "N8",
    "N9"
  ],
  "timestamp": "2025-10-07 00:36:52",
  "execution_times": {
    "N0": 0.47553491592407227,
    "N2": 0.07202792167663574,
    "N7": 0.05029773712158203,
    "N4": 0.011996984481811523,
    "N8": 19.089176654815674,
    "N9": 0.0006785392761230469
  },
  "total_execution_time": 19.6997127532959
}