{
  "mae_non_fe_test": 0.2720614117850773,
  "r2_non_fe_test": 0.8411649837180797,
  "mae_fe_test": 0.22211147778470308,
  "r2_fe_test": 0.8244492069270217,
  "run_time_sec": 0.961561918258667,
  "sequence": [
    "N0",
    "N2",
    "N1",
    "N8",
    "N9"
  ],
  "timestamp": "2025-10-07 00:06:12",
  "execution_times": {
    "N0": 0.21152019500732422,
    "N2": 0.0583651065826416,
    "N1": 0.052117109298706055,
    "N8": 0.6353201866149902,
    "N9": 7.3909759521484375e-06
  },
  "total_execution_time": 0.9573299884796143
}