{
  "mae_non_fe_test": 0.8070250233357865,
  "r2_non_fe_test": -0.3581970991729997,
  "mae_fe_test": 0.8975003252987244,
  "r2_fe_test": -1.3866624165153634,
  "run_time_sec": 1.686375617980957,
  "sequence": [
    "N0",
    "N2",
    "N5",
    "N4",
    "N3",
    "N1",
    "N6",
    "N7",
    "N8",
    "N9"
  ],
  "timestamp": "2025-10-07 00:45:11",
  "execution_times": {
    "N0": 0.5018813610076904,
    "N2": 0.08397579193115234,
    "N5": 0.0005419254302978516,
    "N4": 0.0181119441986084,
    "N3": 0.010948896408081055,
    "N1": 0.011898994445800781,
    "N6": 0.016550540924072266,
    "N7": 0.0027666091918945312,
    "N8": 1.036012887954712,
    "N9": 0.0006349086761474609
  },
  "total_execution_time": 1.683323860168457
}