{
  "mae_non_fe_test": null,
  "r2_non_fe_test": null,
  "mae_fe_test": null,
  "r2_fe_test": null,
  "run_time_sec": 0.3049149513244629,
  "sequence": [
    "N0",
    "N2",
    "N8",
    "N9"
  ],
  "timestamp": "2025-10-07 00:21:19",
  "execution_times": {
    "N0": 0.23347735404968262,
    "N2": 0.0649569034576416,
    "N8": 0.0062825679779052734,
    "N9": 2.86102294921875e-06
  },
  "total_execution_time": 0.3047196865081787,
  "error": "The 'y_pred' parameter of mean_absolute_error must be an array-like. Got None instead."
}