{
  "mae_non_fe_test": 0.292150210197905,
  "r2_non_fe_test": 0.8105531640564826,
  "mae_fe_test": 0.25721210603932104,
  "r2_fe_test": 0.8063833057800558,
  "run_time_sec": 5.762916803359985,
  "sequence": [
    "N0",
    "N2",
    "N1",
    "N7",
    "N6",
    "N5",
    "N8",
    "N9"
  ],
  "timestamp": "2025-10-07 01:14:01",
  "execution_times": {
    "N0": 0.33087849617004395,
    "N2": 0.10141158103942871,
    "N1": 0.04242515563964844,
    "N7": 0.019324064254760742,
    "N6": 0.009435892105102539,
    "N5": 0.000949859619140625,
    "N8": 5.255258083343506,
    "N9": 0.0005984306335449219
  },
  "total_execution_time": 5.760281562805176
}