{
  "mae_non_fe_test": 0.2803043096071186,
  "r2_non_fe_test": 0.8298739598934909,
  "mae_fe_test": 0.23792767899364597,
  "r2_fe_test": 0.8230451186623402,
  "run_time_sec": 1.0875298976898193,
  "sequence": [
    "N0",
    "N2",
    "N8",
    "N9"
  ],
  "timestamp": "2025-10-07 00:19:45",
  "execution_times": {
    "N0": 0.19604134559631348,
    "N2": 0.05707144737243652,
    "N8": 0.8307344913482666,
    "N9": 5.0067901611328125e-06
  },
  "total_execution_time": 1.0838522911071777
}