{
  "mae_non_fe_test": 0.31768333627989886,
  "r2_non_fe_test": 0.7983401427995294,
  "mae_fe_test": 0.1903535003769335,
  "r2_fe_test": 0.8399081281984072,
  "run_time_sec": 1.2634549140930176,
  "sequence": [
    "N0",
    "N2",
    "N1",
    "N5",
    "N6",
    "N7",
    "N8",
    "N9"
  ],
  "timestamp": "2025-10-07 00:55:23",
  "execution_times": {
    "N0": 0.25892138481140137,
    "N2": 0.08094573020935059,
    "N1": 0.026096582412719727,
    "N5": 0.0006284713745117188,
    "N6": 0.005854368209838867,
    "N7": 0.00786137580871582,
    "N8": 0.8782074451446533,
    "N9": 0.0007603168487548828
  },
  "total_execution_time": 1.2592756748199463
}