{
  "mae_non_fe_test": 0.2681584624541608,
  "r2_non_fe_test": 0.8309081649799697,
  "mae_fe_test": 0.18794418188303175,
  "r2_fe_test": 0.8440362924404667,
  "run_time_sec": 3.426236391067505,
  "sequence": [
    "N0",
    "N2",
    "N1",
    "N7",
    "N8",
    "N9"
  ],
  "timestamp": "2025-10-07 00:09:50",
  "execution_times": {
    "N0": 0.31629467010498047,
    "N2": 0.08992815017700195,
    "N1": 0.0764920711517334,
    "N7": 0.048599958419799805,
    "N8": 2.8915374279022217,
    "N9": 8.106231689453125e-06
  },
  "total_execution_time": 3.4228603839874268
}