{
  "mae_non_fe_test": 0.2809644371804105,
  "r2_non_fe_test": 0.8324291835321909,
  "mae_fe_test": 0.23316131843026983,
  "r2_fe_test": 0.819626148993569,
  "run_time_sec": 0.8812360763549805,
  "sequence": [
    "N0",
    "N2",
    "N1",
    "N8",
    "N9"
  ],
  "timestamp": "2025-10-07 00:19:51",
  "execution_times": {
    "N0": 0.18750619888305664,
    "N2": 0.052907705307006836,
    "N1": 0.022554874420166016,
    "N8": 0.6141235828399658,
    "N9": 4.76837158203125e-06
  },
  "total_execution_time": 0.8770971298217773
}