{
  "mae_non_fe_test": 0.27086384128244645,
  "r2_non_fe_test": 0.8356129988564187,
  "mae_fe_test": 0.22950842128084153,
  "r2_fe_test": 0.7990341701403424,
  "run_time_sec": 11.1527841091156,
  "sequence": [
    "N0",
    "N2",
    "N5",
    "N8",
    "N9"
  ],
  "timestamp": "2025-10-07 00:44:29",
  "execution_times": {
    "N0": 0.28692173957824707,
    "N2": 0.08426427841186523,
    "N5": 0.0008320808410644531,
    "N8": 10.778535604476929,
    "N9": 0.00036263465881347656
  },
  "total_execution_time": 11.150916337966919
}