{
  "mae_non_fe_test": 0.2616819835482928,
  "r2_non_fe_test": 0.8365838266732848,
  "mae_fe_test": 0.2530260845120274,
  "r2_fe_test": 0.7945107843415325,
  "run_time_sec": 2.1386313438415527,
  "sequence": [
    "N0",
    "N2",
    "N8",
    "N9"
  ],
  "timestamp": "2025-10-07 00:12:09",
  "execution_times": {
    "N0": 0.2450850009918213,
    "N2": 0.06432414054870605,
    "N8": 1.825329303741455,
    "N9": 9.5367431640625e-06
  },
  "total_execution_time": 2.1347479820251465
}