{
  "mae_non_fe_test": 0.27696238813424084,
  "r2_non_fe_test": 0.8264681872398445,
  "mae_fe_test": 0.18315219993659393,
  "r2_fe_test": 0.8444598736735736,
  "run_time_sec": 2.5402042865753174,
  "sequence": [
    "N0",
    "N2",
    "N8",
    "N9"
  ],
  "timestamp": "2025-10-07 00:45:30",
  "execution_times": {
    "N0": 0.2889554500579834,
    "N2": 0.08321261405944824,
    "N8": 2.1649415493011475,
    "N9": 0.0007050037384033203
  },
  "total_execution_time": 2.5378146171569824
}