{
  "mae_non_fe_test": 0.27071674623141856,
  "r2_non_fe_test": 0.8244692093846548,
  "mae_fe_test": 0.23784220880624285,
  "r2_fe_test": 0.8263803161679438,
  "run_time_sec": 14.009757995605469,
  "sequence": [
    "N0",
    "N2",
    "N8",
    "N9"
  ],
  "timestamp": "2025-10-07 01:13:30",
  "execution_times": {
    "N0": 0.29706621170043945,
    "N2": 0.08084535598754883,
    "N8": 13.6291344165802,
    "N9": 0.0005488395690917969
  },
  "total_execution_time": 14.00759482383728
}