{
  "mae_non_fe_test": 0.2722966575754423,
  "r2_non_fe_test": 0.8397952131819447,
  "mae_fe_test": 0.23608308264836536,
  "r2_fe_test": 0.8025026379271676,
  "run_time_sec": 1.7963099479675293,
  "sequence": [
    "N0",
    "N2",
    "N8",
    "N9"
  ],
  "timestamp": "2025-10-07 00:26:45",
  "execution_times": {
    "N0": 0.3336794376373291,
    "N2": 0.08066320419311523,
    "N8": 1.377579689025879,
    "N9": 5.245208740234375e-06
  },
  "total_execution_time": 1.7919275760650635
}