{
  "mae_non_fe_test": 0.2860470952175253,
  "r2_non_fe_test": 0.7144204876867115,
  "mae_fe_test": 0.20312946338918716,
  "r2_fe_test": 0.8322878440310831,
  "run_time_sec": 15.1221604347229,
  "sequence": [
    "N0",
    "N2",
    "N5",
    "N1",
    "N3",
    "N4",
    "N8",
    "N9"
  ],
  "timestamp": "2025-10-07 01:12:14",
  "execution_times": {
    "N0": 0.2876744270324707,
    "N2": 0.08852910995483398,
    "N5": 0.0006015300750732422,
    "N1": 0.06563806533813477,
    "N3": 0.015064001083374023,
    "N4": 0.017937898635864258,
    "N8": 14.643602132797241,
    "N9": 0.0003638267517089844
  },
  "total_execution_time": 15.119410991668701
}