{
  "mae_non_fe_test": 0.29399328417386744,
  "r2_non_fe_test": 0.8159197925747033,
  "mae_fe_test": 0.1870805608285997,
  "r2_fe_test": 0.8408610995275154,
  "run_time_sec": 2.2007381916046143,
  "sequence": [
    "N0",
    "N2",
    "N8",
    "N9"
  ],
  "timestamp": "2025-10-07 00:48:33",
  "execution_times": {
    "N0": 0.2866184711456299,
    "N2": 0.08705806732177734,
    "N8": 1.82322096824646,
    "N9": 0.0007719993591308594
  },
  "total_execution_time": 2.197669506072998
}