{
  "mae_non_fe_test": 0.2828437451461477,
  "r2_non_fe_test": 0.8264216321531499,
  "mae_fe_test": 0.18147311366946278,
  "r2_fe_test": 0.8497283167072307,
  "run_time_sec": 0.9463272094726562,
  "sequence": [
    "N0",
    "N2",
    "N4",
    "N8",
    "N9"
  ],
  "timestamp": "2025-10-07 00:52:17",
  "execution_times": {
    "N0": 0.31998133659362793,
    "N2": 0.08454442024230957,
    "N4": 0.018366336822509766,
    "N8": 0.5176434516906738,
    "N9": 0.0016505718231201172
  },
  "total_execution_time": 0.9421861171722412
}