{
  "mae_non_fe_test": 0.5418980673049673,
  "r2_non_fe_test": 0.43124402103021875,
  "mae_fe_test": 0.327629083496923,
  "r2_fe_test": 0.6881743741358868,
  "run_time_sec": 1.4862167835235596,
  "sequence": [
    "N0",
    "N2",
    "N4",
    "N6",
    "N3",
    "N8",
    "N9"
  ],
  "timestamp": "2025-10-07 00:58:25",
  "execution_times": {
    "N0": 0.5303304195404053,
    "N2": 0.09712719917297363,
    "N4": 0.020090579986572266,
    "N6": 0.008283615112304688,
    "N3": 0.009360790252685547,
    "N8": 0.814939022064209,
    "N9": 0.0009732246398925781
  },
  "total_execution_time": 1.481104850769043
}