{
  "mae_non_fe_test": 0.2830565641562312,
  "r2_non_fe_test": 0.8215634133839537,
  "mae_fe_test": 0.18372557056272282,
  "r2_fe_test": 0.8477188812126724,
  "run_time_sec": 2.38537335395813,
  "sequence": [
    "N0",
    "N2",
    "N4",
    "N7",
    "N3",
    "N8",
    "N9"
  ],
  "timestamp": "2025-10-07 00:07:13",
  "execution_times": {
    "N0": 0.2767524719238281,
    "N2": 0.06782722473144531,
    "N4": 0.017123937606811523,
    "N7": 0.020192861557006836,
    "N3": 0.050389766693115234,
    "N8": 1.9499316215515137,
    "N9": 4.5299530029296875e-06
  },
  "total_execution_time": 2.3822224140167236
}