{
  "mae_non_fe_test": 0.28362026775413135,
  "r2_non_fe_test": 0.7881983669399458,
  "mae_fe_test": 0.18248056999209541,
  "r2_fe_test": 0.8460521280764517,
  "run_time_sec": 3.485832691192627,
  "sequence": [
    "N0",
    "N2",
    "N4",
    "N5",
    "N1",
    "N8",
    "N9"
  ],
  "timestamp": "2025-10-07 00:57:09",
  "execution_times": {
    "N0": 0.5220708847045898,
    "N2": 0.08368539810180664,
    "N4": 0.02001643180847168,
    "N5": 0.0010488033294677734,
    "N1": 0.04811882972717285,
    "N8": 2.8064708709716797,
    "N9": 0.0008237361907958984
  },
  "total_execution_time": 3.4822349548339844
}