{
  "mae_non_fe_test": 0.4563323625813195,
  "r2_non_fe_test": 0.5512782806854457,
  "mae_fe_test": 0.21137406804866612,
  "r2_fe_test": 0.8227522245756836,
  "run_time_sec": 0.9663567543029785,
  "sequence": [
    "N0",
    "N2",
    "N1",
    "N7",
    "N6",
    "N3",
    "N4",
    "N8",
    "N9"
  ],
  "timestamp": "2025-10-07 00:07:01",
  "execution_times": {
    "N0": 0.23992347717285156,
    "N2": 0.06052231788635254,
    "N1": 0.02869129180908203,
    "N7": 0.005186319351196289,
    "N6": 0.009853601455688477,
    "N3": 0.0012819766998291016,
    "N4": 0.0014841556549072266,
    "N8": 0.6164906024932861,
    "N9": 9.059906005859375e-06
  },
  "total_execution_time": 0.9634428024291992
}