{
  "mae_non_fe_test": 0.2693811625121046,
  "r2_non_fe_test": 0.8297645699388173,
  "mae_fe_test": 0.17875456407270035,
  "r2_fe_test": 0.8642853606191709,
  "run_time_sec": 10.309082984924316,
  "sequence": [
    "N0",
    "N2",
    "N3",
    "N1",
    "N7",
    "N6",
    "N4",
    "N5",
    "N8",
    "N9"
  ],
  "timestamp": "2025-10-07 00:53:13",
  "execution_times": {
    "N0": 0.3032236099243164,
    "N2": 0.08083128929138184,
    "N3": 0.04624223709106445,
    "N1": 0.011856555938720703,
    "N7": 0.04034566879272461,
    "N6": 0.005486726760864258,
    "N4": 0.009667634963989258,
    "N5": 0.0006167888641357422,
    "N8": 9.807461738586426,
    "N9": 0.0004222393035888672
  },
  "total_execution_time": 10.306154489517212
}