{
  "mae_non_fe_test": 0.29046807263688035,
  "r2_non_fe_test": 0.8256248540583888,
  "mae_fe_test": 0.22545572368025843,
  "r2_fe_test": 0.8388850227130231,
  "run_time_sec": 1.912748098373413,
  "sequence": [
    "N0",
    "N2",
    "N8",
    "N9"
  ],
  "timestamp": "2025-10-07 00:36:07",
  "execution_times": {
    "N0": 0.545323371887207,
    "N2": 0.08767390251159668,
    "N8": 1.2737705707550049,
    "N9": 0.0008885860443115234
  },
  "total_execution_time": 1.9076564311981201
}