{
  "mae_non_fe_test": 0.2872985727734497,
  "r2_non_fe_test": 0.8027460290150703,
  "mae_fe_test": 0.18696464229498916,
  "r2_fe_test": 0.8473965308070357,
  "run_time_sec": 2.179570198059082,
  "sequence": [
    "N0",
    "N2",
    "N3",
    "N1",
    "N4",
    "N6",
    "N8",
    "N9"
  ],
  "timestamp": "2025-10-07 00:22:34",
  "execution_times": {
    "N0": 0.2637794017791748,
    "N2": 0.0716562271118164,
    "N3": 0.01352071762084961,
    "N1": 0.05152082443237305,
    "N4": 0.015163898468017578,
    "N6": 0.006461381912231445,
    "N8": 1.7528831958770752,
    "N9": 5.9604644775390625e-06
  },
  "total_execution_time": 2.1749916076660156
}