{
  "mae_non_fe_test": 0.27696238813424084,
  "r2_non_fe_test": 0.8264681872398445,
  "mae_fe_test": 0.18315219993659393,
  "r2_fe_test": 0.8444598736735736,
  "run_time_sec": 2.645672082901001,
  "sequence": [
    "N0",
    "N2",
    "N8",
    "N9"
  ],
  "timestamp": "2025-10-07 01:10:08",
  "execution_times": {
    "N0": 0.269087553024292,
    "N2": 0.07727265357971191,
    "N8": 2.2957162857055664,
    "N9": 0.0007472038269042969
  },
  "total_execution_time": 2.6428236961364746
}