{
  "mae_non_fe_test": 0.25478384331007153,
  "r2_non_fe_test": 0.8453974553363285,
  "mae_fe_test": 0.26535536530777687,
  "r2_fe_test": 0.797583664271658,
  "run_time_sec": 15.395482063293457,
  "sequence": [
    "N0",
    "N2",
    "N8",
    "N9"
  ],
  "timestamp": "2025-10-07 00:33:51",
  "execution_times": {
    "N0": 0.22117042541503906,
    "N2": 0.06583881378173828,
    "N8": 15.105391502380371,
    "N9": 0.0006220340728759766
  },
  "total_execution_time": 15.393022775650024
}