{
  "mae_non_fe_test": 0.2761842806867615,
  "r2_non_fe_test": 0.7838085016641925,
  "mae_fe_test": 0.22026092250406054,
  "r2_fe_test": 0.818404551819118,
  "run_time_sec": 12.120182752609253,
  "sequence": [
    "N0",
    "N2",
    "N4",
    "N8",
    "N9"
  ],
  "timestamp": "2025-10-07 01:10:03",
  "execution_times": {
    "N0": 0.24188733100891113,
    "N2": 0.06868982315063477,
    "N4": 0.015811681747436523,
    "N8": 11.791881084442139,
    "N9": 0.0003848075866699219
  },
  "total_execution_time": 12.118654727935791
}