{
  "mae_non_fe_test": 0.2608198225400939,
  "r2_non_fe_test": 0.841681073509439,
  "mae_fe_test": 0.2961416042740455,
  "r2_fe_test": 0.7494586275246075,
  "run_time_sec": 7.384803533554077,
  "sequence": [
    "N0",
    "N2",
    "N3",
    "N1",
    "N7",
    "N6",
    "N8",
    "N9"
  ],
  "timestamp": "2025-10-07 00:24:26",
  "execution_times": {
    "N0": 0.25647449493408203,
    "N2": 0.06574058532714844,
    "N3": 6.67572021484375e-06,
    "N1": 0.0309908390045166,
    "N7": 0.039170026779174805,
    "N6": 0.005733966827392578,
    "N8": 6.984078884124756,
    "N9": 2.384185791015625e-06
  },
  "total_execution_time": 7.382197856903076
}