{
  "mae_non_fe_test": 0.2984455478613384,
  "r2_non_fe_test": 0.8060223015725034,
  "mae_fe_test": 0.19921402210905712,
  "r2_fe_test": 0.8332541643640835,
  "run_time_sec": 2.3430254459381104,
  "sequence": [
    "N0",
    "N2",
    "N4",
    "N5",
    "N7",
    "N3",
    "N1",
    "N8",
    "N9"
  ],
  "timestamp": "2025-10-07 00:49:51",
  "execution_times": {
    "N0": 0.36046743392944336,
    "N2": 0.09555888175964355,
    "N4": 0.022229671478271484,
    "N5": 0.0006835460662841797,
    "N7": 0.054837703704833984,
    "N3": 0.053483009338378906,
    "N1": 0.017507076263427734,
    "N8": 1.7330570220947266,
    "N9": 0.0007710456848144531
  },
  "total_execution_time": 2.338595390319824
}