{
  "mae_non_fe_test": null,
  "r2_non_fe_test": null,
  "mae_fe_test": null,
  "r2_fe_test": null,
  "run_time_sec": 0.6110012531280518,
  "sequence": [
    "N0",
    "N2",
    "N4",
    "N8",
    "N9"
  ],
  "timestamp": "2025-10-07 00:25:12",
  "execution_times": {
    "N0": 0.5221617221832275,
    "N2": 0.07139348983764648,
    "N4": 0.014478445053100586,
    "N8": 0.002737283706665039,
    "N9": 2.384185791015625e-06
  },
  "total_execution_time": 0.6107733249664307,
  "error": "The 'y_pred' parameter of mean_absolute_error must be an array-like. Got None instead."
}