{
  "mae_non_fe_test": 0.29697887141767604,
  "r2_non_fe_test": 0.8139772932595672,
  "mae_fe_test": 0.20039632888337977,
  "r2_fe_test": 0.8321955780294803,
  "run_time_sec": 2.205594539642334,
  "sequence": [
    "N0",
    "N2",
    "N8",
    "N9"
  ],
  "timestamp": "2025-10-07 00:13:04",
  "execution_times": {
    "N0": 0.32935142517089844,
    "N2": 0.08150553703308105,
    "N8": 1.7923624515533447,
    "N9": 5.0067901611328125e-06
  },
  "total_execution_time": 2.2032244205474854
}