{
  "mae_non_fe_test": 0.2632051911455006,
  "r2_non_fe_test": 0.8404612990695988,
  "mae_fe_test": 0.2285014081023,
  "r2_fe_test": 0.8163642499191117,
  "run_time_sec": 14.216015100479126,
  "sequence": [
    "N0",
    "N2",
    "N1",
    "N8",
    "N9"
  ],
  "timestamp": "2025-10-07 00:43:28",
  "execution_times": {
    "N0": 0.4725162982940674,
    "N2": 0.07579684257507324,
    "N1": 0.06137204170227051,
    "N8": 13.603999137878418,
    "N9": 0.00046253204345703125
  },
  "total_execution_time": 14.214146852493286
}