{
  "mae_non_fe_test": 0.32403383032075045,
  "r2_non_fe_test": 0.8014379690764141,
  "mae_fe_test": 0.17181049686418245,
  "r2_fe_test": 0.8564656246329847,
  "run_time_sec": 0.7347054481506348,
  "sequence": [
    "N0",
    "N2",
    "N3",
    "N6",
    "N4",
    "N8",
    "N9"
  ],
  "timestamp": "2025-10-07 01:07:07",
  "execution_times": {
    "N0": 0.3087930679321289,
    "N2": 0.08771204948425293,
    "N3": 0.06045126914978027,
    "N6": 0.012890338897705078,
    "N4": 0.011694192886352539,
    "N8": 0.24792265892028809,
    "N9": 0.0008361339569091797
  },
  "total_execution_time": 0.730299711227417
}