{
  "mae_non_fe_test": 0.27696238813424084,
  "r2_non_fe_test": 0.8264681872398445,
  "mae_fe_test": 0.18315219993659385,
  "r2_fe_test": 0.8444598736735736,
  "run_time_sec": 2.8040668964385986,
  "sequence": [
    "N0",
    "N2",
    "N8",
    "N9"
  ],
  "timestamp": "2025-10-07 00:34:55",
  "execution_times": {
    "N0": 0.26789069175720215,
    "N2": 0.0752565860748291,
    "N8": 2.4535858631134033,
    "N9": 0.0010783672332763672
  },
  "total_execution_time": 2.797811508178711
}